{
	"credit": "Made with Blockbench",
	"textures": {
		"0": "blocks/brown",
		"1": "blocks/greyf",
		"2": "blocks/greyd",
		"3": "blocks/greyc",
		"4": "blocks/black",
		"5": "blocks/brass",
		"particle": "blocks/brown"
	},
	"elements": [
		{
			"from": [7.2, 4.8, 23],
			"to": [7.8, 7.7, 23.5],
			"rotation": {"angle": 0, "axis": "y", "origin": [8, 8, 21.5]},
			"faces": {
				"north": {"uv": [16, 0, 0, 16], "texture": "#0"},
				"east": {"uv": [16, 0, 0, 16], "texture": "#0"},
				"south": {"uv": [16, 0, 0, 16], "texture": "#0"},
				"west": {"uv": [16, 0, 0, 16], "texture": "#0"},
				"up": {"uv": [0, 16, 16, 0], "texture": "#0"},
				"down": {"uv": [0, 16, 16, 0], "texture": "#0"}
			}
		},
		{
			"from": [7.8, 5, 23],
			"to": [8, 7.5, 23.5],
			"rotation": {"angle": 0, "axis": "y", "origin": [8.6, 8.2, 21.5]},
			"faces": {
				"north": {"uv": [16, 0, 0, 16], "texture": "#0"},
				"east": {"uv": [16, 0, 0, 16], "texture": "#0"},
				"south": {"uv": [16, 0, 0, 16], "texture": "#0"},
				"west": {"uv": [16, 0, 0, 16], "texture": "#0"},
				"up": {"uv": [0, 16, 16, 0], "texture": "#0"},
				"down": {"uv": [0, 16, 16, 0], "texture": "#0"}
			}
		},
		{
			"from": [7, 5, 23],
			"to": [7.2, 7.5, 23.5],
			"rotation": {"angle": 0, "axis": "y", "origin": [7.8, 8.2, 21.5]},
			"faces": {
				"north": {"uv": [16, 0, 0, 16], "texture": "#0"},
				"east": {"uv": [16, 0, 0, 16], "texture": "#0"},
				"south": {"uv": [16, 0, 0, 16], "texture": "#0"},
				"west": {"uv": [16, 0, 0, 16], "texture": "#0"},
				"up": {"uv": [0, 16, 16, 0], "texture": "#0"},
				"down": {"uv": [0, 16, 16, 0], "texture": "#0"}
			}
		},
		{
			"from": [7.2, 4.7, 23.5],
			"to": [7.8, 7.7, 24],
			"rotation": {"angle": 0, "axis": "y", "origin": [8, 8, 21.5]},
			"faces": {
				"north": {"uv": [16, 0, 0, 16], "texture": "#0"},
				"east": {"uv": [16, 0, 0, 16], "texture": "#0"},
				"south": {"uv": [16, 0, 0, 16], "texture": "#0"},
				"west": {"uv": [16, 0, 0, 16], "texture": "#0"},
				"up": {"uv": [0, 16, 16, 0], "texture": "#0"},
				"down": {"uv": [0, 16, 16, 0], "texture": "#0"}
			}
		},
		{
			"from": [7.8, 4.9, 23.5],
			"to": [8, 7.5, 24],
			"rotation": {"angle": 0, "axis": "y", "origin": [8.6, 8.2, 21.5]},
			"faces": {
				"north": {"uv": [16, 0, 0, 16], "texture": "#0"},
				"east": {"uv": [16, 0, 0, 16], "texture": "#0"},
				"south": {"uv": [16, 0, 0, 16], "texture": "#0"},
				"west": {"uv": [16, 0, 0, 16], "texture": "#0"},
				"up": {"uv": [0, 16, 16, 0], "texture": "#0"},
				"down": {"uv": [0, 16, 16, 0], "texture": "#0"}
			}
		},
		{
			"from": [7, 4.9, 23.5],
			"to": [7.2, 7.5, 24],
			"rotation": {"angle": 0, "axis": "y", "origin": [7.8, 8.2, 21.5]},
			"faces": {
				"north": {"uv": [16, 0, 0, 16], "texture": "#0"},
				"east": {"uv": [16, 0, 0, 16], "texture": "#0"},
				"south": {"uv": [16, 0, 0, 16], "texture": "#0"},
				"west": {"uv": [16, 0, 0, 16], "texture": "#0"},
				"up": {"uv": [0, 16, 16, 0], "texture": "#0"},
				"down": {"uv": [0, 16, 16, 0], "texture": "#0"}
			}
		},
		{
			"from": [7.2, 4.6, 24],
			"to": [7.8, 7.7, 24.5],
			"rotation": {"angle": 0, "axis": "y", "origin": [8, 8, 21.5]},
			"faces": {
				"north": {"uv": [16, 0, 0, 16], "texture": "#0"},
				"east": {"uv": [16, 0, 0, 16], "texture": "#0"},
				"south": {"uv": [16, 0, 0, 16], "texture": "#0"},
				"west": {"uv": [16, 0, 0, 16], "texture": "#0"},
				"up": {"uv": [0, 16, 16, 0], "texture": "#0"},
				"down": {"uv": [0, 16, 16, 0], "texture": "#0"}
			}
		},
		{
			"from": [7.8, 4.8, 24],
			"to": [8, 7.5, 24.5],
			"rotation": {"angle": 0, "axis": "y", "origin": [8.6, 8.2, 21.5]},
			"faces": {
				"north": {"uv": [16, 0, 0, 16], "texture": "#0"},
				"east": {"uv": [16, 0, 0, 16], "texture": "#0"},
				"south": {"uv": [16, 0, 0, 16], "texture": "#0"},
				"west": {"uv": [16, 0, 0, 16], "texture": "#0"},
				"up": {"uv": [0, 16, 16, 0], "texture": "#0"},
				"down": {"uv": [0, 16, 16, 0], "texture": "#0"}
			}
		},
		{
			"from": [7, 4.8, 24],
			"to": [7.2, 7.5, 24.5],
			"rotation": {"angle": 0, "axis": "y", "origin": [7.8, 8.2, 21.5]},
			"faces": {
				"north": {"uv": [16, 0, 0, 16], "texture": "#0"},
				"east": {"uv": [16, 0, 0, 16], "texture": "#0"},
				"south": {"uv": [16, 0, 0, 16], "texture": "#0"},
				"west": {"uv": [16, 0, 0, 16], "texture": "#0"},
				"up": {"uv": [0, 16, 16, 0], "texture": "#0"},
				"down": {"uv": [0, 16, 16, 0], "texture": "#0"}
			}
		},
		{
			"from": [7.2, 5, 21.5],
			"to": [7.8, 7.7, 23],
			"rotation": {"angle": 0, "axis": "y", "origin": [8, 8, 21.5]},
			"faces": {
				"north": {"uv": [16, 0, 0, 16], "texture": "#0"},
				"east": {"uv": [16, 0, 0, 16], "texture": "#0"},
				"south": {"uv": [16, 0, 0, 16], "texture": "#0"},
				"west": {"uv": [16, 0, 0, 16], "texture": "#0"},
				"up": {"uv": [0, 16, 16, 0], "texture": "#0"},
				"down": {"uv": [0, 16, 16, 0], "texture": "#0"}
			}
		},
		{
			"from": [7.8, 5.2, 21.5],
			"to": [8, 7.5, 23],
			"rotation": {"angle": 0, "axis": "y", "origin": [8.6, 8.2, 21.5]},
			"faces": {
				"north": {"uv": [16, 0, 0, 16], "texture": "#0"},
				"east": {"uv": [16, 0, 0, 16], "texture": "#0"},
				"south": {"uv": [16, 0, 0, 16], "texture": "#0"},
				"west": {"uv": [16, 0, 0, 16], "texture": "#0"},
				"up": {"uv": [0, 16, 16, 0], "texture": "#0"},
				"down": {"uv": [0, 16, 16, 0], "texture": "#0"}
			}
		},
		{
			"from": [7, 5.2, 21.5],
			"to": [7.2, 7.5, 23],
			"rotation": {"angle": 0, "axis": "y", "origin": [7.8, 8.2, 21.5]},
			"faces": {
				"north": {"uv": [16, 0, 0, 16], "texture": "#0"},
				"east": {"uv": [16, 0, 0, 16], "texture": "#0"},
				"south": {"uv": [16, 0, 0, 16], "texture": "#0"},
				"west": {"uv": [16, 0, 0, 16], "texture": "#0"},
				"up": {"uv": [0, 16, 16, 0], "texture": "#0"},
				"down": {"uv": [0, 16, 16, 0], "texture": "#0"}
			}
		},
		{
			"from": [7.2, 6.7, 17],
			"to": [7.8, 8.3, 18.1],
			"rotation": {"angle": 0, "axis": "y", "origin": [8, 8, 19.5]},
			"faces": {
				"north": {"uv": [16, 0, 0, 16], "texture": "#0"},
				"east": {"uv": [16, 0, 0, 16], "texture": "#0"},
				"south": {"uv": [16, 0, 0, 16], "texture": "#0"},
				"west": {"uv": [16, 0, 0, 16], "texture": "#0"},
				"up": {"uv": [0, 16, 16, 0], "texture": "#0"},
				"down": {"uv": [0, 16, 16, 0], "texture": "#0"}
			}
		},
		{
			"from": [7.8, 6.9, 17],
			"to": [8, 8.1, 18.1],
			"rotation": {"angle": 0, "axis": "y", "origin": [8.6, 8.2, 19.5]},
			"faces": {
				"north": {"uv": [16, 0, 0, 16], "texture": "#0"},
				"east": {"uv": [16, 0, 0, 16], "texture": "#0"},
				"south": {"uv": [16, 0, 0, 16], "texture": "#0"},
				"west": {"uv": [16, 0, 0, 16], "texture": "#0"},
				"up": {"uv": [0, 16, 16, 0], "texture": "#0"},
				"down": {"uv": [0, 16, 16, 0], "texture": "#0"}
			}
		},
		{
			"from": [7, 6.9, 17],
			"to": [7.2, 8.1, 18.1],
			"rotation": {"angle": 0, "axis": "y", "origin": [7.8, 8.2, 19.5]},
			"faces": {
				"north": {"uv": [16, 0, 0, 16], "texture": "#0"},
				"east": {"uv": [16, 0, 0, 16], "texture": "#0"},
				"south": {"uv": [16, 0, 0, 16], "texture": "#0"},
				"west": {"uv": [16, 0, 0, 16], "texture": "#0"},
				"up": {"uv": [0, 16, 16, 0], "texture": "#0"},
				"down": {"uv": [0, 16, 16, 0], "texture": "#0"}
			}
		},
		{
			"from": [7.2, 6.5, 18.1],
			"to": [7.8, 8.1, 19.3],
			"rotation": {"angle": 0, "axis": "y", "origin": [8, 8, 19.5]},
			"faces": {
				"north": {"uv": [16, 0, 0, 16], "texture": "#0"},
				"east": {"uv": [16, 0, 0, 16], "texture": "#0"},
				"south": {"uv": [16, 0, 0, 16], "texture": "#0"},
				"west": {"uv": [16, 0, 0, 16], "texture": "#0"},
				"up": {"uv": [0, 16, 16, 0], "texture": "#0"},
				"down": {"uv": [0, 16, 16, 0], "texture": "#0"}
			}
		},
		{
			"from": [7.8, 6.7, 18.1],
			"to": [8, 7.9, 19.3],
			"rotation": {"angle": 0, "axis": "y", "origin": [8.6, 8.2, 19.5]},
			"faces": {
				"north": {"uv": [16, 0, 0, 16], "texture": "#0"},
				"east": {"uv": [16, 0, 0, 16], "texture": "#0"},
				"south": {"uv": [16, 0, 0, 16], "texture": "#0"},
				"west": {"uv": [16, 0, 0, 16], "texture": "#0"},
				"up": {"uv": [0, 16, 16, 0], "texture": "#0"},
				"down": {"uv": [0, 16, 16, 0], "texture": "#0"}
			}
		},
		{
			"from": [7, 6.7, 18.1],
			"to": [7.2, 7.9, 19.3],
			"rotation": {"angle": 0, "axis": "y", "origin": [7.8, 8.2, 19.5]},
			"faces": {
				"north": {"uv": [16, 0, 0, 16], "texture": "#0"},
				"east": {"uv": [16, 0, 0, 16], "texture": "#0"},
				"south": {"uv": [16, 0, 0, 16], "texture": "#0"},
				"west": {"uv": [16, 0, 0, 16], "texture": "#0"},
				"up": {"uv": [0, 16, 16, 0], "texture": "#0"},
				"down": {"uv": [0, 16, 16, 0], "texture": "#0"}
			}
		},
		{
			"from": [7.2, 6.1, 19.3],
			"to": [7.8, 7.8, 20.5],
			"rotation": {"angle": 0, "axis": "y", "origin": [8, 8, 19.5]},
			"faces": {
				"north": {"uv": [16, 0, 0, 16], "texture": "#0"},
				"east": {"uv": [16, 0, 0, 16], "texture": "#0"},
				"south": {"uv": [16, 0, 0, 16], "texture": "#0"},
				"west": {"uv": [16, 0, 0, 16], "texture": "#0"},
				"up": {"uv": [0, 16, 16, 0], "texture": "#0"},
				"down": {"uv": [0, 16, 16, 0], "texture": "#0"}
			}
		},
		{
			"from": [7.8, 6.3, 19.3],
			"to": [8, 7.6, 20.5],
			"rotation": {"angle": 0, "axis": "y", "origin": [8.6, 8.2, 19.5]},
			"faces": {
				"north": {"uv": [16, 0, 0, 16], "texture": "#0"},
				"east": {"uv": [16, 0, 0, 16], "texture": "#0"},
				"south": {"uv": [16, 0, 0, 16], "texture": "#0"},
				"west": {"uv": [16, 0, 0, 16], "texture": "#0"},
				"up": {"uv": [0, 16, 16, 0], "texture": "#0"},
				"down": {"uv": [0, 16, 16, 0], "texture": "#0"}
			}
		},
		{
			"from": [7, 6.3, 19.3],
			"to": [7.2, 7.6, 20.5],
			"rotation": {"angle": 0, "axis": "y", "origin": [7.8, 8.2, 19.5]},
			"faces": {
				"north": {"uv": [16, 0, 0, 16], "texture": "#0"},
				"east": {"uv": [16, 0, 0, 16], "texture": "#0"},
				"south": {"uv": [16, 0, 0, 16], "texture": "#0"},
				"west": {"uv": [16, 0, 0, 16], "texture": "#0"},
				"up": {"uv": [0, 16, 16, 0], "texture": "#0"},
				"down": {"uv": [0, 16, 16, 0], "texture": "#0"}
			}
		},
		{
			"from": [7.2, 5.7, 20.5],
			"to": [7.8, 7.5, 21],
			"rotation": {"angle": 0, "axis": "y", "origin": [8, 8, 21.5]},
			"faces": {
				"north": {"uv": [16, 0, 0, 16], "texture": "#0"},
				"east": {"uv": [16, 0, 0, 16], "texture": "#0"},
				"south": {"uv": [16, 0, 0, 16], "texture": "#0"},
				"west": {"uv": [16, 0, 0, 16], "texture": "#0"},
				"up": {"uv": [0, 16, 16, 0], "texture": "#0"},
				"down": {"uv": [0, 16, 16, 0], "texture": "#0"}
			}
		},
		{
			"from": [7.8, 5.9, 20.5],
			"to": [8, 7.3, 21],
			"rotation": {"angle": 0, "axis": "y", "origin": [8.6, 8.2, 21.5]},
			"faces": {
				"north": {"uv": [16, 0, 0, 16], "texture": "#0"},
				"east": {"uv": [16, 0, 0, 16], "texture": "#0"},
				"south": {"uv": [16, 0, 0, 16], "texture": "#0"},
				"west": {"uv": [16, 0, 0, 16], "texture": "#0"},
				"up": {"uv": [0, 16, 16, 0], "texture": "#0"},
				"down": {"uv": [0, 16, 16, 0], "texture": "#0"}
			}
		},
		{
			"from": [7, 5.9, 20.5],
			"to": [7.2, 7.3, 21],
			"rotation": {"angle": 0, "axis": "y", "origin": [7.8, 8.2, 21.5]},
			"faces": {
				"north": {"uv": [16, 0, 0, 16], "texture": "#0"},
				"east": {"uv": [16, 0, 0, 16], "texture": "#0"},
				"south": {"uv": [16, 0, 0, 16], "texture": "#0"},
				"west": {"uv": [16, 0, 0, 16], "texture": "#0"},
				"up": {"uv": [0, 16, 16, 0], "texture": "#0"},
				"down": {"uv": [0, 16, 16, 0], "texture": "#0"}
			}
		},
		{
			"from": [7.2, 5.2, 21],
			"to": [7.8, 7.7, 21.5],
			"rotation": {"angle": 0, "axis": "y", "origin": [8, 8, 21.5]},
			"faces": {
				"north": {"uv": [16, 0, 0, 16], "texture": "#0"},
				"east": {"uv": [16, 0, 0, 16], "texture": "#0"},
				"south": {"uv": [16, 0, 0, 16], "texture": "#0"},
				"west": {"uv": [16, 0, 0, 16], "texture": "#0"},
				"up": {"uv": [0, 16, 16, 0], "texture": "#0"},
				"down": {"uv": [0, 16, 16, 0], "texture": "#0"}
			}
		},
		{
			"from": [7.8, 5.4, 21],
			"to": [8, 7.5, 21.5],
			"rotation": {"angle": 0, "axis": "y", "origin": [8.6, 8.2, 21.5]},
			"faces": {
				"north": {"uv": [16, 0, 0, 16], "texture": "#0"},
				"east": {"uv": [16, 0, 0, 16], "texture": "#0"},
				"south": {"uv": [16, 0, 0, 16], "texture": "#0"},
				"west": {"uv": [16, 0, 0, 16], "texture": "#0"},
				"up": {"uv": [0, 16, 16, 0], "texture": "#0"},
				"down": {"uv": [0, 16, 16, 0], "texture": "#0"}
			}
		},
		{
			"from": [7, 5.4, 21],
			"to": [7.2, 7.5, 21.5],
			"rotation": {"angle": 0, "axis": "y", "origin": [7.8, 8.2, 21.5]},
			"faces": {
				"north": {"uv": [16, 0, 0, 16], "texture": "#0"},
				"east": {"uv": [16, 0, 0, 16], "texture": "#0"},
				"south": {"uv": [16, 0, 0, 16], "texture": "#0"},
				"west": {"uv": [16, 0, 0, 16], "texture": "#0"},
				"up": {"uv": [0, 16, 16, 0], "texture": "#0"},
				"down": {"uv": [0, 16, 16, 0], "texture": "#0"}
			}
		},
		{
			"from": [7, 7, 15],
			"to": [8, 8.5, 17],
			"rotation": {"angle": 0, "axis": "y", "origin": [8, 8, 20]},
			"faces": {
				"north": {"uv": [16, 0, 0, 16], "texture": "#0"},
				"east": {"uv": [16, 0, 0, 16], "texture": "#0"},
				"south": {"uv": [16, 0, 0, 16], "texture": "#0"},
				"west": {"uv": [16, 0, 0, 16], "texture": "#0"},
				"up": {"uv": [0, 16, 16, 0], "texture": "#0"},
				"down": {"uv": [0, 16, 16, 0], "texture": "#0"}
			}
		},
		{
			"from": [7.2, 8.5, 15],
			"to": [7.8, 8.7, 16],
			"rotation": {"angle": 0, "axis": "y", "origin": [8, 8, 20]},
			"faces": {
				"north": {"uv": [16, 0, 0, 16], "texture": "#0"},
				"east": {"uv": [16, 0, 0, 16], "texture": "#0"},
				"south": {"uv": [16, 0, 0, 16], "texture": "#0"},
				"west": {"uv": [16, 0, 0, 16], "texture": "#0"},
				"up": {"uv": [0, 16, 16, 0], "texture": "#0"},
				"down": {"uv": [0, 16, 16, 0], "texture": "#0"}
			}
		},
		{
			"from": [7, 6.9, 11],
			"to": [8, 8, 15],
			"rotation": {"angle": 0, "axis": "y", "origin": [8, 8, 20]},
			"faces": {
				"north": {"uv": [16, 0, 0, 16], "texture": "#0"},
				"east": {"uv": [16, 0, 0, 16], "texture": "#0"},
				"south": {"uv": [16, 0, 0, 16], "texture": "#0"},
				"west": {"uv": [16, 0, 0, 16], "texture": "#0"},
				"up": {"uv": [16, 0, 0, 16], "texture": "#0"},
				"down": {"uv": [16, 0, 0, 16], "texture": "#0"}
			}
		},
		{
			"from": [7, 7, -1.3],
			"to": [8, 7.2, 11],
			"rotation": {"angle": 0, "axis": "y", "origin": [8, 8, 20]},
			"faces": {
				"north": {"uv": [16, 0, 0, 16], "texture": "#0"},
				"east": {"uv": [16, 0, 0, 16], "texture": "#0"},
				"south": {"uv": [16, 0, 0, 16], "texture": "#0"},
				"west": {"uv": [16, 0, 0, 16], "texture": "#0"},
				"up": {"uv": [16, 0, 0, 16], "texture": "#0"},
				"down": {"uv": [16, 0, 0, 16], "texture": "#0"}
			}
		},
		{
			"from": [7, 6.9, -1.3],
			"to": [8, 7, 11],
			"rotation": {"angle": 0, "axis": "y", "origin": [8, 8, 20]},
			"faces": {
				"north": {"uv": [16, 0, 0, 16], "texture": "#0"},
				"east": {"uv": [16, 0, 0, 16], "texture": "#0"},
				"south": {"uv": [16, 0, 0, 16], "texture": "#0"},
				"west": {"uv": [16, 0, 0, 16], "texture": "#0"},
				"up": {"uv": [16, 0, 0, 16], "texture": "#0"},
				"down": {"uv": [16, 0, 0, 16], "texture": "#0"}
			}
		},
		{
			"from": [7.2, 6.6, 1.9],
			"to": [7.8, 6.9, 14.2],
			"rotation": {"angle": 0, "axis": "y", "origin": [8, 8, 20]},
			"faces": {
				"north": {"uv": [16, 0, 0, 16], "texture": "#0"},
				"east": {"uv": [16, 0, 0, 16], "texture": "#0"},
				"south": {"uv": [16, 0, 0, 16], "texture": "#0"},
				"west": {"uv": [16, 0, 0, 16], "texture": "#0"},
				"up": {"uv": [16, 0, 0, 16], "texture": "#0"},
				"down": {"uv": [16, 0, 0, 16], "texture": "#0"}
			}
		},
		{
			"from": [7.45, 6.65, -1.6],
			"to": [7.65, 6.85, 1.9],
			"rotation": {"angle": 0, "axis": "y", "origin": [8, 8, 20]},
			"faces": {
				"north": {"uv": [16, 0, 0, 16], "texture": "#3"},
				"east": {"uv": [16, 0, 0, 16], "texture": "#3"},
				"south": {"uv": [16, 0, 0, 16], "texture": "#3"},
				"west": {"uv": [16, 0, 0, 16], "texture": "#3"},
				"up": {"uv": [16, 0, 0, 16], "texture": "#3"},
				"down": {"uv": [16, 0, 0, 16], "texture": "#3"}
			}
		},
		{
			"from": [7.4, 6.6, -1.9],
			"to": [7.7, 6.9, -1.6],
			"rotation": {"angle": 0, "axis": "y", "origin": [8, 8, 20]},
			"faces": {
				"north": {"uv": [16, 0, 0, 16], "texture": "#1"},
				"east": {"uv": [16, 0, 0, 16], "texture": "#1"},
				"south": {"uv": [16, 0, 0, 16], "texture": "#1"},
				"west": {"uv": [16, 0, 0, 16], "texture": "#1"},
				"up": {"uv": [16, 0, 0, 16], "texture": "#1"},
				"down": {"uv": [16, 0, 0, 16], "texture": "#1"}
			}
		},
		{
			"from": [6.9, 7, 11],
			"to": [7, 7.7, 15.3],
			"rotation": {"angle": 0, "axis": "y", "origin": [8, 8, 20]},
			"faces": {
				"north": {"uv": [16, 0, 0, 16], "texture": "#0"},
				"east": {"uv": [16, 0, 0, 16], "texture": "#0"},
				"south": {"uv": [16, 0, 0, 16], "texture": "#0"},
				"west": {"uv": [16, 0, 0, 16], "texture": "#0"},
				"up": {"uv": [0, 16, 16, 0], "texture": "#0"},
				"down": {"uv": [0, 16, 16, 0], "texture": "#0"}
			}
		},
		{
			"from": [8, 7, 11],
			"to": [8.1, 7.7, 15.3],
			"rotation": {"angle": 0, "axis": "y", "origin": [8, 8, 20]},
			"faces": {
				"north": {"uv": [16, 0, 0, 16], "texture": "#0"},
				"east": {"uv": [16, 0, 0, 16], "texture": "#0"},
				"south": {"uv": [16, 0, 0, 16], "texture": "#0"},
				"west": {"uv": [16, 0, 0, 16], "texture": "#0"},
				"up": {"uv": [0, 16, 16, 0], "texture": "#0"},
				"down": {"uv": [0, 16, 16, 0], "texture": "#0"}
			}
		},
		{
			"from": [8, 7, -1.3],
			"to": [8.1, 7.5, 11],
			"rotation": {"angle": 0, "axis": "y", "origin": [8, 8, 20]},
			"faces": {
				"north": {"uv": [16, 0, 0, 16], "texture": "#0"},
				"east": {"uv": [16, 0, 0, 16], "texture": "#0"},
				"south": {"uv": [16, 0, 0, 16], "texture": "#0"},
				"west": {"uv": [16, 0, 0, 16], "texture": "#0"},
				"up": {"uv": [0, 16, 16, 0], "texture": "#0"},
				"down": {"uv": [0, 16, 16, 0], "texture": "#0"}
			}
		},
		{
			"from": [6.9, 7, -1.3],
			"to": [7, 7.5, 11],
			"rotation": {"angle": 0, "axis": "y", "origin": [6.6, 8, 20]},
			"faces": {
				"north": {"uv": [16, 0, 0, 16], "texture": "#0"},
				"east": {"uv": [16, 0, 0, 16], "texture": "#0"},
				"south": {"uv": [16, 0, 0, 16], "texture": "#0"},
				"west": {"uv": [16, 0, 0, 16], "texture": "#0"},
				"up": {"uv": [0, 16, 16, 0], "texture": "#0"},
				"down": {"uv": [0, 16, 16, 0], "texture": "#0"}
			}
		},
		{
			"from": [8.1, 7.2, -1.3],
			"to": [8.2, 7.6, 11.7],
			"rotation": {"angle": 0, "axis": "y", "origin": [8, 8, 20]},
			"faces": {
				"north": {"uv": [16, 0, 0, 16], "texture": "#0"},
				"east": {"uv": [16, 0, 0, 16], "texture": "#0"},
				"south": {"uv": [16, 0, 0, 16], "texture": "#0"},
				"west": {"uv": [16, 0, 0, 16], "texture": "#0"},
				"up": {"uv": [0, 16, 16, 0], "texture": "#0"},
				"down": {"uv": [0, 16, 16, 0], "texture": "#0"}
			}
		},
		{
			"from": [6.8, 7.2, -1.3],
			"to": [6.9, 7.6, 15.3],
			"rotation": {"angle": 0, "axis": "y", "origin": [6.6, 8, 20]},
			"faces": {
				"north": {"uv": [16, 0, 0, 16], "texture": "#0"},
				"east": {"uv": [16, 0, 0, 16], "texture": "#0"},
				"south": {"uv": [16, 0, 0, 16], "texture": "#0"},
				"west": {"uv": [16, 0, 0, 16], "texture": "#0"},
				"up": {"uv": [0, 16, 16, 0], "texture": "#0"},
				"down": {"uv": [0, 16, 16, 0], "texture": "#0"}
			}
		},
		{
			"from": [6.75, 7.4, 11],
			"to": [6.95, 8.35, 15.3],
			"rotation": {"angle": 0, "axis": "y", "origin": [8, 8, 20]},
			"faces": {
				"north": {"uv": [16, 0, 0, 16], "texture": "#0"},
				"east": {"uv": [16, 0, 0, 16], "texture": "#0"},
				"south": {"uv": [16, 0, 0, 16], "texture": "#0"},
				"west": {"uv": [16, 0, 0, 16], "texture": "#0"},
				"up": {"uv": [0, 16, 16, 0], "texture": "#0"},
				"down": {"uv": [0, 16, 16, 0], "texture": "#0"}
			}
		},
		{
			"from": [6.95, 8.3, 11],
			"to": [7.15, 8.45, 15.3],
			"rotation": {"angle": 0, "axis": "y", "origin": [8, 8, 20]},
			"faces": {
				"north": {"uv": [16, 0, 0, 16], "texture": "#0"},
				"east": {"uv": [16, 0, 0, 16], "texture": "#0"},
				"south": {"uv": [16, 0, 0, 16], "texture": "#0"},
				"west": {"uv": [16, 0, 0, 16], "texture": "#0"},
				"up": {"uv": [0, 16, 16, 0], "texture": "#0"},
				"down": {"uv": [0, 16, 16, 0], "texture": "#0"}
			}
		},
		{
			"from": [7.85, 8.3, 11],
			"to": [8.05, 8.45, 15.3],
			"rotation": {"angle": 0, "axis": "y", "origin": [8, 8, 20]},
			"faces": {
				"north": {"uv": [16, 0, 0, 16], "texture": "#0"},
				"east": {"uv": [16, 0, 0, 16], "texture": "#0"},
				"south": {"uv": [16, 0, 0, 16], "texture": "#0"},
				"west": {"uv": [16, 0, 0, 16], "texture": "#0"},
				"up": {"uv": [0, 16, 16, 0], "texture": "#0"},
				"down": {"uv": [0, 16, 16, 0], "texture": "#0"}
			}
		},
		{
			"from": [6.8, 7.1, 15.3],
			"to": [7, 8.45, 16.6],
			"rotation": {"angle": 0, "axis": "y", "origin": [8, 8, 20]},
			"faces": {
				"north": {"uv": [16, 0, 0, 16], "texture": "#0"},
				"east": {"uv": [16, 0, 0, 16], "texture": "#0"},
				"south": {"uv": [16, 0, 0, 16], "texture": "#0"},
				"west": {"uv": [16, 0, 0, 16], "texture": "#0"},
				"up": {"uv": [0, 16, 16, 0], "texture": "#0"},
				"down": {"uv": [0, 16, 16, 0], "texture": "#0"}
			}
		},
		{
			"from": [8, 7.1, 15.3],
			"to": [8.2, 8.45, 16.6],
			"rotation": {"angle": 0, "axis": "y", "origin": [8, 8, 20]},
			"faces": {
				"north": {"uv": [16, 0, 0, 16], "texture": "#0"},
				"east": {"uv": [16, 0, 0, 16], "texture": "#0"},
				"south": {"uv": [16, 0, 0, 16], "texture": "#0"},
				"west": {"uv": [16, 0, 0, 16], "texture": "#0"},
				"up": {"uv": [0, 16, 16, 0], "texture": "#0"},
				"down": {"uv": [0, 16, 16, 0], "texture": "#0"}
			}
		},
		{
			"from": [7.9, 7.05, 13.3],
			"to": [8.3, 8.4, 15.9],
			"rotation": {"angle": 0, "axis": "y", "origin": [7.8, 8.1, 20]},
			"faces": {
				"north": {"uv": [16, 0, 0, 16], "texture": "#1"},
				"east": {"uv": [16, 0, 0, 16], "texture": "#1"},
				"south": {"uv": [16, 0, 0, 16], "texture": "#1"},
				"west": {"uv": [16, 0, 0, 16], "texture": "#1"},
				"up": {"uv": [16, 0, 0, 16], "texture": "#1"},
				"down": {"uv": [16, 0, 0, 16], "texture": "#1"}
			}
		},
		{
			"from": [7.3, 6.8, 14.2],
			"to": [7.7, 6.9, 14.6],
			"rotation": {"angle": 0, "axis": "y", "origin": [7.8, 8.1, 20]},
			"faces": {
				"north": {"uv": [16, 0, 0, 16], "texture": "#1"},
				"east": {"uv": [16, 0, 0, 16], "texture": "#1"},
				"south": {"uv": [16, 0, 0, 16], "texture": "#1"},
				"west": {"uv": [16, 0, 0, 16], "texture": "#1"},
				"up": {"uv": [16, 0, 0, 16], "texture": "#1"},
				"down": {"uv": [16, 0, 0, 16], "texture": "#1"}
			}
		},
		{
			"from": [7.3, 6.7, 14.2],
			"to": [7.7, 6.8, 14.4],
			"rotation": {"angle": 0, "axis": "y", "origin": [7.8, 8.1, 20]},
			"faces": {
				"north": {"uv": [16, 0, 0, 16], "texture": "#1"},
				"east": {"uv": [16, 0, 0, 16], "texture": "#1"},
				"south": {"uv": [16, 0, 0, 16], "texture": "#1"},
				"west": {"uv": [16, 0, 0, 16], "texture": "#1"},
				"up": {"uv": [16, 0, 0, 16], "texture": "#1"},
				"down": {"uv": [16, 0, 0, 16], "texture": "#1"}
			}
		},
		{
			"from": [7.3, 6.6, 14.2],
			"to": [7.7, 6.7, 14.3],
			"rotation": {"angle": 0, "axis": "y", "origin": [7.8, 8.1, 20]},
			"faces": {
				"north": {"uv": [16, 0, 0, 16], "texture": "#1"},
				"east": {"uv": [16, 0, 0, 16], "texture": "#1"},
				"south": {"uv": [16, 0, 0, 16], "texture": "#1"},
				"west": {"uv": [16, 0, 0, 16], "texture": "#1"},
				"up": {"uv": [16, 0, 0, 16], "texture": "#1"},
				"down": {"uv": [16, 0, 0, 16], "texture": "#1"}
			}
		},
		{
			"from": [7.3, 6.4, 14.3],
			"to": [7.7, 6.6, 14.4],
			"rotation": {"angle": 0, "axis": "y", "origin": [7.8, 8.1, 20]},
			"faces": {
				"north": {"uv": [16, 0, 0, 16], "texture": "#1"},
				"east": {"uv": [16, 0, 0, 16], "texture": "#1"},
				"south": {"uv": [16, 0, 0, 16], "texture": "#1"},
				"west": {"uv": [16, 0, 0, 16], "texture": "#1"},
				"up": {"uv": [16, 0, 0, 16], "texture": "#1"},
				"down": {"uv": [16, 0, 0, 16], "texture": "#1"}
			}
		},
		{
			"from": [7.3, 6.3, 14.4],
			"to": [7.7, 6.4, 14.5],
			"rotation": {"angle": 0, "axis": "y", "origin": [7.8, 8.1, 20]},
			"faces": {
				"north": {"uv": [16, 0, 0, 16], "texture": "#1"},
				"east": {"uv": [16, 0, 0, 16], "texture": "#1"},
				"south": {"uv": [16, 0, 0, 16], "texture": "#1"},
				"west": {"uv": [16, 0, 0, 16], "texture": "#1"},
				"up": {"uv": [16, 0, 0, 16], "texture": "#1"},
				"down": {"uv": [16, 0, 0, 16], "texture": "#1"}
			}
		},
		{
			"from": [7.3, 6.2, 14.5],
			"to": [7.7, 6.3, 14.6],
			"rotation": {"angle": 0, "axis": "y", "origin": [7.8, 8.1, 20]},
			"faces": {
				"north": {"uv": [16, 0, 0, 16], "texture": "#1"},
				"east": {"uv": [16, 0, 0, 16], "texture": "#1"},
				"south": {"uv": [16, 0, 0, 16], "texture": "#1"},
				"west": {"uv": [16, 0, 0, 16], "texture": "#1"},
				"up": {"uv": [16, 0, 0, 16], "texture": "#1"},
				"down": {"uv": [16, 0, 0, 16], "texture": "#1"}
			}
		},
		{
			"from": [7.3, 6.1, 14.6],
			"to": [7.7, 6.2, 14.8],
			"rotation": {"angle": 0, "axis": "y", "origin": [7.8, 8.1, 20]},
			"faces": {
				"north": {"uv": [16, 0, 0, 16], "texture": "#1"},
				"east": {"uv": [16, 0, 0, 16], "texture": "#1"},
				"south": {"uv": [16, 0, 0, 16], "texture": "#1"},
				"west": {"uv": [16, 0, 0, 16], "texture": "#1"},
				"up": {"uv": [16, 0, 0, 16], "texture": "#1"},
				"down": {"uv": [16, 0, 0, 16], "texture": "#1"}
			}
		},
		{
			"from": [7.3, 6, 14.8],
			"to": [7.7, 6.1, 15],
			"rotation": {"angle": 0, "axis": "y", "origin": [7.8, 8.1, 20]},
			"faces": {
				"north": {"uv": [16, 0, 0, 16], "texture": "#1"},
				"east": {"uv": [16, 0, 0, 16], "texture": "#1"},
				"south": {"uv": [16, 0, 0, 16], "texture": "#1"},
				"west": {"uv": [16, 0, 0, 16], "texture": "#1"},
				"up": {"uv": [16, 0, 0, 16], "texture": "#1"},
				"down": {"uv": [16, 0, 0, 16], "texture": "#1"}
			}
		},
		{
			"from": [7.3, 5.9, 15],
			"to": [7.7, 6, 15.4],
			"rotation": {"angle": 0, "axis": "y", "origin": [7.8, 8.1, 20]},
			"faces": {
				"north": {"uv": [16, 0, 0, 16], "texture": "#1"},
				"east": {"uv": [16, 0, 0, 16], "texture": "#1"},
				"south": {"uv": [16, 0, 0, 16], "texture": "#1"},
				"west": {"uv": [16, 0, 0, 16], "texture": "#1"},
				"up": {"uv": [16, 0, 0, 16], "texture": "#1"},
				"down": {"uv": [16, 0, 0, 16], "texture": "#1"}
			}
		},
		{
			"from": [7.3, 5.8, 15.4],
			"to": [7.7, 5.9, 15.8],
			"rotation": {"angle": 0, "axis": "y", "origin": [7.8, 8.1, 20]},
			"faces": {
				"north": {"uv": [16, 0, 0, 16], "texture": "#1"},
				"east": {"uv": [16, 0, 0, 16], "texture": "#1"},
				"south": {"uv": [16, 0, 0, 16], "texture": "#1"},
				"west": {"uv": [16, 0, 0, 16], "texture": "#1"},
				"up": {"uv": [16, 0, 0, 16], "texture": "#1"},
				"down": {"uv": [16, 0, 0, 16], "texture": "#1"}
			}
		},
		{
			"from": [7.3, 5.9, 15.8],
			"to": [7.7, 6, 16],
			"rotation": {"angle": 0, "axis": "y", "origin": [7.8, 8.1, 20]},
			"faces": {
				"north": {"uv": [16, 0, 0, 16], "texture": "#1"},
				"east": {"uv": [16, 0, 0, 16], "texture": "#1"},
				"south": {"uv": [16, 0, 0, 16], "texture": "#1"},
				"west": {"uv": [16, 0, 0, 16], "texture": "#1"},
				"up": {"uv": [16, 0, 0, 16], "texture": "#1"},
				"down": {"uv": [16, 0, 0, 16], "texture": "#1"}
			}
		},
		{
			"from": [7.3, 6, 16],
			"to": [7.7, 6.1, 16.2],
			"rotation": {"angle": 0, "axis": "y", "origin": [7.8, 8.1, 20]},
			"faces": {
				"north": {"uv": [16, 0, 0, 16], "texture": "#1"},
				"east": {"uv": [16, 0, 0, 16], "texture": "#1"},
				"south": {"uv": [16, 0, 0, 16], "texture": "#1"},
				"west": {"uv": [16, 0, 0, 16], "texture": "#1"},
				"up": {"uv": [16, 0, 0, 16], "texture": "#1"},
				"down": {"uv": [16, 0, 0, 16], "texture": "#1"}
			}
		},
		{
			"from": [7.3, 6.1, 16.2],
			"to": [7.7, 6.2, 16.4],
			"rotation": {"angle": 0, "axis": "y", "origin": [7.8, 8.1, 20]},
			"faces": {
				"north": {"uv": [16, 0, 0, 16], "texture": "#1"},
				"east": {"uv": [16, 0, 0, 16], "texture": "#1"},
				"south": {"uv": [16, 0, 0, 16], "texture": "#1"},
				"west": {"uv": [16, 0, 0, 16], "texture": "#1"},
				"up": {"uv": [16, 0, 0, 16], "texture": "#1"},
				"down": {"uv": [16, 0, 0, 16], "texture": "#1"}
			}
		},
		{
			"from": [7.3, 6.2, 16.4],
			"to": [7.7, 6.3, 16.5],
			"rotation": {"angle": 0, "axis": "y", "origin": [7.8, 8.1, 20]},
			"faces": {
				"north": {"uv": [16, 0, 0, 16], "texture": "#1"},
				"east": {"uv": [16, 0, 0, 16], "texture": "#1"},
				"south": {"uv": [16, 0, 0, 16], "texture": "#1"},
				"west": {"uv": [16, 0, 0, 16], "texture": "#1"},
				"up": {"uv": [16, 0, 0, 16], "texture": "#1"},
				"down": {"uv": [16, 0, 0, 16], "texture": "#1"}
			}
		},
		{
			"from": [7.3, 6.4, 15.9],
			"to": [7.7, 7, 16],
			"rotation": {"angle": 0, "axis": "y", "origin": [7.8, 8.1, 20]},
			"faces": {
				"north": {"uv": [16, 0, 0, 16], "texture": "#1"},
				"east": {"uv": [16, 0, 0, 16], "texture": "#1"},
				"south": {"uv": [16, 0, 0, 16], "texture": "#1"},
				"west": {"uv": [16, 0, 0, 16], "texture": "#1"},
				"up": {"uv": [16, 0, 0, 16], "texture": "#1"},
				"down": {"uv": [16, 0, 0, 16], "texture": "#1"}
			}
		},
		{
			"from": [7.3, 6.9, 15.7],
			"to": [7.7, 7, 15.9],
			"rotation": {"angle": 0, "axis": "y", "origin": [7.8, 8.1, 20]},
			"faces": {
				"north": {"uv": [16, 0, 0, 16], "texture": "#1"},
				"east": {"uv": [16, 0, 0, 16], "texture": "#1"},
				"south": {"uv": [16, 0, 0, 16], "texture": "#1"},
				"west": {"uv": [16, 0, 0, 16], "texture": "#1"},
				"up": {"uv": [16, 0, 0, 16], "texture": "#1"},
				"down": {"uv": [16, 0, 0, 16], "texture": "#1"}
			}
		},
		{
			"from": [7.3, 6.8, 15.8],
			"to": [7.7, 6.9, 15.9],
			"rotation": {"angle": 0, "axis": "y", "origin": [7.8, 8.1, 20]},
			"faces": {
				"north": {"uv": [16, 0, 0, 16], "texture": "#1"},
				"east": {"uv": [16, 0, 0, 16], "texture": "#1"},
				"south": {"uv": [16, 0, 0, 16], "texture": "#1"},
				"west": {"uv": [16, 0, 0, 16], "texture": "#1"},
				"up": {"uv": [16, 0, 0, 16], "texture": "#1"},
				"down": {"uv": [16, 0, 0, 16], "texture": "#1"}
			}
		},
		{
			"from": [7.3, 6.3, 16.5],
			"to": [7.7, 6.4, 16.6],
			"rotation": {"angle": 0, "axis": "y", "origin": [7.8, 8.1, 20]},
			"faces": {
				"north": {"uv": [16, 0, 0, 16], "texture": "#1"},
				"east": {"uv": [16, 0, 0, 16], "texture": "#1"},
				"south": {"uv": [16, 0, 0, 16], "texture": "#1"},
				"west": {"uv": [16, 0, 0, 16], "texture": "#1"},
				"up": {"uv": [16, 0, 0, 16], "texture": "#1"},
				"down": {"uv": [16, 0, 0, 16], "texture": "#1"}
			}
		},
		{
			"from": [7.3, 6.4, 16.6],
			"to": [7.7, 6.5, 16.7],
			"rotation": {"angle": 0, "axis": "y", "origin": [7.8, 8.1, 20]},
			"faces": {
				"north": {"uv": [16, 0, 0, 16], "texture": "#1"},
				"east": {"uv": [16, 0, 0, 16], "texture": "#1"},
				"south": {"uv": [16, 0, 0, 16], "texture": "#1"},
				"west": {"uv": [16, 0, 0, 16], "texture": "#1"},
				"up": {"uv": [16, 0, 0, 16], "texture": "#1"},
				"down": {"uv": [16, 0, 0, 16], "texture": "#1"}
			}
		},
		{
			"from": [7.3, 6.5, 16.7],
			"to": [7.7, 6.7, 16.8],
			"rotation": {"angle": 0, "axis": "y", "origin": [7.8, 8.1, 20]},
			"faces": {
				"north": {"uv": [16, 0, 0, 16], "texture": "#1"},
				"east": {"uv": [16, 0, 0, 16], "texture": "#1"},
				"south": {"uv": [16, 0, 0, 16], "texture": "#1"},
				"west": {"uv": [16, 0, 0, 16], "texture": "#1"},
				"up": {"uv": [16, 0, 0, 16], "texture": "#1"},
				"down": {"uv": [16, 0, 0, 16], "texture": "#1"}
			}
		},
		{
			"from": [7.3, 6.5, 16.8],
			"to": [7.7, 6.6, 17],
			"rotation": {"angle": 0, "axis": "y", "origin": [7.8, 8.1, 20]},
			"faces": {
				"north": {"uv": [16, 0, 0, 16], "texture": "#1"},
				"east": {"uv": [16, 0, 0, 16], "texture": "#1"},
				"south": {"uv": [16, 0, 0, 16], "texture": "#1"},
				"west": {"uv": [16, 0, 0, 16], "texture": "#1"},
				"up": {"uv": [16, 0, 0, 16], "texture": "#1"},
				"down": {"uv": [16, 0, 0, 16], "texture": "#1"}
			}
		},
		{
			"from": [7.3, 6.6, 17],
			"to": [7.7, 6.7, 18.1],
			"rotation": {"angle": 0, "axis": "y", "origin": [7.8, 8.1, 20]},
			"faces": {
				"north": {"uv": [16, 0, 0, 16], "texture": "#1"},
				"east": {"uv": [16, 0, 0, 16], "texture": "#1"},
				"south": {"uv": [16, 0, 0, 16], "texture": "#1"},
				"west": {"uv": [16, 0, 0, 16], "texture": "#1"},
				"up": {"uv": [16, 0, 0, 16], "texture": "#1"},
				"down": {"uv": [16, 0, 0, 16], "texture": "#1"}
			}
		},
		{
			"from": [7.3, 6.7, 16.6],
			"to": [7.7, 6.8, 16.7],
			"rotation": {"angle": 0, "axis": "y", "origin": [7.8, 8.1, 20]},
			"faces": {
				"north": {"uv": [16, 0, 0, 16], "texture": "#1"},
				"east": {"uv": [16, 0, 0, 16], "texture": "#1"},
				"south": {"uv": [16, 0, 0, 16], "texture": "#1"},
				"west": {"uv": [16, 0, 0, 16], "texture": "#1"},
				"up": {"uv": [16, 0, 0, 16], "texture": "#1"},
				"down": {"uv": [16, 0, 0, 16], "texture": "#1"}
			}
		},
		{
			"from": [7.3, 6.8, 16.5],
			"to": [7.7, 6.9, 16.6],
			"rotation": {"angle": 0, "axis": "y", "origin": [7.8, 8.1, 20]},
			"faces": {
				"north": {"uv": [16, 0, 0, 16], "texture": "#1"},
				"east": {"uv": [16, 0, 0, 16], "texture": "#1"},
				"south": {"uv": [16, 0, 0, 16], "texture": "#1"},
				"west": {"uv": [16, 0, 0, 16], "texture": "#1"},
				"up": {"uv": [16, 0, 0, 16], "texture": "#1"},
				"down": {"uv": [16, 0, 0, 16], "texture": "#1"}
			}
		},
		{
			"from": [7.3, 6.9, 16.3],
			"to": [7.7, 7, 16.5],
			"rotation": {"angle": 0, "axis": "y", "origin": [7.8, 8.1, 20]},
			"faces": {
				"north": {"uv": [16, 0, 0, 16], "texture": "#1"},
				"east": {"uv": [16, 0, 0, 16], "texture": "#1"},
				"south": {"uv": [16, 0, 0, 16], "texture": "#1"},
				"west": {"uv": [16, 0, 0, 16], "texture": "#1"},
				"up": {"uv": [16, 0, 0, 16], "texture": "#1"},
				"down": {"uv": [16, 0, 0, 16], "texture": "#1"}
			}
		},
		{
			"from": [8.3, 7.1434, 14.48159],
			"to": [8.5, 8.2434, 15.58159],
			"rotation": {"angle": 45, "axis": "x", "origin": [8.41325, 7.73402, 15.23859]},
			"faces": {
				"north": {"uv": [16, 0, 0, 16], "texture": "#2"},
				"east": {"uv": [16, 0, 0, 16], "texture": "#2"},
				"south": {"uv": [16, 0, 0, 16], "texture": "#2"},
				"west": {"uv": [16, 0, 0, 16], "texture": "#2"},
				"up": {"uv": [16, 0, 0, 16], "texture": "#2"},
				"down": {"uv": [16, 0, 0, 16], "texture": "#2"}
			}
		},
		{
			"from": [8.3, 5.0434, 12.98159],
			"to": [8.5, 5.3434, 13.28159],
			"rotation": {"angle": 45, "axis": "x", "origin": [8.41325, 7.73402, 15.23859]},
			"faces": {
				"north": {"uv": [16, 0, 0, 16], "texture": "#2"},
				"east": {"uv": [16, 0, 0, 16], "texture": "#2"},
				"south": {"uv": [16, 0, 0, 16], "texture": "#2"},
				"west": {"uv": [16, 0, 0, 16], "texture": "#2"},
				"up": {"uv": [16, 0, 0, 16], "texture": "#2"},
				"down": {"uv": [16, 0, 0, 16], "texture": "#2"}
			}
		},
		{
			"from": [8.3, 5.9434, 13.98159],
			"to": [8.5, 6.2434, 14.28159],
			"rotation": {"angle": 45, "axis": "x", "origin": [8.41325, 7.73402, 15.23859]},
			"faces": {
				"north": {"uv": [16, 0, 0, 16], "texture": "#2"},
				"east": {"uv": [16, 0, 0, 16], "texture": "#2"},
				"south": {"uv": [16, 0, 0, 16], "texture": "#2"},
				"west": {"uv": [16, 0, 0, 16], "texture": "#2"},
				"up": {"uv": [16, 0, 0, 16], "texture": "#2"},
				"down": {"uv": [16, 0, 0, 16], "texture": "#2"}
			}
		},
		{
			"from": [8.35, 8.42541, 14.85035],
			"to": [8.45, 8.92541, 15.25035],
			"rotation": {"angle": 0, "axis": "y", "origin": [8.38142, 8.65981, 14.61614]},
			"faces": {
				"north": {"uv": [16, 0, 0, 16], "texture": "#2"},
				"east": {"uv": [16, 0, 0, 16], "texture": "#2"},
				"south": {"uv": [16, 0, 0, 16], "texture": "#2"},
				"west": {"uv": [16, 0, 0, 16], "texture": "#2"},
				"up": {"uv": [16, 0, 0, 16], "texture": "#2"},
				"down": {"uv": [16, 0, 0, 16], "texture": "#2"}
			}
		},
		{
			"from": [7.75, 8.35, 13.45035],
			"to": [8.55, 8.55, 14.25035],
			"rotation": {"angle": 0, "axis": "y", "origin": [8.38142, 8.35981, 14.81614]},
			"faces": {
				"north": {"uv": [16, 0, 0, 16], "texture": "#2"},
				"east": {"uv": [16, 0, 0, 16], "texture": "#2"},
				"south": {"uv": [16, 0, 0, 16], "texture": "#2"},
				"west": {"uv": [16, 0, 0, 16], "texture": "#2"},
				"up": {"uv": [16, 0, 0, 16], "texture": "#2"},
				"down": {"uv": [16, 0, 0, 16], "texture": "#2"}
			}
		},
		{
			"from": [7.75, 8.15, 13.35035],
			"to": [8.55, 8.35, 13.85035],
			"rotation": {"angle": 0, "axis": "y", "origin": [8.38142, 8.35981, 14.81614]},
			"faces": {
				"north": {"uv": [16, 0, 0, 16], "texture": "#2"},
				"east": {"uv": [16, 0, 0, 16], "texture": "#2"},
				"south": {"uv": [16, 0, 0, 16], "texture": "#2"},
				"west": {"uv": [16, 0, 0, 16], "texture": "#2"},
				"up": {"uv": [16, 0, 0, 16], "texture": "#2"},
				"down": {"uv": [16, 0, 0, 16], "texture": "#2"}
			}
		},
		{
			"from": [7.75, 8.05, 11.85035],
			"to": [8.55, 8.25, 13.75035],
			"rotation": {"angle": -22.5, "axis": "x", "origin": [8.15986, 7.94049, 13.59999]},
			"faces": {
				"north": {"uv": [16, 0, 0, 16], "texture": "#2"},
				"east": {"uv": [16, 0, 0, 16], "texture": "#2"},
				"south": {"uv": [16, 0, 0, 16], "texture": "#2"},
				"west": {"uv": [16, 0, 0, 16], "texture": "#2"},
				"up": {"uv": [16, 0, 0, 16], "texture": "#2"},
				"down": {"uv": [16, 0, 0, 16], "texture": "#2"}
			}
		},
		{
			"from": [7.75, 7.25, 11.85035],
			"to": [8.55, 7.55, 11.95035],
			"rotation": {"angle": 0, "axis": "y", "origin": [8.15986, 7.94049, 13.59999]},
			"faces": {
				"north": {"uv": [16, 0, 0, 16], "texture": "#2"},
				"east": {"uv": [16, 0, 0, 16], "texture": "#2"},
				"south": {"uv": [16, 0, 0, 16], "texture": "#2"},
				"west": {"uv": [16, 0, 0, 16], "texture": "#2"},
				"up": {"uv": [16, 0, 0, 16], "texture": "#2"},
				"down": {"uv": [16, 0, 0, 16], "texture": "#2"}
			}
		},
		{
			"from": [7.75, 7.25, 11.85035],
			"to": [8.55, 7.45, 13.55035],
			"rotation": {"angle": 0, "axis": "y", "origin": [8.15986, 7.94049, 13.59999]},
			"faces": {
				"north": {"uv": [16, 0, 0, 16], "texture": "#2"},
				"east": {"uv": [16, 0, 0, 16], "texture": "#2"},
				"south": {"uv": [16, 0, 0, 16], "texture": "#2"},
				"west": {"uv": [16, 0, 0, 16], "texture": "#2"},
				"up": {"uv": [16, 0, 0, 16], "texture": "#2"},
				"down": {"uv": [16, 0, 0, 16], "texture": "#2"}
			}
		},
		{
			"from": [8.15, 8.65, 13.45035],
			"to": [8.55, 8.75, 14.25035],
			"rotation": {"angle": -22.5, "axis": "x", "origin": [8.15951, 8.4904, 13.85042]},
			"faces": {
				"north": {"uv": [16, 0, 0, 16], "texture": "#2"},
				"east": {"uv": [16, 0, 0, 16], "texture": "#2"},
				"south": {"uv": [16, 0, 0, 16], "texture": "#2"},
				"west": {"uv": [16, 0, 0, 16], "texture": "#2"},
				"up": {"uv": [16, 0, 0, 16], "texture": "#2"},
				"down": {"uv": [16, 0, 0, 16], "texture": "#2"}
			}
		},
		{
			"from": [8.2, 8.75, 14.05035],
			"to": [8.6, 9.65, 14.15035],
			"rotation": {"angle": 0, "axis": "y", "origin": [8.15951, 8.4904, 13.85042]},
			"faces": {
				"north": {"uv": [16, 0, 0, 16], "texture": "#2"},
				"east": {"uv": [16, 0, 0, 16], "texture": "#2"},
				"south": {"uv": [16, 0, 0, 16], "texture": "#2"},
				"west": {"uv": [16, 0, 0, 16], "texture": "#2"},
				"up": {"uv": [16, 0, 0, 16], "texture": "#2"},
				"down": {"uv": [16, 0, 0, 16], "texture": "#2"}
			}
		},
		{
			"from": [8.4, 8.82541, 15.15035],
			"to": [8.5, 9.12541, 15.55035],
			"rotation": {"angle": -22.5, "axis": "x", "origin": [8.41243, 8.9131, 15.4502]},
			"faces": {
				"north": {"uv": [16, 0, 0, 16], "texture": "#2"},
				"east": {"uv": [16, 0, 0, 16], "texture": "#2"},
				"south": {"uv": [16, 0, 0, 16], "texture": "#2"},
				"west": {"uv": [16, 0, 0, 16], "texture": "#2"},
				"up": {"uv": [16, 0, 0, 16], "texture": "#2"},
				"down": {"uv": [16, 0, 0, 16], "texture": "#2"}
			}
		},
		{
			"from": [8.35, 8.92541, 15.45035],
			"to": [8.45, 9.82541, 15.65035],
			"rotation": {"angle": 22.5, "axis": "x", "origin": [8.412, 9.36275, 15.65099]},
			"faces": {
				"north": {"uv": [16, 0, 0, 16], "texture": "#2"},
				"east": {"uv": [16, 0, 0, 16], "texture": "#2"},
				"south": {"uv": [16, 0, 0, 16], "texture": "#2"},
				"west": {"uv": [16, 0, 0, 16], "texture": "#2"},
				"up": {"uv": [16, 0, 0, 16], "texture": "#2"},
				"down": {"uv": [16, 0, 0, 16], "texture": "#2"}
			}
		},
		{
			"from": [8.25, 9.42541, 15.15035],
			"to": [8.55, 9.62541, 15.45035],
			"rotation": {"angle": 22.5, "axis": "x", "origin": [8.412, 9.36275, 15.65099]},
			"faces": {
				"north": {"uv": [16, 0, 0, 16], "texture": "#2"},
				"east": {"uv": [16, 0, 0, 16], "texture": "#2"},
				"south": {"uv": [16, 0, 0, 16], "texture": "#2"},
				"west": {"uv": [16, 0, 0, 16], "texture": "#2"},
				"up": {"uv": [16, 0, 0, 16], "texture": "#2"},
				"down": {"uv": [16, 0, 0, 16], "texture": "#2"}
			}
		},
		{
			"from": [8.3, 9.47541, 14.95035],
			"to": [8.5, 9.57541, 15.15035],
			"rotation": {"angle": 22.5, "axis": "x", "origin": [8.412, 9.36275, 15.65099]},
			"faces": {
				"north": {"uv": [16, 0, 0, 16], "texture": "#3"},
				"east": {"uv": [16, 0, 0, 16], "texture": "#3"},
				"south": {"uv": [16, 0, 0, 16], "texture": "#3"},
				"west": {"uv": [16, 0, 0, 16], "texture": "#3"},
				"up": {"uv": [16, 0, 0, 16], "texture": "#3"},
				"down": {"uv": [16, 0, 0, 16], "texture": "#3"}
			}
		},
		{
			"from": [7.9, 7.05, 11.7],
			"to": [8.3, 7.7, 13.3],
			"rotation": {"angle": 0, "axis": "y", "origin": [7.8, 8.1, 20]},
			"faces": {
				"north": {"uv": [16, 0, 0, 16], "texture": "#1"},
				"east": {"uv": [16, 0, 0, 16], "texture": "#1"},
				"south": {"uv": [16, 0, 0, 16], "texture": "#1"},
				"west": {"uv": [16, 0, 0, 16], "texture": "#1"},
				"up": {"uv": [16, 0, 0, 16], "texture": "#1"},
				"down": {"uv": [16, 0, 0, 16], "texture": "#1"}
			}
		},
		{
			"from": [7.9, 7.7, 12.3],
			"to": [8.3, 8.05, 13.3],
			"rotation": {"angle": 0, "axis": "y", "origin": [7.8, 8.1, 20]},
			"faces": {
				"north": {"uv": [16, 0, 0, 16], "texture": "#1"},
				"east": {"uv": [16, 0, 0, 16], "texture": "#1"},
				"south": {"uv": [16, 0, 0, 16], "texture": "#1"},
				"west": {"uv": [16, 0, 0, 16], "texture": "#1"},
				"up": {"uv": [16, 0, 0, 16], "texture": "#1"},
				"down": {"uv": [16, 0, 0, 16], "texture": "#1"}
			}
		},
		{
			"from": [8.05, 7.4, 11],
			"to": [8.25, 8.35, 15.3],
			"rotation": {"angle": 0, "axis": "y", "origin": [8, 8, 20]},
			"faces": {
				"north": {"uv": [16, 0, 0, 16], "texture": "#0"},
				"east": {"uv": [16, 0, 0, 16], "texture": "#0"},
				"south": {"uv": [16, 0, 0, 16], "texture": "#0"},
				"west": {"uv": [16, 0, 0, 16], "texture": "#0"},
				"up": {"uv": [0, 16, 16, 0], "texture": "#0"},
				"down": {"uv": [0, 16, 16, 0], "texture": "#0"}
			}
		},
		{
			"from": [8.15, 7.4, -1.3],
			"to": [8.25, 7.85, 11],
			"rotation": {"angle": 0, "axis": "y", "origin": [8, 8, 20]},
			"faces": {
				"north": {"uv": [16, 0, 0, 16], "texture": "#0"},
				"east": {"uv": [16, 0, 0, 16], "texture": "#0"},
				"south": {"uv": [16, 0, 0, 16], "texture": "#0"},
				"west": {"uv": [16, 0, 0, 16], "texture": "#0"},
				"up": {"uv": [0, 16, 16, 0], "texture": "#0"},
				"down": {"uv": [0, 16, 16, 0], "texture": "#0"}
			}
		},
		{
			"from": [8.15, 7.85, 9.7],
			"to": [8.25, 8.1, 11],
			"rotation": {"angle": 0, "axis": "y", "origin": [8, 8, 20]},
			"faces": {
				"north": {"uv": [16, 0, 0, 16], "texture": "#0"},
				"east": {"uv": [16, 0, 0, 16], "texture": "#0"},
				"south": {"uv": [16, 0, 0, 16], "texture": "#0"},
				"west": {"uv": [16, 0, 0, 16], "texture": "#0"},
				"up": {"uv": [0, 16, 16, 0], "texture": "#0"},
				"down": {"uv": [0, 16, 16, 0], "texture": "#0"}
			}
		},
		{
			"from": [6.75, 7.85, 9.7],
			"to": [6.85, 8.1, 11],
			"rotation": {"angle": 0, "axis": "y", "origin": [8, 8, 20]},
			"faces": {
				"north": {"uv": [16, 0, 0, 16], "texture": "#0"},
				"east": {"uv": [16, 0, 0, 16], "texture": "#0"},
				"south": {"uv": [16, 0, 0, 16], "texture": "#0"},
				"west": {"uv": [16, 0, 0, 16], "texture": "#0"},
				"up": {"uv": [0, 16, 16, 0], "texture": "#0"},
				"down": {"uv": [0, 16, 16, 0], "texture": "#0"}
			}
		},
		{
			"from": [6.75, 7.4, -1.3],
			"to": [6.85, 7.85, 11],
			"rotation": {"angle": 0, "axis": "y", "origin": [6.6, 8, 20]},
			"faces": {
				"north": {"uv": [16, 0, 0, 16], "texture": "#0"},
				"east": {"uv": [16, 0, 0, 16], "texture": "#0"},
				"south": {"uv": [16, 0, 0, 16], "texture": "#0"},
				"west": {"uv": [16, 0, 0, 16], "texture": "#0"},
				"up": {"uv": [0, 16, 16, 0], "texture": "#0"},
				"down": {"uv": [0, 16, 16, 0], "texture": "#0"}
			}
		},
		{
			"from": [7.2, 7.2, -1.35],
			"to": [7.8, 7.3, 15],
			"rotation": {"angle": 0, "axis": "y", "origin": [8, 7.4, 20]},
			"faces": {
				"north": {"uv": [16, 0, 0, 16], "texture": "#5"},
				"east": {"uv": [16, 0, 0, 16], "texture": "#5"},
				"south": {"uv": [16, 0, 0, 16], "texture": "#5"},
				"west": {"uv": [16, 0, 0, 16], "texture": "#5"},
				"up": {"uv": [16, 0, 0, 16], "texture": "#5"},
				"down": {"uv": [16, 0, 0, 16], "texture": "#5"}
			}
		},
		{
			"from": [7.2, 7.1, -2.1],
			"to": [7.8, 7.2, -1.3],
			"rotation": {"angle": 0, "axis": "y", "origin": [8, 7.4, 19.2]},
			"faces": {
				"north": {"uv": [16, 0, 0, 16], "texture": "#5"},
				"east": {"uv": [16, 0, 0, 16], "texture": "#5"},
				"south": {"uv": [16, 0, 0, 16], "texture": "#5"},
				"west": {"uv": [16, 0, 0, 16], "texture": "#5"},
				"up": {"uv": [16, 0, 0, 16], "texture": "#5"},
				"down": {"uv": [16, 0, 0, 16], "texture": "#5"}
			}
		},
		{
			"from": [7.2, 7, -2.5],
			"to": [7.8, 7.1, -2.1],
			"rotation": {"angle": 0, "axis": "y", "origin": [8, 7.4, 18.4]},
			"faces": {
				"north": {"uv": [16, 0, 0, 16], "texture": "#5"},
				"east": {"uv": [16, 0, 0, 16], "texture": "#5"},
				"south": {"uv": [16, 0, 0, 16], "texture": "#5"},
				"west": {"uv": [16, 0, 0, 16], "texture": "#5"},
				"up": {"uv": [16, 0, 0, 16], "texture": "#5"},
				"down": {"uv": [16, 0, 0, 16], "texture": "#5"}
			}
		},
		{
			"from": [7.2, 8.5, -1.35],
			"to": [7.8, 8.6, 15],
			"rotation": {"angle": 0, "axis": "y", "origin": [8, 7.4, 20]},
			"faces": {
				"north": {"uv": [16, 0, 0, 16], "texture": "#5"},
				"east": {"uv": [16, 0, 0, 16], "texture": "#5"},
				"south": {"uv": [16, 0, 0, 16], "texture": "#5"},
				"west": {"uv": [16, 0, 0, 16], "texture": "#5"},
				"up": {"uv": [16, 0, 0, 16], "texture": "#5"},
				"down": {"uv": [16, 0, 0, 16], "texture": "#5"}
			}
		},
		{
			"from": [7.2, 8.6, -2.1],
			"to": [7.8, 8.7, -1.3],
			"rotation": {"angle": 0, "axis": "y", "origin": [8, 7.4, 19.2]},
			"faces": {
				"north": {"uv": [16, 0, 0, 16], "texture": "#5"},
				"east": {"uv": [16, 0, 0, 16], "texture": "#5"},
				"south": {"uv": [16, 0, 0, 16], "texture": "#5"},
				"west": {"uv": [16, 0, 0, 16], "texture": "#5"},
				"up": {"uv": [16, 0, 0, 16], "texture": "#5"},
				"down": {"uv": [16, 0, 0, 16], "texture": "#5"}
			}
		},
		{
			"from": [7.2, 8.7, -2.5],
			"to": [7.8, 8.8, -2.1],
			"rotation": {"angle": 0, "axis": "y", "origin": [8, 7.4, 18.4]},
			"faces": {
				"north": {"uv": [16, 0, 0, 16], "texture": "#5"},
				"east": {"uv": [16, 0, 0, 16], "texture": "#5"},
				"south": {"uv": [16, 0, 0, 16], "texture": "#5"},
				"west": {"uv": [16, 0, 0, 16], "texture": "#5"},
				"up": {"uv": [16, 0, 0, 16], "texture": "#5"},
				"down": {"uv": [16, 0, 0, 16], "texture": "#5"}
			}
		},
		{
			"from": [6.8, 7.6, -1.35],
			"to": [6.9, 8.2, 15],
			"rotation": {"angle": 0, "axis": "y", "origin": [8, 7.4, 20]},
			"faces": {
				"north": {"uv": [16, 0, 0, 16], "texture": "#5"},
				"east": {"uv": [16, 0, 0, 16], "texture": "#5"},
				"south": {"uv": [16, 0, 0, 16], "texture": "#5"},
				"west": {"uv": [16, 0, 0, 16], "texture": "#5"},
				"up": {"uv": [16, 0, 0, 16], "texture": "#5"},
				"down": {"uv": [16, 0, 0, 16], "texture": "#5"}
			}
		},
		{
			"from": [6.7, 7.6, -2.1],
			"to": [6.8, 8.2, -1.3],
			"rotation": {"angle": 0, "axis": "y", "origin": [8, 7.4, 19.2]},
			"faces": {
				"north": {"uv": [16, 0, 0, 16], "texture": "#5"},
				"east": {"uv": [16, 0, 0, 16], "texture": "#5"},
				"south": {"uv": [16, 0, 0, 16], "texture": "#5"},
				"west": {"uv": [16, 0, 0, 16], "texture": "#5"},
				"up": {"uv": [16, 0, 0, 16], "texture": "#5"},
				"down": {"uv": [16, 0, 0, 16], "texture": "#5"}
			}
		},
		{
			"from": [6.6, 7.6, -2.5],
			"to": [6.7, 8.2, -2.1],
			"rotation": {"angle": 0, "axis": "y", "origin": [8, 7.4, 18.4]},
			"faces": {
				"north": {"uv": [16, 0, 0, 16], "texture": "#5"},
				"east": {"uv": [16, 0, 0, 16], "texture": "#5"},
				"south": {"uv": [16, 0, 0, 16], "texture": "#5"},
				"west": {"uv": [16, 0, 0, 16], "texture": "#5"},
				"up": {"uv": [16, 0, 0, 16], "texture": "#5"},
				"down": {"uv": [16, 0, 0, 16], "texture": "#5"}
			}
		},
		{
			"from": [8.1, 7.6, -1.35],
			"to": [8.2, 8.2, 15],
			"rotation": {"angle": 0, "axis": "y", "origin": [8, 7.4, 20]},
			"faces": {
				"north": {"uv": [16, 0, 0, 16], "texture": "#5"},
				"east": {"uv": [16, 0, 0, 16], "texture": "#5"},
				"south": {"uv": [16, 0, 0, 16], "texture": "#5"},
				"west": {"uv": [16, 0, 0, 16], "texture": "#5"},
				"up": {"uv": [16, 0, 0, 16], "texture": "#5"},
				"down": {"uv": [16, 0, 0, 16], "texture": "#5"}
			}
		},
		{
			"from": [8.2, 7.6, -2.1],
			"to": [8.3, 8.2, -1.3],
			"rotation": {"angle": 0, "axis": "y", "origin": [8, 7.4, 19.2]},
			"faces": {
				"north": {"uv": [16, 0, 0, 16], "texture": "#5"},
				"east": {"uv": [16, 0, 0, 16], "texture": "#5"},
				"south": {"uv": [16, 0, 0, 16], "texture": "#5"},
				"west": {"uv": [16, 0, 0, 16], "texture": "#5"},
				"up": {"uv": [16, 0, 0, 16], "texture": "#5"},
				"down": {"uv": [16, 0, 0, 16], "texture": "#5"}
			}
		},
		{
			"from": [8.3, 7.6, -2.5],
			"to": [8.4, 8.2, -2.1],
			"rotation": {"angle": 0, "axis": "y", "origin": [8, 7.4, 18.4]},
			"faces": {
				"north": {"uv": [16, 0, 0, 16], "texture": "#5"},
				"east": {"uv": [16, 0, 0, 16], "texture": "#5"},
				"south": {"uv": [16, 0, 0, 16], "texture": "#5"},
				"west": {"uv": [16, 0, 0, 16], "texture": "#5"},
				"up": {"uv": [16, 0, 0, 16], "texture": "#5"},
				"down": {"uv": [16, 0, 0, 16], "texture": "#5"}
			}
		},
		{
			"from": [7.1, 7.3, -1.35],
			"to": [7.2, 7.4, 15],
			"rotation": {"angle": 0, "axis": "y", "origin": [8, 7.4, 20]},
			"faces": {
				"north": {"uv": [16, 0, 0, 16], "texture": "#5"},
				"east": {"uv": [16, 0, 0, 16], "texture": "#5"},
				"south": {"uv": [16, 0, 0, 16], "texture": "#5"},
				"west": {"uv": [16, 0, 0, 16], "texture": "#5"},
				"up": {"uv": [16, 0, 0, 16], "texture": "#5"},
				"down": {"uv": [16, 0, 0, 16], "texture": "#5"}
			}
		},
		{
			"from": [7, 7.2, -2.1],
			"to": [7.2, 7.3, -1.3],
			"rotation": {"angle": 0, "axis": "y", "origin": [8, 7.4, 19.2]},
			"faces": {
				"north": {"uv": [16, 0, 0, 16], "texture": "#5"},
				"east": {"uv": [16, 0, 0, 16], "texture": "#5"},
				"south": {"uv": [16, 0, 0, 16], "texture": "#5"},
				"west": {"uv": [16, 0, 0, 16], "texture": "#5"},
				"up": {"uv": [16, 0, 0, 16], "texture": "#5"},
				"down": {"uv": [16, 0, 0, 16], "texture": "#5"}
			}
		},
		{
			"from": [7, 7.1, -2.5],
			"to": [7.2, 7.2, -2.1],
			"rotation": {"angle": 0, "axis": "y", "origin": [8, 7.4, 18.4]},
			"faces": {
				"north": {"uv": [16, 0, 0, 16], "texture": "#5"},
				"east": {"uv": [16, 0, 0, 16], "texture": "#5"},
				"south": {"uv": [16, 0, 0, 16], "texture": "#5"},
				"west": {"uv": [16, 0, 0, 16], "texture": "#5"},
				"up": {"uv": [16, 0, 0, 16], "texture": "#5"},
				"down": {"uv": [16, 0, 0, 16], "texture": "#5"}
			}
		},
		{
			"from": [7, 7.4, -1.35],
			"to": [7.1, 7.5, 15],
			"rotation": {"angle": 0, "axis": "y", "origin": [8, 7.4, 20]},
			"faces": {
				"north": {"uv": [16, 0, 0, 16], "texture": "#5"},
				"east": {"uv": [16, 0, 0, 16], "texture": "#5"},
				"south": {"uv": [16, 0, 0, 16], "texture": "#5"},
				"west": {"uv": [16, 0, 0, 16], "texture": "#5"},
				"up": {"uv": [16, 0, 0, 16], "texture": "#5"},
				"down": {"uv": [16, 0, 0, 16], "texture": "#5"}
			}
		},
		{
			"from": [6.9, 7.3, -2.1],
			"to": [7, 7.4, -1.3],
			"rotation": {"angle": 0, "axis": "y", "origin": [8, 7.4, 19.2]},
			"faces": {
				"north": {"uv": [16, 0, 0, 16], "texture": "#5"},
				"east": {"uv": [16, 0, 0, 16], "texture": "#5"},
				"south": {"uv": [16, 0, 0, 16], "texture": "#5"},
				"west": {"uv": [16, 0, 0, 16], "texture": "#5"},
				"up": {"uv": [16, 0, 0, 16], "texture": "#5"},
				"down": {"uv": [16, 0, 0, 16], "texture": "#5"}
			}
		},
		{
			"from": [6.9, 7.2, -2.5],
			"to": [7, 7.3, -2.1],
			"rotation": {"angle": 0, "axis": "y", "origin": [8, 7.4, 18.4]},
			"faces": {
				"north": {"uv": [16, 0, 0, 16], "texture": "#5"},
				"east": {"uv": [16, 0, 0, 16], "texture": "#5"},
				"south": {"uv": [16, 0, 0, 16], "texture": "#5"},
				"west": {"uv": [16, 0, 0, 16], "texture": "#5"},
				"up": {"uv": [16, 0, 0, 16], "texture": "#5"},
				"down": {"uv": [16, 0, 0, 16], "texture": "#5"}
			}
		},
		{
			"from": [6.9, 8.2, -1.35],
			"to": [7, 8.3, 15],
			"rotation": {"angle": 0, "axis": "y", "origin": [8, 8.2, 20]},
			"faces": {
				"north": {"uv": [16, 0, 0, 16], "texture": "#5"},
				"east": {"uv": [16, 0, 0, 16], "texture": "#5"},
				"south": {"uv": [16, 0, 0, 16], "texture": "#5"},
				"west": {"uv": [16, 0, 0, 16], "texture": "#5"},
				"up": {"uv": [16, 0, 0, 16], "texture": "#5"},
				"down": {"uv": [16, 0, 0, 16], "texture": "#5"}
			}
		},
		{
			"from": [6.8, 8.2, -2.1],
			"to": [6.9, 8.4, -1.3],
			"rotation": {"angle": 0, "axis": "y", "origin": [8, 8.2, 19.2]},
			"faces": {
				"north": {"uv": [16, 0, 0, 16], "texture": "#5"},
				"east": {"uv": [16, 0, 0, 16], "texture": "#5"},
				"south": {"uv": [16, 0, 0, 16], "texture": "#5"},
				"west": {"uv": [16, 0, 0, 16], "texture": "#5"},
				"up": {"uv": [16, 0, 0, 16], "texture": "#5"},
				"down": {"uv": [16, 0, 0, 16], "texture": "#5"}
			}
		},
		{
			"from": [6.7, 8.2, -2.5],
			"to": [6.8, 8.4, -2.1],
			"rotation": {"angle": 0, "axis": "y", "origin": [8, 8.2, 18.4]},
			"faces": {
				"north": {"uv": [16, 0, 0, 16], "texture": "#5"},
				"east": {"uv": [16, 0, 0, 16], "texture": "#5"},
				"south": {"uv": [16, 0, 0, 16], "texture": "#5"},
				"west": {"uv": [16, 0, 0, 16], "texture": "#5"},
				"up": {"uv": [16, 0, 0, 16], "texture": "#5"},
				"down": {"uv": [16, 0, 0, 16], "texture": "#5"}
			}
		},
		{
			"from": [8, 8.2, -1.35],
			"to": [8.1, 8.3, 15],
			"rotation": {"angle": 0, "axis": "y", "origin": [9, 8.2, 20]},
			"faces": {
				"north": {"uv": [16, 0, 0, 16], "texture": "#5"},
				"east": {"uv": [16, 0, 0, 16], "texture": "#5"},
				"south": {"uv": [16, 0, 0, 16], "texture": "#5"},
				"west": {"uv": [16, 0, 0, 16], "texture": "#5"},
				"up": {"uv": [16, 0, 0, 16], "texture": "#5"},
				"down": {"uv": [16, 0, 0, 16], "texture": "#5"}
			}
		},
		{
			"from": [8.1, 8.2, -2.1],
			"to": [8.2, 8.4, -1.3],
			"rotation": {"angle": 0, "axis": "y", "origin": [9, 8.2, 19.2]},
			"faces": {
				"north": {"uv": [16, 0, 0, 16], "texture": "#5"},
				"east": {"uv": [16, 0, 0, 16], "texture": "#5"},
				"south": {"uv": [16, 0, 0, 16], "texture": "#5"},
				"west": {"uv": [16, 0, 0, 16], "texture": "#5"},
				"up": {"uv": [16, 0, 0, 16], "texture": "#5"},
				"down": {"uv": [16, 0, 0, 16], "texture": "#5"}
			}
		},
		{
			"from": [8.2, 8.2, -2.5],
			"to": [8.3, 8.4, -2.1],
			"rotation": {"angle": 0, "axis": "y", "origin": [9, 8.2, 18.4]},
			"faces": {
				"north": {"uv": [16, 0, 0, 16], "texture": "#5"},
				"east": {"uv": [16, 0, 0, 16], "texture": "#5"},
				"south": {"uv": [16, 0, 0, 16], "texture": "#5"},
				"west": {"uv": [16, 0, 0, 16], "texture": "#5"},
				"up": {"uv": [16, 0, 0, 16], "texture": "#5"},
				"down": {"uv": [16, 0, 0, 16], "texture": "#5"}
			}
		},
		{
			"from": [7.9, 7.4, -1.35],
			"to": [8, 7.5, 15],
			"rotation": {"angle": 0, "axis": "y", "origin": [9.1, 7.4, 20]},
			"faces": {
				"north": {"uv": [16, 0, 0, 16], "texture": "#5"},
				"east": {"uv": [16, 0, 0, 16], "texture": "#5"},
				"south": {"uv": [16, 0, 0, 16], "texture": "#5"},
				"west": {"uv": [16, 0, 0, 16], "texture": "#5"},
				"up": {"uv": [16, 0, 0, 16], "texture": "#5"},
				"down": {"uv": [16, 0, 0, 16], "texture": "#5"}
			}
		},
		{
			"from": [8, 7.3, -2.1],
			"to": [8.1, 7.4, -1.3],
			"rotation": {"angle": 0, "axis": "y", "origin": [9.1, 7.4, 19.2]},
			"faces": {
				"north": {"uv": [16, 0, 0, 16], "texture": "#5"},
				"east": {"uv": [16, 0, 0, 16], "texture": "#5"},
				"south": {"uv": [16, 0, 0, 16], "texture": "#5"},
				"west": {"uv": [16, 0, 0, 16], "texture": "#5"},
				"up": {"uv": [16, 0, 0, 16], "texture": "#5"},
				"down": {"uv": [16, 0, 0, 16], "texture": "#5"}
			}
		},
		{
			"from": [8, 7.2, -2.5],
			"to": [8.1, 7.3, -2.1],
			"rotation": {"angle": 0, "axis": "y", "origin": [9.1, 7.4, 18.4]},
			"faces": {
				"north": {"uv": [16, 0, 0, 16], "texture": "#5"},
				"east": {"uv": [16, 0, 0, 16], "texture": "#5"},
				"south": {"uv": [16, 0, 0, 16], "texture": "#5"},
				"west": {"uv": [16, 0, 0, 16], "texture": "#5"},
				"up": {"uv": [16, 0, 0, 16], "texture": "#5"},
				"down": {"uv": [16, 0, 0, 16], "texture": "#5"}
			}
		},
		{
			"from": [8.1, 7.3, -2.5],
			"to": [8.2, 7.4, -2.1],
			"rotation": {"angle": 0, "axis": "y", "origin": [9.1, 7.4, 18.4]},
			"faces": {
				"north": {"uv": [16, 0, 0, 16], "texture": "#5"},
				"east": {"uv": [16, 0, 0, 16], "texture": "#5"},
				"south": {"uv": [16, 0, 0, 16], "texture": "#5"},
				"west": {"uv": [16, 0, 0, 16], "texture": "#5"},
				"up": {"uv": [16, 0, 0, 16], "texture": "#5"},
				"down": {"uv": [16, 0, 0, 16], "texture": "#5"}
			}
		},
		{
			"from": [6.8, 7.3, -2.5],
			"to": [6.9, 7.4, -2.1],
			"rotation": {"angle": 0, "axis": "y", "origin": [9.1, 7.4, 18.4]},
			"faces": {
				"north": {"uv": [16, 0, 0, 16], "texture": "#5"},
				"east": {"uv": [16, 0, 0, 16], "texture": "#5"},
				"south": {"uv": [16, 0, 0, 16], "texture": "#5"},
				"west": {"uv": [16, 0, 0, 16], "texture": "#5"},
				"up": {"uv": [16, 0, 0, 16], "texture": "#5"},
				"down": {"uv": [16, 0, 0, 16], "texture": "#5"}
			}
		},
		{
			"from": [6.8, 8.4, -2.5],
			"to": [6.9, 8.5, -2.1],
			"rotation": {"angle": 0, "axis": "y", "origin": [9.1, 7.4, 18.4]},
			"faces": {
				"north": {"uv": [16, 0, 0, 16], "texture": "#5"},
				"east": {"uv": [16, 0, 0, 16], "texture": "#5"},
				"south": {"uv": [16, 0, 0, 16], "texture": "#5"},
				"west": {"uv": [16, 0, 0, 16], "texture": "#5"},
				"up": {"uv": [16, 0, 0, 16], "texture": "#5"},
				"down": {"uv": [16, 0, 0, 16], "texture": "#5"}
			}
		},
		{
			"from": [8.1, 8.4, -2.5],
			"to": [8.2, 8.5, -2.1],
			"rotation": {"angle": 0, "axis": "y", "origin": [9.1, 7.4, 18.4]},
			"faces": {
				"north": {"uv": [16, 0, 0, 16], "texture": "#5"},
				"east": {"uv": [16, 0, 0, 16], "texture": "#5"},
				"south": {"uv": [16, 0, 0, 16], "texture": "#5"},
				"west": {"uv": [16, 0, 0, 16], "texture": "#5"},
				"up": {"uv": [16, 0, 0, 16], "texture": "#5"},
				"down": {"uv": [16, 0, 0, 16], "texture": "#5"}
			}
		},
		{
			"from": [6.9, 7.5, -1.35],
			"to": [7, 7.6, 15],
			"rotation": {"angle": 0, "axis": "y", "origin": [8, 7.4, 20]},
			"faces": {
				"north": {"uv": [16, 0, 0, 16], "texture": "#5"},
				"east": {"uv": [16, 0, 0, 16], "texture": "#5"},
				"south": {"uv": [16, 0, 0, 16], "texture": "#5"},
				"west": {"uv": [16, 0, 0, 16], "texture": "#5"},
				"up": {"uv": [16, 0, 0, 16], "texture": "#5"},
				"down": {"uv": [16, 0, 0, 16], "texture": "#5"}
			}
		},
		{
			"from": [6.8, 7.4, -2.1],
			"to": [6.9, 7.6, -1.3],
			"rotation": {"angle": 0, "axis": "y", "origin": [8, 7.4, 19.2]},
			"faces": {
				"north": {"uv": [16, 0, 0, 16], "texture": "#5"},
				"east": {"uv": [16, 0, 0, 16], "texture": "#5"},
				"south": {"uv": [16, 0, 0, 16], "texture": "#5"},
				"west": {"uv": [16, 0, 0, 16], "texture": "#5"},
				"up": {"uv": [16, 0, 0, 16], "texture": "#5"},
				"down": {"uv": [16, 0, 0, 16], "texture": "#5"}
			}
		},
		{
			"from": [6.7, 7.4, -2.5],
			"to": [6.8, 7.6, -2.1],
			"rotation": {"angle": 0, "axis": "y", "origin": [8, 7.4, 18.4]},
			"faces": {
				"north": {"uv": [16, 0, 0, 16], "texture": "#5"},
				"east": {"uv": [16, 0, 0, 16], "texture": "#5"},
				"south": {"uv": [16, 0, 0, 16], "texture": "#5"},
				"west": {"uv": [16, 0, 0, 16], "texture": "#5"},
				"up": {"uv": [16, 0, 0, 16], "texture": "#5"},
				"down": {"uv": [16, 0, 0, 16], "texture": "#5"}
			}
		},
		{
			"from": [7, 8.3, -1.35],
			"to": [7.1, 8.4, 15],
			"rotation": {"angle": 0, "axis": "y", "origin": [8, 8.2, 20]},
			"faces": {
				"north": {"uv": [16, 0, 0, 16], "texture": "#5"},
				"east": {"uv": [16, 0, 0, 16], "texture": "#5"},
				"south": {"uv": [16, 0, 0, 16], "texture": "#5"},
				"west": {"uv": [16, 0, 0, 16], "texture": "#5"},
				"up": {"uv": [16, 0, 0, 16], "texture": "#5"},
				"down": {"uv": [16, 0, 0, 16], "texture": "#5"}
			}
		},
		{
			"from": [6.9, 8.4, -2.1],
			"to": [7, 8.5, -1.3],
			"rotation": {"angle": 0, "axis": "y", "origin": [8, 8.2, 19.2]},
			"faces": {
				"north": {"uv": [16, 0, 0, 16], "texture": "#5"},
				"east": {"uv": [16, 0, 0, 16], "texture": "#5"},
				"south": {"uv": [16, 0, 0, 16], "texture": "#5"},
				"west": {"uv": [16, 0, 0, 16], "texture": "#5"},
				"up": {"uv": [16, 0, 0, 16], "texture": "#5"},
				"down": {"uv": [16, 0, 0, 16], "texture": "#5"}
			}
		},
		{
			"from": [6.9, 8.5, -2.5],
			"to": [7, 8.6, -2.1],
			"rotation": {"angle": 0, "axis": "y", "origin": [8, 8.2, 18.4]},
			"faces": {
				"north": {"uv": [16, 0, 0, 16], "texture": "#5"},
				"east": {"uv": [16, 0, 0, 16], "texture": "#5"},
				"south": {"uv": [16, 0, 0, 16], "texture": "#5"},
				"west": {"uv": [16, 0, 0, 16], "texture": "#5"},
				"up": {"uv": [16, 0, 0, 16], "texture": "#5"},
				"down": {"uv": [16, 0, 0, 16], "texture": "#5"}
			}
		},
		{
			"from": [7.9, 8.3, -1.35],
			"to": [8, 8.4, 15],
			"rotation": {"angle": 0, "axis": "y", "origin": [9, 8.2, 20]},
			"faces": {
				"north": {"uv": [16, 0, 0, 16], "texture": "#5"},
				"east": {"uv": [16, 0, 0, 16], "texture": "#5"},
				"south": {"uv": [16, 0, 0, 16], "texture": "#5"},
				"west": {"uv": [16, 0, 0, 16], "texture": "#5"},
				"up": {"uv": [16, 0, 0, 16], "texture": "#5"},
				"down": {"uv": [16, 0, 0, 16], "texture": "#5"}
			}
		},
		{
			"from": [8, 8.4, -2.1],
			"to": [8.1, 8.5, -1.3],
			"rotation": {"angle": 0, "axis": "y", "origin": [9, 8.2, 19.2]},
			"faces": {
				"north": {"uv": [16, 0, 0, 16], "texture": "#5"},
				"east": {"uv": [16, 0, 0, 16], "texture": "#5"},
				"south": {"uv": [16, 0, 0, 16], "texture": "#5"},
				"west": {"uv": [16, 0, 0, 16], "texture": "#5"},
				"up": {"uv": [16, 0, 0, 16], "texture": "#5"},
				"down": {"uv": [16, 0, 0, 16], "texture": "#5"}
			}
		},
		{
			"from": [8, 8.5, -2.5],
			"to": [8.1, 8.6, -2.1],
			"rotation": {"angle": 0, "axis": "y", "origin": [9, 8.2, 18.4]},
			"faces": {
				"north": {"uv": [16, 0, 0, 16], "texture": "#5"},
				"east": {"uv": [16, 0, 0, 16], "texture": "#5"},
				"south": {"uv": [16, 0, 0, 16], "texture": "#5"},
				"west": {"uv": [16, 0, 0, 16], "texture": "#5"},
				"up": {"uv": [16, 0, 0, 16], "texture": "#5"},
				"down": {"uv": [16, 0, 0, 16], "texture": "#5"}
			}
		},
		{
			"from": [7.9, 8.4, -1.3],
			"to": [8, 8.5, -0.5],
			"rotation": {"angle": 0, "axis": "y", "origin": [9, 8.2, 19.2]},
			"faces": {
				"north": {"uv": [16, 0, 0, 16], "texture": "#5"},
				"east": {"uv": [16, 0, 0, 16], "texture": "#5"},
				"south": {"uv": [16, 0, 0, 16], "texture": "#5"},
				"west": {"uv": [16, 0, 0, 16], "texture": "#5"},
				"up": {"uv": [16, 0, 0, 16], "texture": "#5"},
				"down": {"uv": [16, 0, 0, 16], "texture": "#5"}
			}
		},
		{
			"from": [7, 8.4, -1.35],
			"to": [7.1, 8.5, -0.5],
			"rotation": {"angle": 0, "axis": "y", "origin": [9, 8.2, 19.2]},
			"faces": {
				"north": {"uv": [16, 0, 0, 16], "texture": "#5"},
				"east": {"uv": [16, 0, 0, 16], "texture": "#5"},
				"south": {"uv": [16, 0, 0, 16], "texture": "#5"},
				"west": {"uv": [16, 0, 0, 16], "texture": "#5"},
				"up": {"uv": [16, 0, 0, 16], "texture": "#5"},
				"down": {"uv": [16, 0, 0, 16], "texture": "#5"}
			}
		},
		{
			"from": [7, 7.3, -1.35],
			"to": [7.1, 7.4, -0.5],
			"rotation": {"angle": 0, "axis": "y", "origin": [9, 7.3, 19.2]},
			"faces": {
				"north": {"uv": [16, 0, 0, 16], "texture": "#5"},
				"east": {"uv": [16, 0, 0, 16], "texture": "#5"},
				"south": {"uv": [16, 0, 0, 16], "texture": "#5"},
				"west": {"uv": [16, 0, 0, 16], "texture": "#5"},
				"up": {"uv": [16, 0, 0, 16], "texture": "#5"},
				"down": {"uv": [16, 0, 0, 16], "texture": "#5"}
			}
		},
		{
			"from": [7.9, 7.3, -1.35],
			"to": [8, 7.4, -0.5],
			"rotation": {"angle": 0, "axis": "y", "origin": [9, 7.3, 19.2]},
			"faces": {
				"north": {"uv": [16, 0, 0, 16], "texture": "#5"},
				"east": {"uv": [16, 0, 0, 16], "texture": "#5"},
				"south": {"uv": [16, 0, 0, 16], "texture": "#5"},
				"west": {"uv": [16, 0, 0, 16], "texture": "#5"},
				"up": {"uv": [16, 0, 0, 16], "texture": "#5"},
				"down": {"uv": [16, 0, 0, 16], "texture": "#5"}
			}
		},
		{
			"from": [8, 8.3, -1.35],
			"to": [8.1, 8.4, -0.5],
			"rotation": {"angle": 0, "axis": "y", "origin": [9, 8.2, 19.2]},
			"faces": {
				"north": {"uv": [16, 0, 0, 16], "texture": "#5"},
				"east": {"uv": [16, 0, 0, 16], "texture": "#5"},
				"south": {"uv": [16, 0, 0, 16], "texture": "#5"},
				"west": {"uv": [16, 0, 0, 16], "texture": "#5"},
				"up": {"uv": [16, 0, 0, 16], "texture": "#5"},
				"down": {"uv": [16, 0, 0, 16], "texture": "#5"}
			}
		},
		{
			"from": [6.9, 8.3, -1.35],
			"to": [7, 8.4, -0.5],
			"rotation": {"angle": 0, "axis": "y", "origin": [9, 8.2, 19.2]},
			"faces": {
				"north": {"uv": [16, 0, 0, 16], "texture": "#5"},
				"east": {"uv": [16, 0, 0, 16], "texture": "#5"},
				"south": {"uv": [16, 0, 0, 16], "texture": "#5"},
				"west": {"uv": [16, 0, 0, 16], "texture": "#5"},
				"up": {"uv": [16, 0, 0, 16], "texture": "#5"},
				"down": {"uv": [16, 0, 0, 16], "texture": "#5"}
			}
		},
		{
			"from": [6.9, 7.4, -1.35],
			"to": [7, 7.5, -0.5],
			"rotation": {"angle": 0, "axis": "y", "origin": [9, 8.2, 19.2]},
			"faces": {
				"north": {"uv": [16, 0, 0, 16], "texture": "#5"},
				"east": {"uv": [16, 0, 0, 16], "texture": "#5"},
				"south": {"uv": [16, 0, 0, 16], "texture": "#5"},
				"west": {"uv": [16, 0, 0, 16], "texture": "#5"},
				"up": {"uv": [16, 0, 0, 16], "texture": "#5"},
				"down": {"uv": [16, 0, 0, 16], "texture": "#5"}
			}
		},
		{
			"from": [8, 7.4, -1.35],
			"to": [8.1, 7.5, -0.5],
			"rotation": {"angle": 0, "axis": "y", "origin": [9, 8.2, 19.2]},
			"faces": {
				"north": {"uv": [16, 0, 0, 16], "texture": "#5"},
				"east": {"uv": [16, 0, 0, 16], "texture": "#5"},
				"south": {"uv": [16, 0, 0, 16], "texture": "#5"},
				"west": {"uv": [16, 0, 0, 16], "texture": "#5"},
				"up": {"uv": [16, 0, 0, 16], "texture": "#5"},
				"down": {"uv": [16, 0, 0, 16], "texture": "#5"}
			}
		},
		{
			"from": [8, 7.5, -1.35],
			"to": [8.1, 7.6, 15],
			"rotation": {"angle": 0, "axis": "y", "origin": [9.1, 7.4, 20]},
			"faces": {
				"north": {"uv": [16, 0, 0, 16], "texture": "#5"},
				"east": {"uv": [16, 0, 0, 16], "texture": "#5"},
				"south": {"uv": [16, 0, 0, 16], "texture": "#5"},
				"west": {"uv": [16, 0, 0, 16], "texture": "#5"},
				"up": {"uv": [16, 0, 0, 16], "texture": "#5"},
				"down": {"uv": [16, 0, 0, 16], "texture": "#5"}
			}
		},
		{
			"from": [8.1, 7.4, -2.1],
			"to": [8.2, 7.6, -1.3],
			"rotation": {"angle": 0, "axis": "y", "origin": [9.1, 7.4, 19.2]},
			"faces": {
				"north": {"uv": [16, 0, 0, 16], "texture": "#5"},
				"east": {"uv": [16, 0, 0, 16], "texture": "#5"},
				"south": {"uv": [16, 0, 0, 16], "texture": "#5"},
				"west": {"uv": [16, 0, 0, 16], "texture": "#5"},
				"up": {"uv": [16, 0, 0, 16], "texture": "#5"},
				"down": {"uv": [16, 0, 0, 16], "texture": "#5"}
			}
		},
		{
			"from": [8.2, 7.4, -2.5],
			"to": [8.3, 7.6, -2.1],
			"rotation": {"angle": 0, "axis": "y", "origin": [9.1, 7.4, 18.4]},
			"faces": {
				"north": {"uv": [16, 0, 0, 16], "texture": "#5"},
				"east": {"uv": [16, 0, 0, 16], "texture": "#5"},
				"south": {"uv": [16, 0, 0, 16], "texture": "#5"},
				"west": {"uv": [16, 0, 0, 16], "texture": "#5"},
				"up": {"uv": [16, 0, 0, 16], "texture": "#5"},
				"down": {"uv": [16, 0, 0, 16], "texture": "#5"}
			}
		},
		{
			"from": [7.8, 7.3, -1.35],
			"to": [7.9, 7.4, 15],
			"rotation": {"angle": 0, "axis": "y", "origin": [8, 7.4, 20]},
			"faces": {
				"north": {"uv": [16, 0, 0, 16], "texture": "#5"},
				"east": {"uv": [16, 0, 0, 16], "texture": "#5"},
				"south": {"uv": [16, 0, 0, 16], "texture": "#5"},
				"west": {"uv": [16, 0, 0, 16], "texture": "#5"},
				"up": {"uv": [16, 0, 0, 16], "texture": "#5"},
				"down": {"uv": [16, 0, 0, 16], "texture": "#5"}
			}
		},
		{
			"from": [7.8, 7.2, -2.1],
			"to": [8, 7.3, -1.3],
			"rotation": {"angle": 0, "axis": "y", "origin": [8, 7.4, 19.2]},
			"faces": {
				"north": {"uv": [16, 0, 0, 16], "texture": "#5"},
				"east": {"uv": [16, 0, 0, 16], "texture": "#5"},
				"south": {"uv": [16, 0, 0, 16], "texture": "#5"},
				"west": {"uv": [16, 0, 0, 16], "texture": "#5"},
				"up": {"uv": [16, 0, 0, 16], "texture": "#5"},
				"down": {"uv": [16, 0, 0, 16], "texture": "#5"}
			}
		},
		{
			"from": [7.8, 7.1, -2.5],
			"to": [8, 7.2, -2.1],
			"rotation": {"angle": 0, "axis": "y", "origin": [8, 7.4, 18.4]},
			"faces": {
				"north": {"uv": [16, 0, 0, 16], "texture": "#5"},
				"east": {"uv": [16, 0, 0, 16], "texture": "#5"},
				"south": {"uv": [16, 0, 0, 16], "texture": "#5"},
				"west": {"uv": [16, 0, 0, 16], "texture": "#5"},
				"up": {"uv": [16, 0, 0, 16], "texture": "#5"},
				"down": {"uv": [16, 0, 0, 16], "texture": "#5"}
			}
		},
		{
			"from": [7.2, 7.3, 10.7],
			"to": [7.8, 8.5, 10.9],
			"rotation": {"angle": 0, "axis": "y", "origin": [8, 7.4, 44.5]},
			"faces": {
				"north": {"uv": [16, 0, 0, 16], "texture": "#4"},
				"east": {"uv": [16, 0, 0, 16], "texture": "#4"},
				"south": {"uv": [16, 0, 0, 16], "texture": "#4"},
				"west": {"uv": [16, 0, 0, 16], "texture": "#4"},
				"up": {"uv": [16, 0, 0, 16], "texture": "#4"},
				"down": {"uv": [16, 0, 0, 16], "texture": "#4"}
			}
		},
		{
			"from": [7, 7.5, 10.7],
			"to": [7.1, 8.3, 10.9],
			"rotation": {"angle": 0, "axis": "y", "origin": [8, 7.4, 44.5]},
			"faces": {
				"north": {"uv": [16, 0, 0, 16], "texture": "#4"},
				"east": {"uv": [16, 0, 0, 16], "texture": "#4"},
				"south": {"uv": [16, 0, 0, 16], "texture": "#4"},
				"west": {"uv": [16, 0, 0, 16], "texture": "#4"},
				"up": {"uv": [16, 0, 0, 16], "texture": "#4"},
				"down": {"uv": [16, 0, 0, 16], "texture": "#4"}
			}
		},
		{
			"from": [7.1, 7.4, 10.7],
			"to": [7.2, 8.4, 10.9],
			"rotation": {"angle": 0, "axis": "y", "origin": [8, 7.4, 44.5]},
			"faces": {
				"north": {"uv": [16, 0, 0, 16], "texture": "#4"},
				"east": {"uv": [16, 0, 0, 16], "texture": "#4"},
				"south": {"uv": [16, 0, 0, 16], "texture": "#4"},
				"west": {"uv": [16, 0, 0, 16], "texture": "#4"},
				"up": {"uv": [16, 0, 0, 16], "texture": "#4"},
				"down": {"uv": [16, 0, 0, 16], "texture": "#4"}
			}
		},
		{
			"from": [7.8, 7.4, 10.7],
			"to": [7.9, 8.4, 10.9],
			"rotation": {"angle": 0, "axis": "y", "origin": [8, 7.4, 44.5]},
			"faces": {
				"north": {"uv": [16, 0, 0, 16], "texture": "#4"},
				"east": {"uv": [16, 0, 0, 16], "texture": "#4"},
				"south": {"uv": [16, 0, 0, 16], "texture": "#4"},
				"west": {"uv": [16, 0, 0, 16], "texture": "#4"},
				"up": {"uv": [16, 0, 0, 16], "texture": "#4"},
				"down": {"uv": [16, 0, 0, 16], "texture": "#4"}
			}
		},
		{
			"from": [7.9, 7.5, 10.7],
			"to": [8, 8.3, 10.9],
			"rotation": {"angle": 0, "axis": "y", "origin": [8, 7.4, 44.5]},
			"faces": {
				"north": {"uv": [16, 0, 0, 16], "texture": "#4"},
				"east": {"uv": [16, 0, 0, 16], "texture": "#4"},
				"south": {"uv": [16, 0, 0, 16], "texture": "#4"},
				"west": {"uv": [16, 0, 0, 16], "texture": "#4"},
				"up": {"uv": [16, 0, 0, 16], "texture": "#4"},
				"down": {"uv": [16, 0, 0, 16], "texture": "#4"}
			}
		},
		{
			"from": [6.9, 7.6, 10.7],
			"to": [7, 8.2, 10.9],
			"rotation": {"angle": 0, "axis": "y", "origin": [8, 7.4, 44.5]},
			"faces": {
				"north": {"uv": [16, 0, 0, 16], "texture": "#4"},
				"east": {"uv": [16, 0, 0, 16], "texture": "#4"},
				"south": {"uv": [16, 0, 0, 16], "texture": "#4"},
				"west": {"uv": [16, 0, 0, 16], "texture": "#4"},
				"up": {"uv": [16, 0, 0, 16], "texture": "#4"},
				"down": {"uv": [16, 0, 0, 16], "texture": "#4"}
			}
		},
		{
			"from": [8, 7.6, 10.7],
			"to": [8.1, 8.2, 10.9],
			"rotation": {"angle": 0, "axis": "y", "origin": [8, 7.4, 44.5]},
			"faces": {
				"north": {"uv": [16, 0, 0, 16], "texture": "#4"},
				"east": {"uv": [16, 0, 0, 16], "texture": "#4"},
				"south": {"uv": [16, 0, 0, 16], "texture": "#4"},
				"west": {"uv": [16, 0, 0, 16], "texture": "#4"},
				"up": {"uv": [16, 0, 0, 16], "texture": "#4"},
				"down": {"uv": [16, 0, 0, 16], "texture": "#4"}
			}
		},
		{
			"from": [7.8, 8.4, -1.35],
			"to": [7.9, 8.5, 15],
			"rotation": {"angle": 0, "axis": "y", "origin": [8, 7.4, 20]},
			"faces": {
				"north": {"uv": [16, 0, 0, 16], "texture": "#5"},
				"east": {"uv": [16, 0, 0, 16], "texture": "#5"},
				"south": {"uv": [16, 0, 0, 16], "texture": "#5"},
				"west": {"uv": [16, 0, 0, 16], "texture": "#5"},
				"up": {"uv": [16, 0, 0, 16], "texture": "#5"},
				"down": {"uv": [16, 0, 0, 16], "texture": "#5"}
			}
		},
		{
			"from": [7.8, 8.5, -2.1],
			"to": [8, 8.6, -1.3],
			"rotation": {"angle": 0, "axis": "y", "origin": [8, 7.4, 19.2]},
			"faces": {
				"north": {"uv": [16, 0, 0, 16], "texture": "#5"},
				"east": {"uv": [16, 0, 0, 16], "texture": "#5"},
				"south": {"uv": [16, 0, 0, 16], "texture": "#5"},
				"west": {"uv": [16, 0, 0, 16], "texture": "#5"},
				"up": {"uv": [16, 0, 0, 16], "texture": "#5"},
				"down": {"uv": [16, 0, 0, 16], "texture": "#5"}
			}
		},
		{
			"from": [7.8, 8.6, -2.5],
			"to": [8, 8.7, -2.1],
			"rotation": {"angle": 0, "axis": "y", "origin": [8, 7.4, 18.4]},
			"faces": {
				"north": {"uv": [16, 0, 0, 16], "texture": "#5"},
				"east": {"uv": [16, 0, 0, 16], "texture": "#5"},
				"south": {"uv": [16, 0, 0, 16], "texture": "#5"},
				"west": {"uv": [16, 0, 0, 16], "texture": "#5"},
				"up": {"uv": [16, 0, 0, 16], "texture": "#5"},
				"down": {"uv": [16, 0, 0, 16], "texture": "#5"}
			}
		},
		{
			"from": [7.1, 8.4, -1.35],
			"to": [7.2, 8.5, 15],
			"rotation": {"angle": 0, "axis": "y", "origin": [8, 7.4, 20]},
			"faces": {
				"north": {"uv": [16, 0, 0, 16], "texture": "#5"},
				"east": {"uv": [16, 0, 0, 16], "texture": "#5"},
				"south": {"uv": [16, 0, 0, 16], "texture": "#5"},
				"west": {"uv": [16, 0, 0, 16], "texture": "#5"},
				"up": {"uv": [16, 0, 0, 16], "texture": "#5"},
				"down": {"uv": [16, 0, 0, 16], "texture": "#5"}
			}
		},
		{
			"from": [7, 8.5, -2.1],
			"to": [7.2, 8.6, -1.3],
			"rotation": {"angle": 0, "axis": "y", "origin": [8, 7.4, 19.2]},
			"faces": {
				"north": {"uv": [16, 0, 0, 16], "texture": "#5"},
				"east": {"uv": [16, 0, 0, 16], "texture": "#5"},
				"south": {"uv": [16, 0, 0, 16], "texture": "#5"},
				"west": {"uv": [16, 0, 0, 16], "texture": "#5"},
				"up": {"uv": [16, 0, 0, 16], "texture": "#5"},
				"down": {"uv": [16, 0, 0, 16], "texture": "#5"}
			}
		},
		{
			"from": [7, 8.6, -2.5],
			"to": [7.2, 8.7, -2.1],
			"rotation": {"angle": 0, "axis": "y", "origin": [8, 7.4, 18.4]},
			"faces": {
				"north": {"uv": [16, 0, 0, 16], "texture": "#5"},
				"east": {"uv": [16, 0, 0, 16], "texture": "#5"},
				"south": {"uv": [16, 0, 0, 16], "texture": "#5"},
				"west": {"uv": [16, 0, 0, 16], "texture": "#5"},
				"up": {"uv": [16, 0, 0, 16], "texture": "#5"},
				"down": {"uv": [16, 0, 0, 16], "texture": "#5"}
			}
		}
	],
	"display": {
		"thirdperson_righthand": {
			"rotation": [5, -17, 0],
			"translation": [1.25, 0.6, -6.75],
			"scale": [1.01, 1.01, 1.01]
		},
		"thirdperson_lefthand": {
			"rotation": [5, -17, 0],
			"translation": [0, 0.6, -6.75],
			"scale": [1.01, 1.01, 1.01]
		},
		"firstperson_righthand": {
			"rotation": [0, -10, 0],
			"translation": [1.85, 16, 0]
		},
		"firstperson_lefthand": {
			"rotation": [0, -9.9, 0],
			"translation": [0.8, 6.75, 0]
		},
		"ground": {
			"rotation": [0, 0, 90]
		},
		"gui": {
			"rotation": [90, 45, -90]
		},
		"fixed": {
			"rotation": [90, 90, -90],
			"translation": [3.25, 0, -3.25],
			"scale": [2, 2, 2]
		}
	}
}