{
  "parent": "item/generated",
  "textures": {
    "layer0": "item/bread"
  },
  "overrides": [
    {
      "predicate": {
        "custom_model_data": 1
      },
      "model": "item/bacon_cheeseburger"
    },
    {
      "predicate": {
        "custom_model_data": 2
      },
      "model": "item/taco"
    },
    {
      "predicate": {
        "custom_model_data": 3
      },
      "model": "item/blt"
    },
    {
      "predicate": {
        "custom_model_data": 4
      },
      "model": "item/blueberry_muffin"
    },
    {
      "predicate": {
        "custom_model_data": 5
      },
      "model": "item/blueberry_pancakes"
    },
    {
      "predicate": {
        "custom_model_data": 6
      },
      "model": "item/cheeseburger"
    },
    {
      "predicate": {
        "custom_model_data": 7
      },
      "model": "item/chocolate_bar"
    },
    {
      "predicate": {
        "custom_model_data": 8
      },
      "model": "item/cranberry_bar" 
    },
    {
      "predicate": {
        "custom_model_data": 9
      },
      "model": "item/cranberry_jelly_sandwich"
    },
    {
      "predicate": {
        "custom_model_data": 11
      },
      "model": "item/deluxe_cheeseburger" 
    },
    {
      "predicate": {
        "custom_model_data": 12
      },
      "model": "item/fish_taco"
    },
    {
      "predicate": {
        "custom_model_data": 13
      },
      "model": "item/fries"
    },
    {
      "predicate": {
        "custom_model_data": 14
      },
      "model": "item/hamburger"
    },
    {
      "predicate": {
        "custom_model_data": 15
      },
      "model": "item/hotdog"
    },
    {
      "predicate": {
        "custom_model_data": 16
      },
      "model": "item/lasagna"
    },
    {
      "predicate": {
        "custom_model_data": 17
      },
      "model": "item/chicken_sandwich"
    },
    {
      "predicate": {
        "custom_model_data": 18
      },
      "model": "item/fish_sandwich"
    },
    {
      "predicate": {
        "custom_model_data": 19
      },
      "model": "item/lemon_jelly_sandwich" 
    },
    {
      "predicate": {
        "custom_model_data": 20
      },
      "model": "item/lime_jelly_sandwich" 
    },
    {
      "predicate": {
        "custom_model_data": 21
      },
      "model": "item/orange_jelly_sandwich" 
    },
    {
      "predicate": {
        "custom_model_data": 22
      },
      "model": "item/pancakes"
    },
    {
      "predicate": {
        "custom_model_data": 23
      },
      "model": "item/peach_jelly_sandwich" 
    },
    {
      "predicate": {
        "custom_model_data": 24
      },
      "model": "item/waffles"
    },
    {
      "predicate": {
        "custom_model_data": 25
      },
      "model": "item/plum_jelly_sandwich" 
    },
    {
      "predicate": {
        "custom_model_data": 26
      },
      "model": "item/pomegranate_jelly_sandwich"  
    },
    {
      "predicate": {
        "custom_model_data": 27
      },
      "model": "item/pumpkin_bread"
    },
    {
      "predicate": {
        "custom_model_data": 28
      },
      "model": "item/pumpkin_muffin"
    },
    {
      "predicate": {
        "custom_model_data": 29
      },
      "model": "item/raspberry_jelly_sandwich" 
    },
    {
      "predicate": {
        "custom_model_data": 30
      },
      "model": "item/strawberry_cupcake"
    },
    {
      "predicate": {
        "custom_model_data": 31
      },
      "model": "item/popcorn"
    },
    {
      "predicate": {
        "custom_model_data": 32
      },
      "model": "item/sandwich"
    },
    {
      "predicate": {
        "custom_model_data": 33
      },
      "model": "item/chicken_burger"
    },
    {
      "predicate": {
        "custom_model_data": 34
      },
      "model": "item/burrito"
    },
    {
      "predicate": {
        "custom_model_data": 35
      },
      "model": "item/chocolate_cookie_cupcake"
    },
    {
      "predicate": {
        "custom_model_data": 36
      },
      "model": "item/fish_and_chips"
    },
	    {
      "predicate": {
        "custom_model_data": 37
      },
      "model": "item/sushi"
    },
	{
      "predicate": {
        "custom_model_data": 38
      },
      "model": "item/chicken_burrito"
    },
	{
      "predicate": {
        "custom_model_data": 39
      },
      "model": "item/salty_popcorn"
    },
	{
      "predicate": {
        "custom_model_data": 40
      },
      "model": "item/sweet_popcorn"
    }
  ]
}