{
	"credit": "Made with Blockbench",
	"textures": {
		"1": "blocks/greyf",
		"2": "blocks/greyd",
		"3": "blocks/greyc",
		"4": "blocks/black",
		"11": "blocks/brass",
		"12": "blocks/spribrown",
		"particle": "blocks/brown"
	},
	"elements": [
		{
			"from": [7.35, 7.37929, 1.7],
			"to": [7.65, 7.67929, 2.7],
			"rotation": {"angle": 45, "axis": "z", "origin": [7.5, 7.52929, 2.2]},
			"faces": {
				"north": {"uv": [16, 0, 0, 16], "texture": "#4"},
				"east": {"uv": [16, 0, 0, 16], "texture": "#3"},
				"south": {"uv": [16, 0, 0, 16], "texture": "#3"},
				"west": {"uv": [16, 0, 0, 16], "texture": "#3"},
				"up": {"uv": [16, 0, 0, 16], "texture": "#3"},
				"down": {"uv": [16, 0, 0, 16], "texture": "#3"}
			}
		},
		{
			"from": [7.25, 7.27929, 2.7],
			"to": [7.75, 7.77929, 8],
			"rotation": {"angle": 45, "axis": "z", "origin": [7.5, 7.52929, 3.2]},
			"faces": {
				"north": {"uv": [16, 0, 0, 16], "texture": "#3"},
				"east": {"uv": [16, 0, 0, 16], "texture": "#3"},
				"south": {"uv": [16, 0, 0, 16], "texture": "#3"},
				"west": {"uv": [16, 0, 0, 16], "texture": "#3"},
				"up": {"uv": [16, 0, 0, 16], "texture": "#3"},
				"down": {"uv": [16, 0, 0, 16], "texture": "#3"}
			}
		},
		{
			"from": [7.15, 7.17929, 14],
			"to": [7.85, 7.87929, 20.7],
			"rotation": {"angle": 45, "axis": "z", "origin": [7.5, 7.52929, 15.9]},
			"faces": {
				"north": {"uv": [16, 0, 0, 16], "texture": "#3"},
				"east": {"uv": [16, 0, 0, 16], "texture": "#3"},
				"south": {"uv": [16, 0, 0, 16], "texture": "#3"},
				"west": {"uv": [16, 0, 0, 16], "texture": "#3"},
				"up": {"uv": [16, 0, 0, 16], "texture": "#3"},
				"down": {"uv": [16, 0, 0, 16], "texture": "#3"}
			}
		},
		{
			"from": [7.35, 7.37929, 20.7],
			"to": [7.65, 7.67929, 22.3],
			"rotation": {"angle": 45, "axis": "z", "origin": [7.5, 7.52929, 17.4]},
			"faces": {
				"north": {"uv": [16, 0, 0, 16], "texture": "#3"},
				"east": {"uv": [16, 0, 0, 16], "texture": "#3"},
				"south": {"uv": [16, 0, 0, 16], "texture": "#3"},
				"west": {"uv": [16, 0, 0, 16], "texture": "#3"},
				"up": {"uv": [16, 0, 0, 16], "texture": "#3"},
				"down": {"uv": [16, 0, 0, 16], "texture": "#3"}
			}
		},
		{
			"from": [7.25, 7.27929, 21.9],
			"to": [7.75, 7.77929, 22.1],
			"rotation": {"angle": 45, "axis": "z", "origin": [7.5, 7.52929, 17.4]},
			"faces": {
				"north": {"uv": [16, 0, 0, 16], "texture": "#3"},
				"east": {"uv": [16, 0, 0, 16], "texture": "#3"},
				"south": {"uv": [16, 0, 0, 16], "texture": "#3"},
				"west": {"uv": [16, 0, 0, 16], "texture": "#3"},
				"up": {"uv": [16, 0, 0, 16], "texture": "#3"},
				"down": {"uv": [16, 0, 0, 16], "texture": "#3"}
			}
		},
		{
			"from": [7.25, 7.27929, 11.7],
			"to": [7.75, 7.77929, 14],
			"rotation": {"angle": 45, "axis": "z", "origin": [7.5, 7.52929, 13.6]},
			"faces": {
				"north": {"uv": [16, 0, 0, 16], "texture": "#1"},
				"east": {"uv": [16, 0, 0, 16], "texture": "#1"},
				"south": {"uv": [16, 0, 0, 16], "texture": "#1"},
				"west": {"uv": [16, 0, 0, 16], "texture": "#1"},
				"up": {"uv": [16, 0, 0, 16], "texture": "#1"},
				"down": {"uv": [16, 0, 0, 16], "texture": "#1"}
			}
		},
		{
			"from": [7.25, 6.27929, 16.8],
			"to": [7.75, 7.17929, 20.4],
			"rotation": {"angle": 0, "axis": "y", "origin": [7.5, 6.42929, 15.9]},
			"faces": {
				"north": {"uv": [16, 0, 0, 16], "texture": "#2"},
				"east": {"uv": [16, 0, 0, 16], "texture": "#2"},
				"south": {"uv": [16, 0, 0, 16], "texture": "#2"},
				"west": {"uv": [16, 0, 0, 16], "texture": "#2"},
				"up": {"uv": [16, 0, 0, 16], "texture": "#2"},
				"down": {"uv": [16, 0, 0, 16], "texture": "#2"}
			}
		},
		{
			"from": [7.25, 5.97929, 20.4],
			"to": [7.75, 6.57929, 23],
			"rotation": {"angle": 0, "axis": "y", "origin": [7.5, 5.82929, 19.5]},
			"faces": {
				"north": {"uv": [16, 0, 0, 16], "texture": "#12"},
				"east": {"uv": [16, 0, 0, 16], "texture": "#12"},
				"south": {"uv": [16, 0, 0, 16], "texture": "#12"},
				"west": {"uv": [16, 0, 0, 16], "texture": "#12"},
				"up": {"uv": [16, 0, 0, 16], "texture": "#12"},
				"down": {"uv": [16, 0, 0, 16], "texture": "#12"}
			}
		},
		{
			"from": [7.35, 6.57929, 20.4],
			"to": [7.65, 6.77929, 23],
			"rotation": {"angle": 0, "axis": "y", "origin": [7.5, 6.42929, 19.5]},
			"faces": {
				"north": {"uv": [16, 0, 0, 16], "texture": "#12"},
				"east": {"uv": [16, 0, 0, 16], "texture": "#12"},
				"south": {"uv": [16, 0, 0, 16], "texture": "#12"},
				"west": {"uv": [16, 0, 0, 16], "texture": "#12"},
				"up": {"uv": [16, 0, 0, 16], "texture": "#12"},
				"down": {"uv": [16, 0, 0, 16], "texture": "#12"}
			}
		},
		{
			"from": [7.25, 5.67929, 20.4],
			"to": [7.75, 5.97929, 22.9],
			"rotation": {"angle": 0, "axis": "y", "origin": [7.5, 5.22929, 19.5]},
			"faces": {
				"north": {"uv": [16, 0, 0, 16], "texture": "#12"},
				"east": {"uv": [16, 0, 0, 16], "texture": "#12"},
				"south": {"uv": [16, 0, 0, 16], "texture": "#12"},
				"west": {"uv": [16, 0, 0, 16], "texture": "#12"},
				"up": {"uv": [16, 0, 0, 16], "texture": "#12"},
				"down": {"uv": [16, 0, 0, 16], "texture": "#12"}
			}
		},
		{
			"from": [7.15, 5.97929, 19.7],
			"to": [7.85, 6.27929, 20.4],
			"rotation": {"angle": 0, "axis": "y", "origin": [7.5, 5.52929, 17]},
			"faces": {
				"north": {"uv": [16, 0, 0, 16], "texture": "#12"},
				"east": {"uv": [16, 0, 0, 16], "texture": "#12"},
				"south": {"uv": [16, 0, 0, 16], "texture": "#12"},
				"west": {"uv": [16, 0, 0, 16], "texture": "#12"},
				"up": {"uv": [16, 0, 0, 16], "texture": "#12"},
				"down": {"uv": [16, 0, 0, 16], "texture": "#12"}
			}
		},
		{
			"from": [7.25, 6.07929, 19],
			"to": [7.75, 6.27929, 19.7],
			"rotation": {"angle": 0, "axis": "y", "origin": [7.5, 5.52929, 16.3]},
			"faces": {
				"north": {"uv": [16, 0, 0, 16], "texture": "#12"},
				"east": {"uv": [16, 0, 0, 16], "texture": "#12"},
				"south": {"uv": [16, 0, 0, 16], "texture": "#12"},
				"west": {"uv": [16, 0, 0, 16], "texture": "#12"},
				"up": {"uv": [16, 0, 0, 16], "texture": "#12"},
				"down": {"uv": [16, 0, 0, 16], "texture": "#12"}
			}
		},
		{
			"from": [7.25, 5.37929, 20.8],
			"to": [7.75, 5.67929, 22.9],
			"rotation": {"angle": 0, "axis": "y", "origin": [7.5, 4.92929, 19.5]},
			"faces": {
				"north": {"uv": [16, 0, 0, 16], "texture": "#12"},
				"east": {"uv": [16, 0, 0, 16], "texture": "#12"},
				"south": {"uv": [16, 0, 0, 16], "texture": "#12"},
				"west": {"uv": [16, 0, 0, 16], "texture": "#12"},
				"up": {"uv": [16, 0, 0, 16], "texture": "#12"},
				"down": {"uv": [16, 0, 0, 16], "texture": "#12"}
			}
		},
		{
			"from": [7.25, 5.07929, 21.4],
			"to": [7.75, 5.37929, 22.9],
			"rotation": {"angle": 0, "axis": "y", "origin": [7.5, 4.62929, 19.5]},
			"faces": {
				"north": {"uv": [16, 0, 0, 16], "texture": "#12"},
				"east": {"uv": [16, 0, 0, 16], "texture": "#12"},
				"south": {"uv": [16, 0, 0, 16], "texture": "#12"},
				"west": {"uv": [16, 0, 0, 16], "texture": "#12"},
				"up": {"uv": [16, 0, 0, 16], "texture": "#12"},
				"down": {"uv": [16, 0, 0, 16], "texture": "#12"}
			}
		},
		{
			"from": [7.25, 4.77929, 22],
			"to": [7.75, 5.07929, 22.9],
			"rotation": {"angle": 0, "axis": "y", "origin": [7.5, 4.32929, 19.5]},
			"faces": {
				"north": {"uv": [16, 0, 0, 16], "texture": "#12"},
				"east": {"uv": [16, 0, 0, 16], "texture": "#12"},
				"south": {"uv": [16, 0, 0, 16], "texture": "#12"},
				"west": {"uv": [16, 0, 0, 16], "texture": "#12"},
				"up": {"uv": [16, 0, 0, 16], "texture": "#12"},
				"down": {"uv": [16, 0, 0, 16], "texture": "#12"}
			}
		},
		{
			"from": [7.25, 4.47929, 22.4],
			"to": [7.75, 4.77929, 22.9],
			"rotation": {"angle": 0, "axis": "y", "origin": [7.5, 4.02929, 19.5]},
			"faces": {
				"north": {"uv": [16, 0, 0, 16], "texture": "#12"},
				"east": {"uv": [16, 0, 0, 16], "texture": "#12"},
				"south": {"uv": [16, 0, 0, 16], "texture": "#12"},
				"west": {"uv": [16, 0, 0, 16], "texture": "#12"},
				"up": {"uv": [16, 0, 0, 16], "texture": "#12"},
				"down": {"uv": [16, 0, 0, 16], "texture": "#12"}
			}
		},
		{
			"from": [7.35, 4.27929, 22.5],
			"to": [7.65, 4.47929, 22.9],
			"rotation": {"angle": 0, "axis": "y", "origin": [7.5, 3.72929, 19.5]},
			"faces": {
				"north": {"uv": [16, 0, 0, 16], "texture": "#12"},
				"east": {"uv": [16, 0, 0, 16], "texture": "#12"},
				"south": {"uv": [16, 0, 0, 16], "texture": "#12"},
				"west": {"uv": [16, 0, 0, 16], "texture": "#12"},
				"up": {"uv": [16, 0, 0, 16], "texture": "#12"},
				"down": {"uv": [16, 0, 0, 16], "texture": "#12"}
			}
		},
		{
			"from": [7.35, 4.37929, 22.4],
			"to": [7.65, 4.47929, 22.5],
			"rotation": {"angle": 0, "axis": "y", "origin": [7.5, 3.72929, 19.1]},
			"faces": {
				"north": {"uv": [16, 0, 0, 16], "texture": "#12"},
				"east": {"uv": [16, 0, 0, 16], "texture": "#12"},
				"south": {"uv": [16, 0, 0, 16], "texture": "#12"},
				"west": {"uv": [16, 0, 0, 16], "texture": "#12"},
				"up": {"uv": [16, 0, 0, 16], "texture": "#12"},
				"down": {"uv": [16, 0, 0, 16], "texture": "#12"}
			}
		},
		{
			"from": [7.35, 4.37929, 22.2],
			"to": [7.65, 4.77929, 22.4],
			"rotation": {"angle": 0, "axis": "y", "origin": [7.5, 4.02929, 19]},
			"faces": {
				"north": {"uv": [16, 0, 0, 16], "texture": "#12"},
				"east": {"uv": [16, 0, 0, 16], "texture": "#12"},
				"south": {"uv": [16, 0, 0, 16], "texture": "#12"},
				"west": {"uv": [16, 0, 0, 16], "texture": "#12"},
				"up": {"uv": [16, 0, 0, 16], "texture": "#12"},
				"down": {"uv": [16, 0, 0, 16], "texture": "#12"}
			}
		},
		{
			"from": [7.35, 4.47929, 22],
			"to": [7.65, 4.77929, 22.2],
			"rotation": {"angle": 0, "axis": "y", "origin": [7.5, 4.02929, 18.8]},
			"faces": {
				"north": {"uv": [16, 0, 0, 16], "texture": "#12"},
				"east": {"uv": [16, 0, 0, 16], "texture": "#12"},
				"south": {"uv": [16, 0, 0, 16], "texture": "#12"},
				"west": {"uv": [16, 0, 0, 16], "texture": "#12"},
				"up": {"uv": [16, 0, 0, 16], "texture": "#12"},
				"down": {"uv": [16, 0, 0, 16], "texture": "#12"}
			}
		},
		{
			"from": [7.35, 4.57929, 21.8],
			"to": [7.65, 5.07929, 22],
			"rotation": {"angle": 0, "axis": "y", "origin": [7.5, 4.32929, 18.6]},
			"faces": {
				"north": {"uv": [16, 0, 0, 16], "texture": "#12"},
				"east": {"uv": [16, 0, 0, 16], "texture": "#12"},
				"south": {"uv": [16, 0, 0, 16], "texture": "#12"},
				"west": {"uv": [16, 0, 0, 16], "texture": "#12"},
				"up": {"uv": [16, 0, 0, 16], "texture": "#12"},
				"down": {"uv": [16, 0, 0, 16], "texture": "#12"}
			}
		},
		{
			"from": [7.35, 4.67929, 21.6],
			"to": [7.65, 5.07929, 21.8],
			"rotation": {"angle": 0, "axis": "y", "origin": [7.5, 4.32929, 18.4]},
			"faces": {
				"north": {"uv": [16, 0, 0, 16], "texture": "#12"},
				"east": {"uv": [16, 0, 0, 16], "texture": "#12"},
				"south": {"uv": [16, 0, 0, 16], "texture": "#12"},
				"west": {"uv": [16, 0, 0, 16], "texture": "#12"},
				"up": {"uv": [16, 0, 0, 16], "texture": "#12"},
				"down": {"uv": [16, 0, 0, 16], "texture": "#12"}
			}
		},
		{
			"from": [7.35, 4.77929, 21.4],
			"to": [7.65, 5.07929, 21.6],
			"rotation": {"angle": 0, "axis": "y", "origin": [7.5, 4.32929, 18.2]},
			"faces": {
				"north": {"uv": [16, 0, 0, 16], "texture": "#12"},
				"east": {"uv": [16, 0, 0, 16], "texture": "#12"},
				"south": {"uv": [16, 0, 0, 16], "texture": "#12"},
				"west": {"uv": [16, 0, 0, 16], "texture": "#12"},
				"up": {"uv": [16, 0, 0, 16], "texture": "#12"},
				"down": {"uv": [16, 0, 0, 16], "texture": "#12"}
			}
		},
		{
			"from": [7.35, 4.87929, 21.2],
			"to": [7.65, 5.37929, 21.4],
			"rotation": {"angle": 0, "axis": "y", "origin": [7.5, 4.62929, 18]},
			"faces": {
				"north": {"uv": [16, 0, 0, 16], "texture": "#12"},
				"east": {"uv": [16, 0, 0, 16], "texture": "#12"},
				"south": {"uv": [16, 0, 0, 16], "texture": "#12"},
				"west": {"uv": [16, 0, 0, 16], "texture": "#12"},
				"up": {"uv": [16, 0, 0, 16], "texture": "#12"},
				"down": {"uv": [16, 0, 0, 16], "texture": "#12"}
			}
		},
		{
			"from": [7.35, 4.97929, 21],
			"to": [7.65, 5.37929, 21.2],
			"rotation": {"angle": 0, "axis": "y", "origin": [7.5, 4.62929, 17.8]},
			"faces": {
				"north": {"uv": [16, 0, 0, 16], "texture": "#12"},
				"east": {"uv": [16, 0, 0, 16], "texture": "#12"},
				"south": {"uv": [16, 0, 0, 16], "texture": "#12"},
				"west": {"uv": [16, 0, 0, 16], "texture": "#12"},
				"up": {"uv": [16, 0, 0, 16], "texture": "#12"},
				"down": {"uv": [16, 0, 0, 16], "texture": "#12"}
			}
		},
		{
			"from": [7.35, 5.07929, 20.8],
			"to": [7.65, 5.37929, 21],
			"rotation": {"angle": 0, "axis": "y", "origin": [7.5, 4.62929, 17.6]},
			"faces": {
				"north": {"uv": [16, 0, 0, 16], "texture": "#12"},
				"east": {"uv": [16, 0, 0, 16], "texture": "#12"},
				"south": {"uv": [16, 0, 0, 16], "texture": "#12"},
				"west": {"uv": [16, 0, 0, 16], "texture": "#12"},
				"up": {"uv": [16, 0, 0, 16], "texture": "#12"},
				"down": {"uv": [16, 0, 0, 16], "texture": "#12"}
			}
		},
		{
			"from": [7.35, 5.17929, 20.6],
			"to": [7.65, 5.67929, 20.8],
			"rotation": {"angle": 0, "axis": "y", "origin": [7.5, 4.92929, 17.4]},
			"faces": {
				"north": {"uv": [16, 0, 0, 16], "texture": "#12"},
				"east": {"uv": [16, 0, 0, 16], "texture": "#12"},
				"south": {"uv": [16, 0, 0, 16], "texture": "#12"},
				"west": {"uv": [16, 0, 0, 16], "texture": "#12"},
				"up": {"uv": [16, 0, 0, 16], "texture": "#12"},
				"down": {"uv": [16, 0, 0, 16], "texture": "#12"}
			}
		},
		{
			"from": [7.35, 5.27929, 20.4],
			"to": [7.65, 5.67929, 20.6],
			"rotation": {"angle": 0, "axis": "y", "origin": [7.5, 4.92929, 17.2]},
			"faces": {
				"north": {"uv": [16, 0, 0, 16], "texture": "#12"},
				"east": {"uv": [16, 0, 0, 16], "texture": "#12"},
				"south": {"uv": [16, 0, 0, 16], "texture": "#12"},
				"west": {"uv": [16, 0, 0, 16], "texture": "#12"},
				"up": {"uv": [16, 0, 0, 16], "texture": "#12"},
				"down": {"uv": [16, 0, 0, 16], "texture": "#12"}
			}
		},
		{
			"from": [7.35, 5.37929, 20.2],
			"to": [7.65, 5.97929, 20.4],
			"rotation": {"angle": 0, "axis": "y", "origin": [7.5, 5.22929, 17]},
			"faces": {
				"north": {"uv": [16, 0, 0, 16], "texture": "#12"},
				"east": {"uv": [16, 0, 0, 16], "texture": "#12"},
				"south": {"uv": [16, 0, 0, 16], "texture": "#12"},
				"west": {"uv": [16, 0, 0, 16], "texture": "#12"},
				"up": {"uv": [16, 0, 0, 16], "texture": "#12"},
				"down": {"uv": [16, 0, 0, 16], "texture": "#12"}
			}
		},
		{
			"from": [7.35, 5.47929, 20],
			"to": [7.65, 5.97929, 20.2],
			"rotation": {"angle": 0, "axis": "y", "origin": [7.5, 5.22929, 16.8]},
			"faces": {
				"north": {"uv": [16, 0, 0, 16], "texture": "#12"},
				"east": {"uv": [16, 0, 0, 16], "texture": "#12"},
				"south": {"uv": [16, 0, 0, 16], "texture": "#12"},
				"west": {"uv": [16, 0, 0, 16], "texture": "#12"},
				"up": {"uv": [16, 0, 0, 16], "texture": "#12"},
				"down": {"uv": [16, 0, 0, 16], "texture": "#12"}
			}
		},
		{
			"from": [7.35, 5.57929, 19.8],
			"to": [7.65, 5.97929, 20],
			"rotation": {"angle": 0, "axis": "y", "origin": [7.5, 5.22929, 16.6]},
			"faces": {
				"north": {"uv": [16, 0, 0, 16], "texture": "#12"},
				"east": {"uv": [16, 0, 0, 16], "texture": "#12"},
				"south": {"uv": [16, 0, 0, 16], "texture": "#12"},
				"west": {"uv": [16, 0, 0, 16], "texture": "#12"},
				"up": {"uv": [16, 0, 0, 16], "texture": "#12"},
				"down": {"uv": [16, 0, 0, 16], "texture": "#12"}
			}
		},
		{
			"from": [7.35, 5.67929, 19.6],
			"to": [7.65, 5.97929, 19.8],
			"rotation": {"angle": 0, "axis": "y", "origin": [7.5, 5.22929, 16.4]},
			"faces": {
				"north": {"uv": [16, 0, 0, 16], "texture": "#12"},
				"east": {"uv": [16, 0, 0, 16], "texture": "#12"},
				"south": {"uv": [16, 0, 0, 16], "texture": "#12"},
				"west": {"uv": [16, 0, 0, 16], "texture": "#12"},
				"up": {"uv": [16, 0, 0, 16], "texture": "#12"},
				"down": {"uv": [16, 0, 0, 16], "texture": "#12"}
			}
		},
		{
			"from": [7.35, 5.97929, 19.1],
			"to": [7.65, 6.07929, 19.7],
			"rotation": {"angle": 0, "axis": "y", "origin": [7.5, 5.32929, 16.2]},
			"faces": {
				"north": {"uv": [16, 0, 0, 16], "texture": "#12"},
				"east": {"uv": [16, 0, 0, 16], "texture": "#12"},
				"south": {"uv": [16, 0, 0, 16], "texture": "#12"},
				"west": {"uv": [16, 0, 0, 16], "texture": "#12"},
				"up": {"uv": [16, 0, 0, 16], "texture": "#12"},
				"down": {"uv": [16, 0, 0, 16], "texture": "#12"}
			}
		},
		{
			"from": [7.35, 5.77929, 19.4],
			"to": [7.65, 5.97929, 19.6],
			"rotation": {"angle": 0, "axis": "y", "origin": [7.5, 5.22929, 16.2]},
			"faces": {
				"north": {"uv": [16, 0, 0, 16], "texture": "#12"},
				"east": {"uv": [16, 0, 0, 16], "texture": "#12"},
				"south": {"uv": [16, 0, 0, 16], "texture": "#12"},
				"west": {"uv": [16, 0, 0, 16], "texture": "#12"},
				"up": {"uv": [16, 0, 0, 16], "texture": "#12"},
				"down": {"uv": [16, 0, 0, 16], "texture": "#12"}
			}
		},
		{
			"from": [7.35, 5.87929, 19.2],
			"to": [7.65, 5.97929, 19.4],
			"rotation": {"angle": 0, "axis": "y", "origin": [7.5, 5.22929, 16]},
			"faces": {
				"north": {"uv": [16, 0, 0, 16], "texture": "#12"},
				"east": {"uv": [16, 0, 0, 16], "texture": "#12"},
				"south": {"uv": [16, 0, 0, 16], "texture": "#12"},
				"west": {"uv": [16, 0, 0, 16], "texture": "#12"},
				"up": {"uv": [16, 0, 0, 16], "texture": "#12"},
				"down": {"uv": [16, 0, 0, 16], "texture": "#12"}
			}
		},
		{
			"from": [7.25, 5.37929, 16.4],
			"to": [7.75, 6.27929, 17.2],
			"rotation": {"angle": 0, "axis": "y", "origin": [7.5, 5.52929, 15.5]},
			"faces": {
				"north": {"uv": [16, 0, 0, 16], "texture": "#1"},
				"east": {"uv": [16, 0, 0, 16], "texture": "#1"},
				"south": {"uv": [16, 0, 0, 16], "texture": "#1"},
				"west": {"uv": [16, 0, 0, 16], "texture": "#1"},
				"up": {"uv": [16, 0, 0, 16], "texture": "#1"},
				"down": {"uv": [16, 0, 0, 16], "texture": "#1"}
			}
		},
		{
			"from": [7.35, 5.47929, 15.6],
			"to": [7.65, 5.57929, 16.4],
			"rotation": {"angle": 0, "axis": "y", "origin": [7.5, 5.52929, 14.7]},
			"faces": {
				"north": {"uv": [16, 0, 0, 16], "texture": "#1"},
				"east": {"uv": [16, 0, 0, 16], "texture": "#1"},
				"south": {"uv": [16, 0, 0, 16], "texture": "#1"},
				"west": {"uv": [16, 0, 0, 16], "texture": "#1"},
				"up": {"uv": [16, 0, 0, 16], "texture": "#1"},
				"down": {"uv": [16, 0, 0, 16], "texture": "#1"}
			}
		},
		{
			"from": [7.35, 5.57929, 15.5],
			"to": [7.65, 5.67929, 15.6],
			"rotation": {"angle": 0, "axis": "y", "origin": [7.5, 5.62929, 13.9]},
			"faces": {
				"north": {"uv": [16, 0, 0, 16], "texture": "#1"},
				"east": {"uv": [16, 0, 0, 16], "texture": "#1"},
				"south": {"uv": [16, 0, 0, 16], "texture": "#1"},
				"west": {"uv": [16, 0, 0, 16], "texture": "#1"},
				"up": {"uv": [16, 0, 0, 16], "texture": "#1"},
				"down": {"uv": [16, 0, 0, 16], "texture": "#1"}
			}
		},
		{
			"from": [7.35, 5.67929, 15.4],
			"to": [7.65, 5.87929, 15.5],
			"rotation": {"angle": 0, "axis": "y", "origin": [7.5, 5.72929, 13.8]},
			"faces": {
				"north": {"uv": [16, 0, 0, 16], "texture": "#1"},
				"east": {"uv": [16, 0, 0, 16], "texture": "#1"},
				"south": {"uv": [16, 0, 0, 16], "texture": "#1"},
				"west": {"uv": [16, 0, 0, 16], "texture": "#1"},
				"up": {"uv": [16, 0, 0, 16], "texture": "#1"},
				"down": {"uv": [16, 0, 0, 16], "texture": "#1"}
			}
		},
		{
			"from": [7.35, 5.87929, 15.3],
			"to": [7.65, 6.27929, 15.4],
			"rotation": {"angle": 0, "axis": "y", "origin": [7.5, 5.92929, 13.7]},
			"faces": {
				"north": {"uv": [16, 0, 0, 16], "texture": "#1"},
				"east": {"uv": [16, 0, 0, 16], "texture": "#1"},
				"south": {"uv": [16, 0, 0, 16], "texture": "#1"},
				"west": {"uv": [16, 0, 0, 16], "texture": "#1"},
				"up": {"uv": [16, 0, 0, 16], "texture": "#1"},
				"down": {"uv": [16, 0, 0, 16], "texture": "#1"}
			}
		},
		{
			"from": [7.45, 5.97929, 15.9],
			"to": [7.55, 6.27929, 16],
			"rotation": {"angle": 0, "axis": "y", "origin": [7.5, 5.92929, 14.3]},
			"faces": {
				"north": {"uv": [16, 0, 0, 16], "texture": "#1"},
				"east": {"uv": [16, 0, 0, 16], "texture": "#1"},
				"south": {"uv": [16, 0, 0, 16], "texture": "#1"},
				"west": {"uv": [16, 0, 0, 16], "texture": "#1"},
				"up": {"uv": [16, 0, 0, 16], "texture": "#1"},
				"down": {"uv": [16, 0, 0, 16], "texture": "#1"}
			}
		},
		{
			"from": [7.45, 5.67929, 15.8],
			"to": [7.55, 5.97929, 15.9],
			"rotation": {"angle": 0, "axis": "y", "origin": [7.5, 5.62929, 14.2]},
			"faces": {
				"north": {"uv": [16, 0, 0, 16], "texture": "#1"},
				"east": {"uv": [16, 0, 0, 16], "texture": "#1"},
				"south": {"uv": [16, 0, 0, 16], "texture": "#1"},
				"west": {"uv": [16, 0, 0, 16], "texture": "#1"},
				"up": {"uv": [16, 0, 0, 16], "texture": "#1"},
				"down": {"uv": [16, 0, 0, 16], "texture": "#1"}
			}
		},
		{
			"from": [7.15, 5.3792, 16.5],
			"to": [7.85, 6.1792, 17.1],
			"rotation": {"angle": 0, "axis": "y", "origin": [8, 5.52929, 15.5]},
			"faces": {
				"north": {"uv": [16, 0, 0, 16], "texture": "#12"},
				"east": {"uv": [16, 0, 0, 16], "texture": "#12"},
				"south": {"uv": [16, 0, 0, 16], "texture": "#12"},
				"west": {"uv": [16, 0, 0, 16], "texture": "#12"},
				"up": {"uv": [16, 0, 0, 16], "texture": "#12"},
				"down": {"uv": [16, 0, 0, 16], "texture": "#12"}
			}
		},
		{
			"from": [7.35, 4.47929, 16.5],
			"to": [7.65, 5.37929, 17.3],
			"rotation": {"angle": 0, "axis": "y", "origin": [7.5, 4.62929, 15.6]},
			"faces": {
				"north": {"uv": [16, 0, 0, 16], "texture": "#1"},
				"east": {"uv": [16, 0, 0, 16], "texture": "#1"},
				"south": {"uv": [16, 0, 0, 16], "texture": "#1"},
				"west": {"uv": [16, 0, 0, 16], "texture": "#1"},
				"up": {"uv": [16, 0, 0, 16], "texture": "#1"},
				"down": {"uv": [16, 0, 0, 16], "texture": "#1"}
			}
		},
		{
			"from": [7.25, 4.47929, 16.6],
			"to": [7.75, 5.37929, 17.2],
			"rotation": {"angle": 0, "axis": "y", "origin": [8, 4.62929, 15.6]},
			"faces": {
				"north": {"uv": [16, 0, 0, 16], "texture": "#12"},
				"east": {"uv": [16, 0, 0, 16], "texture": "#12"},
				"south": {"uv": [16, 0, 0, 16], "texture": "#12"},
				"west": {"uv": [16, 0, 0, 16], "texture": "#12"},
				"up": {"uv": [16, 0, 0, 16], "texture": "#12"},
				"down": {"uv": [16, 0, 0, 16], "texture": "#12"}
			}
		},
		{
			"from": [7.35, 4.07929, 16.6],
			"to": [7.65, 4.47929, 17.4],
			"rotation": {"angle": 0, "axis": "y", "origin": [7.5, 3.72929, 15.7]},
			"faces": {
				"north": {"uv": [16, 0, 0, 16], "texture": "#1"},
				"east": {"uv": [16, 0, 0, 16], "texture": "#1"},
				"south": {"uv": [16, 0, 0, 16], "texture": "#1"},
				"west": {"uv": [16, 0, 0, 16], "texture": "#1"},
				"up": {"uv": [16, 0, 0, 16], "texture": "#1"},
				"down": {"uv": [16, 0, 0, 16], "texture": "#1"}
			}
		},
		{
			"from": [7.25, 4.17929, 16.7],
			"to": [7.75, 4.47929, 17.3],
			"rotation": {"angle": 0, "axis": "y", "origin": [8, 3.72929, 15.7]},
			"faces": {
				"north": {"uv": [16, 0, 0, 16], "texture": "#12"},
				"east": {"uv": [16, 0, 0, 16], "texture": "#12"},
				"south": {"uv": [16, 0, 0, 16], "texture": "#12"},
				"west": {"uv": [16, 0, 0, 16], "texture": "#12"},
				"up": {"uv": [16, 0, 0, 16], "texture": "#12"},
				"down": {"uv": [16, 0, 0, 16], "texture": "#12"}
			}
		},
		{
			"from": [7.55, 4.37929, 10.7],
			"to": [7.65, 4.67929, 11.7],
			"rotation": {"angle": 0, "axis": "y", "origin": [7.6, 6.77929, 11.2]},
			"faces": {
				"north": {"uv": [16, 0, 0, 16], "texture": "#1"},
				"east": {"uv": [16, 0, 0, 16], "texture": "#1"},
				"south": {"uv": [16, 0, 0, 16], "texture": "#1"},
				"west": {"uv": [16, 0, 0, 16], "texture": "#1"},
				"up": {"uv": [16, 0, 0, 16], "texture": "#1"},
				"down": {"uv": [16, 0, 0, 16], "texture": "#1"}
			}
		},
		{
			"from": [7.45, 4.37929, 10.7],
			"to": [7.55, 5.97929, 11.7],
			"rotation": {"angle": 0, "axis": "y", "origin": [7.5, 6.77929, 11.2]},
			"faces": {
				"north": {"uv": [16, 0, 0, 16], "texture": "#1"},
				"east": {"uv": [16, 0, 0, 16], "texture": "#11"},
				"south": {"uv": [16, 0, 0, 16], "texture": "#1"},
				"west": {"uv": [16, 0, 0, 16], "texture": "#11"},
				"up": {"uv": [16, 0, 0, 16], "texture": "#1"},
				"down": {"uv": [16, 0, 0, 16], "texture": "#1"}
			}
		},
		{
			"from": [7.35, 4.37929, 10.7],
			"to": [7.45, 4.67929, 11.7],
			"rotation": {"angle": 0, "axis": "y", "origin": [7.4, 6.77929, 11.2]},
			"faces": {
				"north": {"uv": [16, 0, 0, 16], "texture": "#1"},
				"east": {"uv": [16, 0, 0, 16], "texture": "#1"},
				"south": {"uv": [16, 0, 0, 16], "texture": "#1"},
				"west": {"uv": [16, 0, 0, 16], "texture": "#1"},
				"up": {"uv": [16, 0, 0, 16], "texture": "#1"},
				"down": {"uv": [16, 0, 0, 16], "texture": "#1"}
			}
		},
		{
			"from": [7.55, 5.17929, 10.9],
			"to": [7.65, 5.97929, 11.5],
			"rotation": {"angle": 0, "axis": "y", "origin": [7.6, 8.07929, 11.2]},
			"faces": {
				"north": {"uv": [16, 0, 0, 16], "texture": "#1"},
				"east": {"uv": [16, 0, 0, 16], "texture": "#1"},
				"south": {"uv": [16, 0, 0, 16], "texture": "#1"},
				"west": {"uv": [16, 0, 0, 16], "texture": "#1"},
				"up": {"uv": [16, 0, 0, 16], "texture": "#1"},
				"down": {"uv": [16, 0, 0, 16], "texture": "#1"}
			}
		},
		{
			"from": [7.35, 5.17929, 10.9],
			"to": [7.45, 5.97929, 11.5],
			"rotation": {"angle": 0, "axis": "y", "origin": [7.4, 8.07929, 11.2]},
			"faces": {
				"north": {"uv": [16, 0, 0, 16], "texture": "#1"},
				"east": {"uv": [16, 0, 0, 16], "texture": "#1"},
				"south": {"uv": [16, 0, 0, 16], "texture": "#1"},
				"west": {"uv": [16, 0, 0, 16], "texture": "#1"},
				"up": {"uv": [16, 0, 0, 16], "texture": "#1"},
				"down": {"uv": [16, 0, 0, 16], "texture": "#1"}
			}
		},
		{
			"from": [7.55, 4.67929, 10.9],
			"to": [7.65, 4.77929, 11.5],
			"rotation": {"angle": 0, "axis": "y", "origin": [7.6, 7.07929, 11.2]},
			"faces": {
				"north": {"uv": [16, 0, 0, 16], "texture": "#1"},
				"east": {"uv": [16, 0, 0, 16], "texture": "#1"},
				"south": {"uv": [16, 0, 0, 16], "texture": "#1"},
				"west": {"uv": [16, 0, 0, 16], "texture": "#1"},
				"up": {"uv": [16, 0, 0, 16], "texture": "#1"},
				"down": {"uv": [16, 0, 0, 16], "texture": "#1"}
			}
		},
		{
			"from": [7.35, 4.67929, 10.9],
			"to": [7.45, 4.77929, 11.5],
			"rotation": {"angle": 0, "axis": "y", "origin": [7.4, 7.07929, 11.2]},
			"faces": {
				"north": {"uv": [16, 0, 0, 16], "texture": "#1"},
				"east": {"uv": [16, 0, 0, 16], "texture": "#1"},
				"south": {"uv": [16, 0, 0, 16], "texture": "#1"},
				"west": {"uv": [16, 0, 0, 16], "texture": "#1"},
				"up": {"uv": [16, 0, 0, 16], "texture": "#1"},
				"down": {"uv": [16, 0, 0, 16], "texture": "#1"}
			}
		},
		{
			"from": [7.55, 4.77929, 11],
			"to": [7.65, 5.27929, 11.4],
			"rotation": {"angle": 0, "axis": "y", "origin": [7.6, 7.17929, 11.2]},
			"faces": {
				"north": {"uv": [16, 0, 0, 16], "texture": "#1"},
				"east": {"uv": [16, 0, 0, 16], "texture": "#1"},
				"south": {"uv": [16, 0, 0, 16], "texture": "#1"},
				"west": {"uv": [16, 0, 0, 16], "texture": "#1"},
				"up": {"uv": [16, 0, 0, 16], "texture": "#1"},
				"down": {"uv": [16, 0, 0, 16], "texture": "#1"}
			}
		},
		{
			"from": [7.35, 4.77929, 11],
			"to": [7.45, 5.27929, 11.4],
			"rotation": {"angle": 0, "axis": "y", "origin": [7.4, 7.17929, 11.2]},
			"faces": {
				"north": {"uv": [16, 0, 0, 16], "texture": "#1"},
				"east": {"uv": [16, 0, 0, 16], "texture": "#1"},
				"south": {"uv": [16, 0, 0, 16], "texture": "#1"},
				"west": {"uv": [16, 0, 0, 16], "texture": "#1"},
				"up": {"uv": [16, 0, 0, 16], "texture": "#1"},
				"down": {"uv": [16, 0, 0, 16], "texture": "#1"}
			}
		},
		{
			"from": [7.55, 4.37929, 10.7],
			"to": [7.65, 4.67929, 11.7],
			"rotation": {"angle": -22.5, "axis": "x", "origin": [7.6, 6.77929, 11.2]},
			"faces": {
				"north": {"uv": [16, 0, 0, 16], "texture": "#1"},
				"east": {"uv": [16, 0, 0, 16], "texture": "#1"},
				"south": {"uv": [16, 0, 0, 16], "texture": "#1"},
				"west": {"uv": [16, 0, 0, 16], "texture": "#1"},
				"up": {"uv": [16, 0, 0, 16], "texture": "#1"},
				"down": {"uv": [16, 0, 0, 16], "texture": "#1"}
			}
		},
		{
			"from": [7.45, 4.37929, 10.7],
			"to": [7.55, 5.97929, 11.7],
			"rotation": {"angle": -22.5, "axis": "x", "origin": [7.5, 6.77929, 11.2]},
			"faces": {
				"north": {"uv": [16, 0, 0, 16], "texture": "#1"},
				"east": {"uv": [16, 0, 0, 16], "texture": "#11"},
				"south": {"uv": [16, 0, 0, 16], "texture": "#1"},
				"west": {"uv": [16, 0, 0, 16], "texture": "#11"},
				"up": {"uv": [16, 0, 0, 16], "texture": "#1"},
				"down": {"uv": [16, 0, 0, 16], "texture": "#1"}
			}
		},
		{
			"from": [7.35, 4.37929, 10.7],
			"to": [7.45, 4.67929, 11.7],
			"rotation": {"angle": -22.5, "axis": "x", "origin": [7.4, 6.77929, 11.2]},
			"faces": {
				"north": {"uv": [16, 0, 0, 16], "texture": "#1"},
				"east": {"uv": [16, 0, 0, 16], "texture": "#1"},
				"south": {"uv": [16, 0, 0, 16], "texture": "#1"},
				"west": {"uv": [16, 0, 0, 16], "texture": "#1"},
				"up": {"uv": [16, 0, 0, 16], "texture": "#1"},
				"down": {"uv": [16, 0, 0, 16], "texture": "#1"}
			}
		},
		{
			"from": [7.55, 5.17929, 10.7],
			"to": [7.65, 5.97929, 11.5],
			"rotation": {"angle": -22.5, "axis": "x", "origin": [7.6, 6.77929, 11.2]},
			"faces": {
				"north": {"uv": [16, 0, 0, 16], "texture": "#1"},
				"east": {"uv": [16, 0, 0, 16], "texture": "#1"},
				"south": {"uv": [16, 0, 0, 16], "texture": "#1"},
				"west": {"uv": [16, 0, 0, 16], "texture": "#1"},
				"up": {"uv": [16, 0, 0, 16], "texture": "#1"},
				"down": {"uv": [16, 0, 0, 16], "texture": "#1"}
			}
		},
		{
			"from": [7.35, 5.17929, 10.7],
			"to": [7.45, 5.97929, 11.5],
			"rotation": {"angle": -22.5, "axis": "x", "origin": [7.4, 6.77929, 11.2]},
			"faces": {
				"north": {"uv": [16, 0, 0, 16], "texture": "#1"},
				"east": {"uv": [16, 0, 0, 16], "texture": "#1"},
				"south": {"uv": [16, 0, 0, 16], "texture": "#1"},
				"west": {"uv": [16, 0, 0, 16], "texture": "#1"},
				"up": {"uv": [16, 0, 0, 16], "texture": "#1"},
				"down": {"uv": [16, 0, 0, 16], "texture": "#1"}
			}
		},
		{
			"from": [7.55, 4.37929, 10.7],
			"to": [7.65, 4.67929, 11.7],
			"rotation": {"angle": -45, "axis": "x", "origin": [7.6, 6.77929, 11.2]},
			"faces": {
				"north": {"uv": [16, 0, 0, 16], "texture": "#1"},
				"east": {"uv": [16, 0, 0, 16], "texture": "#1"},
				"south": {"uv": [16, 0, 0, 16], "texture": "#1"},
				"west": {"uv": [16, 0, 0, 16], "texture": "#1"},
				"up": {"uv": [16, 0, 0, 16], "texture": "#1"},
				"down": {"uv": [16, 0, 0, 16], "texture": "#1"}
			}
		},
		{
			"from": [7.45, 4.37929, 10.7],
			"to": [7.55, 5.97929, 11.7],
			"rotation": {"angle": -45, "axis": "x", "origin": [7.5, 6.77929, 11.2]},
			"faces": {
				"north": {"uv": [16, 0, 0, 16], "texture": "#1"},
				"east": {"uv": [16, 0, 0, 16], "texture": "#11"},
				"south": {"uv": [16, 0, 0, 16], "texture": "#1"},
				"west": {"uv": [16, 0, 0, 16], "texture": "#11"},
				"up": {"uv": [16, 0, 0, 16], "texture": "#1"},
				"down": {"uv": [16, 0, 0, 16], "texture": "#1"}
			}
		},
		{
			"from": [7.35, 4.37929, 10.7],
			"to": [7.45, 4.67929, 11.7],
			"rotation": {"angle": -45, "axis": "x", "origin": [7.4, 6.77929, 11.2]},
			"faces": {
				"north": {"uv": [16, 0, 0, 16], "texture": "#1"},
				"east": {"uv": [16, 0, 0, 16], "texture": "#1"},
				"south": {"uv": [16, 0, 0, 16], "texture": "#1"},
				"west": {"uv": [16, 0, 0, 16], "texture": "#1"},
				"up": {"uv": [16, 0, 0, 16], "texture": "#1"},
				"down": {"uv": [16, 0, 0, 16], "texture": "#1"}
			}
		},
		{
			"from": [7.55, 5.17929, 10.9],
			"to": [7.65, 5.97929, 11.5],
			"rotation": {"angle": -45, "axis": "x", "origin": [7.6, 6.77929, 11.2]},
			"faces": {
				"north": {"uv": [16, 0, 0, 16], "texture": "#1"},
				"east": {"uv": [16, 0, 0, 16], "texture": "#1"},
				"south": {"uv": [16, 0, 0, 16], "texture": "#1"},
				"west": {"uv": [16, 0, 0, 16], "texture": "#1"},
				"up": {"uv": [16, 0, 0, 16], "texture": "#1"},
				"down": {"uv": [16, 0, 0, 16], "texture": "#1"}
			}
		},
		{
			"from": [7.35, 5.17929, 10.9],
			"to": [7.45, 5.97929, 11.5],
			"rotation": {"angle": -45, "axis": "x", "origin": [7.4, 6.77929, 11.2]},
			"faces": {
				"north": {"uv": [16, 0, 0, 16], "texture": "#1"},
				"east": {"uv": [16, 0, 0, 16], "texture": "#1"},
				"south": {"uv": [16, 0, 0, 16], "texture": "#1"},
				"west": {"uv": [16, 0, 0, 16], "texture": "#1"},
				"up": {"uv": [16, 0, 0, 16], "texture": "#1"},
				"down": {"uv": [16, 0, 0, 16], "texture": "#1"}
			}
		},
		{
			"from": [7.55, 6.27929, 13.3],
			"to": [7.65, 7.27929, 13.6],
			"rotation": {"angle": 22.5, "axis": "x", "origin": [7.6, 6.77929, 11.2]},
			"faces": {
				"north": {"uv": [16, 0, 0, 16], "rotation": 180, "texture": "#1"},
				"east": {"uv": [16, 0, 0, 16], "rotation": 90, "texture": "#1"},
				"south": {"uv": [16, 0, 0, 16], "texture": "#1"},
				"west": {"uv": [16, 0, 0, 16], "rotation": 270, "texture": "#1"},
				"up": {"uv": [16, 0, 0, 16], "texture": "#1"},
				"down": {"uv": [16, 0, 0, 16], "rotation": 180, "texture": "#1"}
			}
		},
		{
			"from": [7.45, 6.27929, 12],
			"to": [7.55, 7.27929, 13.6],
			"rotation": {"angle": 22.5, "axis": "x", "origin": [7.5, 6.77929, 11.2]},
			"faces": {
				"north": {"uv": [16, 0, 0, 16], "rotation": 180, "texture": "#1"},
				"east": {"uv": [16, 0, 0, 16], "rotation": 90, "texture": "#11"},
				"south": {"uv": [16, 0, 0, 16], "texture": "#1"},
				"west": {"uv": [16, 0, 0, 16], "rotation": 270, "texture": "#11"},
				"up": {"uv": [16, 0, 0, 16], "texture": "#1"},
				"down": {"uv": [16, 0, 0, 16], "rotation": 180, "texture": "#1"}
			}
		},
		{
			"from": [7.35, 6.27929, 13.3],
			"to": [7.45, 7.27929, 13.6],
			"rotation": {"angle": 22.5, "axis": "x", "origin": [7.4, 6.77929, 11.2]},
			"faces": {
				"north": {"uv": [16, 0, 0, 16], "rotation": 180, "texture": "#1"},
				"east": {"uv": [16, 0, 0, 16], "rotation": 90, "texture": "#1"},
				"south": {"uv": [16, 0, 0, 16], "texture": "#1"},
				"west": {"uv": [16, 0, 0, 16], "rotation": 270, "texture": "#1"},
				"up": {"uv": [16, 0, 0, 16], "texture": "#1"},
				"down": {"uv": [16, 0, 0, 16], "rotation": 180, "texture": "#1"}
			}
		},
		{
			"from": [7.55, 6.47929, 12],
			"to": [7.65, 7.27929, 12.8],
			"rotation": {"angle": 22.5, "axis": "x", "origin": [7.6, 6.77929, 11.2]},
			"faces": {
				"north": {"uv": [16, 0, 0, 16], "rotation": 180, "texture": "#1"},
				"east": {"uv": [16, 0, 0, 16], "rotation": 90, "texture": "#1"},
				"south": {"uv": [16, 0, 0, 16], "texture": "#1"},
				"west": {"uv": [16, 0, 0, 16], "rotation": 270, "texture": "#1"},
				"up": {"uv": [16, 0, 0, 16], "texture": "#1"},
				"down": {"uv": [16, 0, 0, 16], "rotation": 180, "texture": "#1"}
			}
		},
		{
			"from": [7.35, 6.47929, 12],
			"to": [7.45, 7.27929, 12.8],
			"rotation": {"angle": 22.5, "axis": "x", "origin": [7.4, 6.77929, 11.2]},
			"faces": {
				"north": {"uv": [16, 0, 0, 16], "rotation": 180, "texture": "#1"},
				"east": {"uv": [16, 0, 0, 16], "rotation": 90, "texture": "#1"},
				"south": {"uv": [16, 0, 0, 16], "texture": "#1"},
				"west": {"uv": [16, 0, 0, 16], "rotation": 270, "texture": "#1"},
				"up": {"uv": [16, 0, 0, 16], "texture": "#1"},
				"down": {"uv": [16, 0, 0, 16], "rotation": 180, "texture": "#1"}
			}
		},
		{
			"from": [7.55, 6.27929, 11.9],
			"to": [7.65, 6.37929, 13.6],
			"rotation": {"angle": 0, "axis": "y", "origin": [7.6, 6.77929, 11.2]},
			"faces": {
				"north": {"uv": [16, 0, 0, 16], "rotation": 180, "texture": "#1"},
				"east": {"uv": [16, 0, 0, 16], "rotation": 90, "texture": "#1"},
				"south": {"uv": [16, 0, 0, 16], "texture": "#1"},
				"west": {"uv": [16, 0, 0, 16], "rotation": 270, "texture": "#1"},
				"up": {"uv": [16, 0, 0, 16], "texture": "#1"},
				"down": {"uv": [16, 0, 0, 16], "rotation": 180, "texture": "#1"}
			}
		},
		{
			"from": [7.45, 6.27929, 11.9],
			"to": [7.55, 6.37929, 13.6],
			"rotation": {"angle": 0, "axis": "y", "origin": [7.5, 6.77929, 11.2]},
			"faces": {
				"north": {"uv": [16, 0, 0, 16], "rotation": 180, "texture": "#1"},
				"east": {"uv": [16, 0, 0, 16], "rotation": 90, "texture": "#11"},
				"south": {"uv": [16, 0, 0, 16], "texture": "#1"},
				"west": {"uv": [16, 0, 0, 16], "rotation": 270, "texture": "#1"},
				"up": {"uv": [16, 0, 0, 16], "texture": "#1"},
				"down": {"uv": [16, 0, 0, 16], "rotation": 180, "texture": "#1"}
			}
		},
		{
			"from": [7.35, 6.27929, 11.9],
			"to": [7.45, 6.37929, 13.6],
			"rotation": {"angle": 0, "axis": "y", "origin": [7.4, 6.77929, 11.2]},
			"faces": {
				"north": {"uv": [16, 0, 0, 16], "rotation": 180, "texture": "#1"},
				"east": {"uv": [16, 0, 0, 16], "rotation": 90, "texture": "#1"},
				"south": {"uv": [16, 0, 0, 16], "texture": "#1"},
				"west": {"uv": [16, 0, 0, 16], "rotation": 270, "texture": "#1"},
				"up": {"uv": [16, 0, 0, 16], "texture": "#1"},
				"down": {"uv": [16, 0, 0, 16], "rotation": 180, "texture": "#1"}
			}
		},
		{
			"from": [7.55, 4.37929, 10.7],
			"to": [7.65, 4.67929, 11.7],
			"rotation": {"angle": 22.5, "axis": "x", "origin": [7.6, 6.77929, 11.2]},
			"faces": {
				"north": {"uv": [16, 0, 0, 16], "texture": "#1"},
				"east": {"uv": [16, 0, 0, 16], "texture": "#1"},
				"south": {"uv": [16, 0, 0, 16], "texture": "#1"},
				"west": {"uv": [16, 0, 0, 16], "texture": "#1"},
				"up": {"uv": [16, 0, 0, 16], "texture": "#1"},
				"down": {"uv": [16, 0, 0, 16], "texture": "#1"}
			}
		},
		{
			"from": [7.45, 4.37929, 10.7],
			"to": [7.55, 5.97929, 11.7],
			"rotation": {"angle": 22.5, "axis": "x", "origin": [7.5, 6.77929, 11.2]},
			"faces": {
				"north": {"uv": [16, 0, 0, 16], "texture": "#1"},
				"east": {"uv": [16, 0, 0, 16], "texture": "#11"},
				"south": {"uv": [16, 0, 0, 16], "texture": "#1"},
				"west": {"uv": [16, 0, 0, 16], "texture": "#11"},
				"up": {"uv": [16, 0, 0, 16], "texture": "#1"},
				"down": {"uv": [16, 0, 0, 16], "texture": "#1"}
			}
		},
		{
			"from": [7.35, 4.37929, 10.7],
			"to": [7.45, 4.67929, 11.7],
			"rotation": {"angle": 22.5, "axis": "x", "origin": [7.4, 6.77929, 11.2]},
			"faces": {
				"north": {"uv": [16, 0, 0, 16], "texture": "#1"},
				"east": {"uv": [16, 0, 0, 16], "texture": "#1"},
				"south": {"uv": [16, 0, 0, 16], "texture": "#1"},
				"west": {"uv": [16, 0, 0, 16], "texture": "#1"},
				"up": {"uv": [16, 0, 0, 16], "texture": "#1"},
				"down": {"uv": [16, 0, 0, 16], "texture": "#1"}
			}
		},
		{
			"from": [7.55, 5.17929, 10.9],
			"to": [7.65, 5.97929, 11.7],
			"rotation": {"angle": 22.5, "axis": "x", "origin": [7.6, 6.77929, 11.2]},
			"faces": {
				"north": {"uv": [16, 0, 0, 16], "texture": "#1"},
				"east": {"uv": [16, 0, 0, 16], "texture": "#1"},
				"south": {"uv": [16, 0, 0, 16], "texture": "#1"},
				"west": {"uv": [16, 0, 0, 16], "texture": "#1"},
				"up": {"uv": [16, 0, 0, 16], "texture": "#1"},
				"down": {"uv": [16, 0, 0, 16], "texture": "#1"}
			}
		},
		{
			"from": [7.35, 5.17929, 10.9],
			"to": [7.45, 5.97929, 11.7],
			"rotation": {"angle": 22.5, "axis": "x", "origin": [7.4, 6.77929, 11.2]},
			"faces": {
				"north": {"uv": [16, 0, 0, 16], "texture": "#1"},
				"east": {"uv": [16, 0, 0, 16], "texture": "#1"},
				"south": {"uv": [16, 0, 0, 16], "texture": "#1"},
				"west": {"uv": [16, 0, 0, 16], "texture": "#1"},
				"up": {"uv": [16, 0, 0, 16], "texture": "#1"},
				"down": {"uv": [16, 0, 0, 16], "texture": "#1"}
			}
		},
		{
			"from": [7.55, 4.37929, 10.7],
			"to": [7.65, 4.67929, 11.7],
			"rotation": {"angle": 45, "axis": "x", "origin": [7.6, 6.77929, 11.2]},
			"faces": {
				"north": {"uv": [16, 0, 0, 16], "texture": "#1"},
				"east": {"uv": [16, 0, 0, 16], "texture": "#1"},
				"south": {"uv": [16, 0, 0, 16], "texture": "#1"},
				"west": {"uv": [16, 0, 0, 16], "texture": "#1"},
				"up": {"uv": [16, 0, 0, 16], "texture": "#1"},
				"down": {"uv": [16, 0, 0, 16], "texture": "#1"}
			}
		},
		{
			"from": [7.45, 4.37929, 10.7],
			"to": [7.55, 5.97929, 11.7],
			"rotation": {"angle": 45, "axis": "x", "origin": [7.5, 6.77929, 11.2]},
			"faces": {
				"north": {"uv": [16, 0, 0, 16], "texture": "#1"},
				"east": {"uv": [16, 0, 0, 16], "texture": "#11"},
				"south": {"uv": [16, 0, 0, 16], "texture": "#1"},
				"west": {"uv": [16, 0, 0, 16], "texture": "#11"},
				"up": {"uv": [16, 0, 0, 16], "texture": "#1"},
				"down": {"uv": [16, 0, 0, 16], "texture": "#1"}
			}
		},
		{
			"from": [7.35, 4.37929, 10.7],
			"to": [7.45, 4.67929, 11.7],
			"rotation": {"angle": 45, "axis": "x", "origin": [7.4, 6.77929, 11.2]},
			"faces": {
				"north": {"uv": [16, 0, 0, 16], "texture": "#1"},
				"east": {"uv": [16, 0, 0, 16], "texture": "#1"},
				"south": {"uv": [16, 0, 0, 16], "texture": "#1"},
				"west": {"uv": [16, 0, 0, 16], "texture": "#1"},
				"up": {"uv": [16, 0, 0, 16], "texture": "#1"},
				"down": {"uv": [16, 0, 0, 16], "texture": "#1"}
			}
		},
		{
			"from": [7.55, 5.17929, 10.9],
			"to": [7.65, 5.97929, 11.5],
			"rotation": {"angle": 45, "axis": "x", "origin": [7.6, 6.77929, 11.2]},
			"faces": {
				"north": {"uv": [16, 0, 0, 16], "texture": "#1"},
				"east": {"uv": [16, 0, 0, 16], "texture": "#1"},
				"south": {"uv": [16, 0, 0, 16], "texture": "#1"},
				"west": {"uv": [16, 0, 0, 16], "texture": "#1"},
				"up": {"uv": [16, 0, 0, 16], "texture": "#1"},
				"down": {"uv": [16, 0, 0, 16], "texture": "#1"}
			}
		},
		{
			"from": [7.35, 5.17929, 10.9],
			"to": [7.45, 5.97929, 11.5],
			"rotation": {"angle": 45, "axis": "x", "origin": [7.4, 6.77929, 11.2]},
			"faces": {
				"north": {"uv": [16, 0, 0, 16], "texture": "#1"},
				"east": {"uv": [16, 0, 0, 16], "texture": "#1"},
				"south": {"uv": [16, 0, 0, 16], "texture": "#1"},
				"west": {"uv": [16, 0, 0, 16], "texture": "#1"},
				"up": {"uv": [16, 0, 0, 16], "texture": "#1"},
				"down": {"uv": [16, 0, 0, 16], "texture": "#1"}
			}
		},
		{
			"from": [7.55, 6.27929, 8.8],
			"to": [7.65, 7.27929, 9.1],
			"rotation": {"angle": -22.5, "axis": "x", "origin": [7.6, 6.77929, 11.2]},
			"faces": {
				"north": {"uv": [16, 0, 0, 16], "rotation": 180, "texture": "#1"},
				"east": {"uv": [16, 0, 0, 16], "rotation": 270, "texture": "#1"},
				"south": {"uv": [16, 0, 0, 16], "texture": "#1"},
				"west": {"uv": [16, 0, 0, 16], "rotation": 90, "texture": "#1"},
				"up": {"uv": [16, 0, 0, 16], "rotation": 180, "texture": "#1"},
				"down": {"uv": [16, 0, 0, 16], "texture": "#1"}
			}
		},
		{
			"from": [7.45, 6.27929, 8.8],
			"to": [7.55, 7.27929, 10.4],
			"rotation": {"angle": -22.5, "axis": "x", "origin": [7.5, 6.77929, 11.2]},
			"faces": {
				"north": {"uv": [16, 0, 0, 16], "rotation": 180, "texture": "#1"},
				"east": {"uv": [16, 0, 0, 16], "rotation": 270, "texture": "#11"},
				"south": {"uv": [16, 0, 0, 16], "texture": "#1"},
				"west": {"uv": [16, 0, 0, 16], "rotation": 90, "texture": "#11"},
				"up": {"uv": [16, 0, 0, 16], "rotation": 180, "texture": "#1"},
				"down": {"uv": [16, 0, 0, 16], "texture": "#1"}
			}
		},
		{
			"from": [7.35, 6.27929, 8.8],
			"to": [7.45, 7.27929, 9.1],
			"rotation": {"angle": -22.5, "axis": "x", "origin": [7.4, 6.77929, 11.2]},
			"faces": {
				"north": {"uv": [16, 0, 0, 16], "rotation": 180, "texture": "#1"},
				"east": {"uv": [16, 0, 0, 16], "rotation": 270, "texture": "#1"},
				"south": {"uv": [16, 0, 0, 16], "texture": "#1"},
				"west": {"uv": [16, 0, 0, 16], "rotation": 90, "texture": "#1"},
				"up": {"uv": [16, 0, 0, 16], "rotation": 180, "texture": "#1"},
				"down": {"uv": [16, 0, 0, 16], "texture": "#1"}
			}
		},
		{
			"from": [7.55, 6.47929, 9.6],
			"to": [7.65, 7.27929, 10.4],
			"rotation": {"angle": -22.5, "axis": "x", "origin": [7.6, 6.77929, 11.2]},
			"faces": {
				"north": {"uv": [16, 0, 0, 16], "rotation": 180, "texture": "#1"},
				"east": {"uv": [16, 0, 0, 16], "rotation": 270, "texture": "#1"},
				"south": {"uv": [16, 0, 0, 16], "texture": "#1"},
				"west": {"uv": [16, 0, 0, 16], "rotation": 90, "texture": "#1"},
				"up": {"uv": [16, 0, 0, 16], "rotation": 180, "texture": "#1"},
				"down": {"uv": [16, 0, 0, 16], "texture": "#1"}
			}
		},
		{
			"from": [7.35, 6.47929, 9.6],
			"to": [7.45, 7.27929, 10.4],
			"rotation": {"angle": -22.5, "axis": "x", "origin": [7.4, 6.77929, 11.2]},
			"faces": {
				"north": {"uv": [16, 0, 0, 16], "rotation": 180, "texture": "#1"},
				"east": {"uv": [16, 0, 0, 16], "rotation": 270, "texture": "#1"},
				"south": {"uv": [16, 0, 0, 16], "texture": "#1"},
				"west": {"uv": [16, 0, 0, 16], "rotation": 90, "texture": "#1"},
				"up": {"uv": [16, 0, 0, 16], "rotation": 180, "texture": "#1"},
				"down": {"uv": [16, 0, 0, 16], "texture": "#1"}
			}
		},
		{
			"from": [7.55, 6.27929, 8.8],
			"to": [7.65, 6.37929, 10.5],
			"rotation": {"angle": 0, "axis": "y", "origin": [7.6, 6.77929, 11.2]},
			"faces": {
				"north": {"uv": [16, 0, 0, 16], "rotation": 180, "texture": "#1"},
				"east": {"uv": [16, 0, 0, 16], "rotation": 270, "texture": "#1"},
				"south": {"uv": [16, 0, 0, 16], "texture": "#1"},
				"west": {"uv": [16, 0, 0, 16], "rotation": 90, "texture": "#1"},
				"up": {"uv": [16, 0, 0, 16], "rotation": 180, "texture": "#1"},
				"down": {"uv": [16, 0, 0, 16], "texture": "#1"}
			}
		},
		{
			"from": [7.45, 6.27929, 8.8],
			"to": [7.55, 6.37929, 10.5],
			"rotation": {"angle": 0, "axis": "y", "origin": [7.5, 6.77929, 11.2]},
			"faces": {
				"north": {"uv": [16, 0, 0, 16], "rotation": 180, "texture": "#1"},
				"east": {"uv": [16, 0, 0, 16], "rotation": 270, "texture": "#11"},
				"south": {"uv": [16, 0, 0, 16], "texture": "#1"},
				"west": {"uv": [16, 0, 0, 16], "rotation": 90, "texture": "#1"},
				"up": {"uv": [16, 0, 0, 16], "rotation": 180, "texture": "#1"},
				"down": {"uv": [16, 0, 0, 16], "texture": "#1"}
			}
		},
		{
			"from": [7.35, 6.27929, 8.8],
			"to": [7.45, 6.37929, 10.5],
			"rotation": {"angle": 0, "axis": "y", "origin": [7.4, 6.77929, 11.2]},
			"faces": {
				"north": {"uv": [16, 0, 0, 16], "rotation": 180, "texture": "#1"},
				"east": {"uv": [16, 0, 0, 16], "rotation": 270, "texture": "#1"},
				"south": {"uv": [16, 0, 0, 16], "texture": "#1"},
				"west": {"uv": [16, 0, 0, 16], "rotation": 90, "texture": "#1"},
				"up": {"uv": [16, 0, 0, 16], "rotation": 180, "texture": "#1"},
				"down": {"uv": [16, 0, 0, 16], "texture": "#1"}
			}
		},
		{
			"from": [7.25, 6.27929, 13.7],
			"to": [7.75, 6.77929, 16.8],
			"rotation": {"angle": 0, "axis": "y", "origin": [7.5, 6.42929, 12.2]},
			"faces": {
				"north": {"uv": [16, 0, 0, 16], "texture": "#2"},
				"east": {"uv": [16, 0, 0, 16], "texture": "#2"},
				"south": {"uv": [16, 0, 0, 16], "texture": "#2"},
				"west": {"uv": [16, 0, 0, 16], "texture": "#2"},
				"up": {"uv": [16, 0, 0, 16], "texture": "#2"},
				"down": {"uv": [16, 0, 0, 16], "texture": "#2"}
			}
		},
		{
			"from": [7.25, 4.47929, 14.1],
			"to": [7.75, 4.97929, 14.6],
			"rotation": {"angle": 0, "axis": "y", "origin": [7.5, 5.92929, 12.2]},
			"faces": {
				"north": {"uv": [16, 0, 0, 16], "texture": "#12"},
				"east": {"uv": [16, 0, 0, 16], "texture": "#12"},
				"south": {"uv": [16, 0, 0, 16], "texture": "#12"},
				"west": {"uv": [16, 0, 0, 16], "texture": "#12"},
				"up": {"uv": [16, 0, 0, 16], "texture": "#12"},
				"down": {"uv": [16, 0, 0, 16], "texture": "#12"}
			}
		},
		{
			"from": [7.35, 4.27929, 14.2],
			"to": [7.65, 4.47929, 14.5],
			"rotation": {"angle": 0, "axis": "y", "origin": [7.5, 4.12929, 12.2]},
			"faces": {
				"north": {"uv": [16, 0, 0, 16], "texture": "#12"},
				"east": {"uv": [16, 0, 0, 16], "texture": "#12"},
				"south": {"uv": [16, 0, 0, 16], "texture": "#12"},
				"west": {"uv": [16, 0, 0, 16], "texture": "#12"},
				"up": {"uv": [16, 0, 0, 16], "texture": "#12"},
				"down": {"uv": [16, 0, 0, 16], "texture": "#12"}
			}
		},
		{
			"from": [7.35, 4.97929, 14.2],
			"to": [7.65, 5.87929, 14.5],
			"rotation": {"angle": 0, "axis": "y", "origin": [7.5, 4.82929, 12.2]},
			"faces": {
				"north": {"uv": [16, 0, 0, 16], "texture": "#12"},
				"east": {"uv": [16, 0, 0, 16], "texture": "#12"},
				"south": {"uv": [16, 0, 0, 16], "texture": "#12"},
				"west": {"uv": [16, 0, 0, 16], "texture": "#12"},
				"up": {"uv": [16, 0, 0, 16], "texture": "#12"},
				"down": {"uv": [16, 0, 0, 16], "texture": "#12"}
			}
		},
		{
			"from": [7.25, 5.87929, 14.1],
			"to": [7.75, 6.27929, 14.6],
			"rotation": {"angle": 0, "axis": "y", "origin": [7.5, 5.72929, 12.2]},
			"faces": {
				"north": {"uv": [16, 0, 0, 16], "texture": "#12"},
				"east": {"uv": [16, 0, 0, 16], "texture": "#12"},
				"south": {"uv": [16, 0, 0, 16], "texture": "#12"},
				"west": {"uv": [16, 0, 0, 16], "texture": "#12"},
				"up": {"uv": [16, 0, 0, 16], "texture": "#12"},
				"down": {"uv": [16, 0, 0, 16], "texture": "#12"}
			}
		},
		{
			"from": [7.25, 6.37929, 8.7],
			"to": [7.75, 7.17929, 13.7],
			"rotation": {"angle": 0, "axis": "y", "origin": [7.5, 6.42929, 9.1]},
			"faces": {
				"north": {"uv": [16, 0, 0, 16], "texture": "#2"},
				"east": {"uv": [16, 0, 0, 16], "texture": "#2"},
				"south": {"uv": [16, 0, 0, 16], "texture": "#2"},
				"west": {"uv": [16, 0, 0, 16], "texture": "#2"},
				"up": {"uv": [16, 0, 0, 16], "texture": "#2"},
				"down": {"uv": [16, 0, 0, 16], "texture": "#2"}
			}
		},
		{
			"from": [7.25, 6.77929, 13.7],
			"to": [7.55, 7.17929, 16.8],
			"rotation": {"angle": 0, "axis": "y", "origin": [7.5, 6.92929, 12.2]},
			"faces": {
				"north": {"uv": [16, 0, 0, 16], "texture": "#1"},
				"east": {"uv": [16, 0, 0, 16], "texture": "#1"},
				"south": {"uv": [16, 0, 0, 16], "texture": "#1"},
				"west": {"uv": [16, 0, 0, 16], "texture": "#2"},
				"up": {"uv": [16, 0, 0, 16], "texture": "#2"},
				"down": {"uv": [16, 0, 0, 16], "texture": "#1"}
			}
		},
		{
			"from": [7.55, 6.82929, 14.1],
			"to": [8.75, 7.02929, 14.3],
			"rotation": {"angle": 0, "axis": "y", "origin": [7.5, 6.97929, 12.2]},
			"faces": {
				"north": {"uv": [16, 0, 0, 16], "texture": "#3"},
				"east": {"uv": [16, 0, 0, 16], "texture": "#3"},
				"south": {"uv": [16, 0, 0, 16], "texture": "#3"},
				"west": {"uv": [16, 0, 0, 16], "texture": "#3"},
				"up": {"uv": [16, 0, 0, 16], "texture": "#3"},
				"down": {"uv": [16, 0, 0, 16], "texture": "#3"}
			}
		},
		{
			"from": [7.35, 7.87929, 12.5],
			"to": [7.65, 8.17929, 14],
			"rotation": {"angle": 0, "axis": "y", "origin": [7.5, 8.02929, 9.1]},
			"faces": {
				"north": {"uv": [16, 0, 0, 16], "texture": "#2"},
				"east": {"uv": [16, 0, 0, 16], "texture": "#2"},
				"south": {"uv": [16, 0, 0, 16], "texture": "#2"},
				"west": {"uv": [16, 0, 0, 16], "texture": "#2"},
				"up": {"uv": [16, 0, 0, 16], "texture": "#2"},
				"down": {"uv": [16, 0, 0, 16], "texture": "#2"}
			}
		},
		{
			"from": [7.25, 8.17929, 12.5],
			"to": [7.75, 8.37929, 14],
			"rotation": {"angle": 0, "axis": "y", "origin": [7.5, 8.22929, 9.1]},
			"faces": {
				"north": {"uv": [16, 0, 0, 16], "texture": "#2"},
				"east": {"uv": [16, 0, 0, 16], "texture": "#2"},
				"south": {"uv": [16, 0, 0, 16], "texture": "#2"},
				"west": {"uv": [16, 0, 0, 16], "texture": "#2"},
				"up": {"uv": [16, 0, 0, 16], "texture": "#2"},
				"down": {"uv": [16, 0, 0, 16], "texture": "#2"}
			}
		},
		{
			"from": [7.4, 7.57929, 3],
			"to": [7.6, 8.57929, 3.3],
			"rotation": {"angle": 0, "axis": "y", "origin": [7.45, 8.22929, -0.4]},
			"faces": {
				"north": {"uv": [16, 0, 0, 16], "texture": "#2"},
				"east": {"uv": [16, 0, 0, 16], "texture": "#2"},
				"south": {"uv": [16, 0, 0, 16], "texture": "#2"},
				"west": {"uv": [16, 0, 0, 16], "texture": "#2"},
				"up": {"uv": [16, 0, 0, 16], "texture": "#2"},
				"down": {"uv": [16, 0, 0, 16], "texture": "#2"}
			}
		},
		{
			"from": [7.35, 8.27929, 14],
			"to": [7.45, 8.57929, 14.4],
			"rotation": {"angle": 0, "axis": "y", "origin": [7.6, 8.42929, 9.6]},
			"faces": {
				"north": {"uv": [16, 0, 0, 16], "texture": "#2"},
				"east": {"uv": [16, 0, 0, 16], "texture": "#2"},
				"south": {"uv": [16, 0, 0, 16], "texture": "#2"},
				"west": {"uv": [16, 0, 0, 16], "texture": "#2"},
				"up": {"uv": [16, 0, 0, 16], "texture": "#2"},
				"down": {"uv": [16, 0, 0, 16], "texture": "#2"}
			}
		},
		{
			"from": [7.35, 8.37929, 13.6],
			"to": [7.45, 8.47929, 14],
			"rotation": {"angle": 0, "axis": "y", "origin": [7.6, 8.42929, 9.2]},
			"faces": {
				"north": {"uv": [16, 0, 0, 16], "texture": "#2"},
				"east": {"uv": [16, 0, 0, 16], "texture": "#2"},
				"south": {"uv": [16, 0, 0, 16], "texture": "#2"},
				"west": {"uv": [16, 0, 0, 16], "texture": "#2"},
				"up": {"uv": [16, 0, 0, 16], "texture": "#2"},
				"down": {"uv": [16, 0, 0, 16], "texture": "#2"}
			}
		},
		{
			"from": [7.55, 8.37929, 13.6],
			"to": [7.65, 8.47929, 14],
			"rotation": {"angle": 0, "axis": "y", "origin": [7.8, 8.42929, 9.2]},
			"faces": {
				"north": {"uv": [16, 0, 0, 16], "texture": "#2"},
				"east": {"uv": [16, 0, 0, 16], "texture": "#2"},
				"south": {"uv": [16, 0, 0, 16], "texture": "#2"},
				"west": {"uv": [16, 0, 0, 16], "texture": "#2"},
				"up": {"uv": [16, 0, 0, 16], "texture": "#2"},
				"down": {"uv": [16, 0, 0, 16], "texture": "#2"}
			}
		},
		{
			"from": [7.55, 8.27929, 14],
			"to": [7.65, 8.57929, 14.4],
			"rotation": {"angle": 0, "axis": "y", "origin": [7.8, 8.42929, 9.6]},
			"faces": {
				"north": {"uv": [16, 0, 0, 16], "texture": "#2"},
				"east": {"uv": [16, 0, 0, 16], "texture": "#2"},
				"south": {"uv": [16, 0, 0, 16], "texture": "#2"},
				"west": {"uv": [16, 0, 0, 16], "texture": "#2"},
				"up": {"uv": [16, 0, 0, 16], "texture": "#2"},
				"down": {"uv": [16, 0, 0, 16], "texture": "#2"}
			}
		},
		{
			"from": [7.25, 6.47929, 7.3],
			"to": [7.75, 7.17929, 8.7],
			"rotation": {"angle": 0, "axis": "y", "origin": [7.5, 6.42929, 4.2]},
			"faces": {
				"north": {"uv": [16, 0, 0, 16], "texture": "#2"},
				"east": {"uv": [16, 0, 0, 16], "texture": "#2"},
				"south": {"uv": [16, 0, 0, 16], "texture": "#2"},
				"west": {"uv": [16, 0, 0, 16], "texture": "#2"},
				"up": {"uv": [16, 0, 0, 16], "texture": "#2"},
				"down": {"uv": [16, 0, 0, 16], "texture": "#2"}
			}
		},
		{
			"from": [7.35, 6.07929, 7.2],
			"to": [7.65, 6.47929, 7.5],
			"rotation": {"angle": 0, "axis": "y", "origin": [7.5, 6.42929, 4.1]},
			"faces": {
				"north": {"uv": [16, 0, 0, 16], "texture": "#3"},
				"east": {"uv": [16, 0, 0, 16], "texture": "#3"},
				"south": {"uv": [16, 0, 0, 16], "texture": "#3"},
				"west": {"uv": [16, 0, 0, 16], "texture": "#3"},
				"up": {"uv": [16, 0, 0, 16], "texture": "#3"},
				"down": {"uv": [16, 0, 0, 16], "texture": "#3"}
			}
		},
		{
			"from": [7.15, 7.17929, 8],
			"to": [7.85, 7.87929, 11.7],
			"rotation": {"angle": 45, "axis": "z", "origin": [7.5, 7.52929, 6.9]},
			"faces": {
				"north": {"uv": [16, 0, 0, 16], "texture": "#3"},
				"east": {"uv": [16, 0, 0, 16], "texture": "#3"},
				"south": {"uv": [16, 0, 0, 16], "texture": "#3"},
				"west": {"uv": [16, 0, 0, 16], "texture": "#3"},
				"up": {"uv": [16, 0, 0, 16], "texture": "#3"},
				"down": {"uv": [16, 0, 0, 16], "texture": "#3"}
			}
		},
		{
			"from": [7.15, 7.17929, 11.7],
			"to": [7.25, 7.77929, 14],
			"rotation": {"angle": 45, "axis": "z", "origin": [7.5, 7.52929, 9.2]},
			"faces": {
				"north": {"uv": [16, 0, 0, 16], "texture": "#3"},
				"east": {"uv": [16, 0, 0, 16], "texture": "#3"},
				"south": {"uv": [16, 0, 0, 16], "texture": "#3"},
				"west": {"uv": [16, 0, 0, 16], "texture": "#3"},
				"up": {"uv": [16, 0, 0, 16], "texture": "#3"},
				"down": {"uv": [16, 0, 0, 16], "texture": "#3"}
			}
		},
		{
			"from": [7.15, 7.17929, 11.7],
			"to": [7.85, 7.27929, 14],
			"rotation": {"angle": 45, "axis": "z", "origin": [7.5, 7.52929, 9.2]},
			"faces": {
				"north": {"uv": [16, 0, 0, 16], "texture": "#3"},
				"east": {"uv": [16, 0, 0, 16], "texture": "#3"},
				"south": {"uv": [16, 0, 0, 16], "texture": "#3"},
				"west": {"uv": [16, 0, 0, 16], "texture": "#3"},
				"up": {"uv": [16, 0, 0, 16], "texture": "#3"},
				"down": {"uv": [16, 0, 0, 16], "texture": "#3"}
			}
		},
		{
			"from": [7.15, 7.77929, 11.7],
			"to": [7.85, 7.87929, 14],
			"rotation": {"angle": 45, "axis": "z", "origin": [7.5, 7.52929, 9.2]},
			"faces": {
				"north": {"uv": [16, 0, 0, 16], "texture": "#3"},
				"east": {"uv": [16, 0, 0, 16], "texture": "#3"},
				"south": {"uv": [16, 0, 0, 16], "texture": "#3"},
				"west": {"uv": [16, 0, 0, 16], "texture": "#3"},
				"up": {"uv": [16, 0, 0, 16], "texture": "#3"},
				"down": {"uv": [16, 0, 0, 16], "texture": "#3"}
			}
		},
		{
			"from": [7.25, 7.27929, 0.7],
			"to": [7.75, 7.77929, 1.7],
			"rotation": {"angle": 45, "axis": "z", "origin": [7.5, 7.52929, 1.2]},
			"faces": {
				"north": {"uv": [16, 0, 0, 16], "texture": "#4"},
				"east": {"uv": [16, 0, 0, 16], "texture": "#3"},
				"south": {"uv": [16, 0, 0, 16], "texture": "#3"},
				"west": {"uv": [16, 0, 0, 16], "texture": "#3"},
				"up": {"uv": [16, 0, 0, 16], "texture": "#3"},
				"down": {"uv": [16, 0, 0, 16], "texture": "#3"}
			}
		}
	],
	"display": {
		"thirdperson_righthand": {
			"rotation": [5, -17, 0],
			"translation": [0.75, 1.35, -7.25],
			"scale": [1.01, 1.01, 1.01]
		},
		"thirdperson_lefthand": {
			"rotation": [5, -17, 0],
			"translation": [0, 1.35, -7.5],
			"scale": [1.01, 1.01, 1.01]
		},
		"firstperson_righthand": {
			"rotation": [0, -10, 0],
			"translation": [1.65, 17.25, 1]
		},
		"firstperson_lefthand": {
			"rotation": [0, -9.9, 0],
			"translation": [0.65, 7.75, 1]
		},
		"ground": {
			"rotation": [0, 0, 90]
		},
		"gui": {
			"rotation": [90, 45, -90]
		},
		"fixed": {
			"rotation": [90, 90, -90],
			"translation": [-13.25, 0, -3.25],
			"scale": [2, 2, 2]
		}
	}
}