{
	"credit": "Made with Blockbench",
	"textures": {
		"1": "blocks/greyf",
		"2": "blocks/greyd",
		"3": "blocks/greyc",
		"4": "blocks/black",
		"9": "blocks/mnbrown",
		"particle": "blocks/brown"
	},
	"elements": [
		{
			"from": [7.3, 8, -1.7],
			"to": [7.6, 8.3, 1],
			"rotation": {"angle": 45, "axis": "z", "origin": [7.5, 8.2, 4.85]},
			"faces": {
				"north": {"uv": [16, 0, 0, 16], "texture": "#4"},
				"east": {"uv": [16, 0, 0, 16], "texture": "#3"},
				"south": {"uv": [16, 0, 0, 16], "texture": "#3"},
				"west": {"uv": [16, 0, 0, 16], "texture": "#3"},
				"up": {"uv": [16, 0, 0, 16], "texture": "#3"},
				"down": {"uv": [16, 0, 0, 16], "texture": "#3"}
			}
		},
		{
			"from": [7.3, 8, 9],
			"to": [7.6, 8.3, 10.1],
			"rotation": {"angle": 45, "axis": "z", "origin": [7.5, 8.2, 13.95]},
			"faces": {
				"north": {"uv": [16, 0, 0, 16], "texture": "#4"},
				"east": {"uv": [16, 0, 0, 16], "texture": "#3"},
				"south": {"uv": [16, 0, 0, 16], "texture": "#3"},
				"west": {"uv": [16, 0, 0, 16], "texture": "#3"},
				"up": {"uv": [16, 0, 0, 16], "texture": "#3"},
				"down": {"uv": [16, 0, 0, 16], "texture": "#3"}
			}
		},
		{
			"from": [7.45, 8.17929, -1.3],
			"to": [7.55, 8.57929, -0.9],
			"rotation": {"angle": 0, "axis": "y", "origin": [7.5, 8.52929, 4.2]},
			"faces": {
				"north": {"uv": [0, 0, 16, 16], "texture": "#1"},
				"east": {"uv": [0, 0, 16, 16], "texture": "#1"},
				"south": {"uv": [0, 0, 16, 16], "texture": "#1"},
				"west": {"uv": [0, 0, 16, 16], "texture": "#1"},
				"up": {"uv": [0, 0, 16, 16], "texture": "#1"},
				"down": {"uv": [0, 0, 16, 16], "texture": "#1"}
			}
		},
		{
			"from": [7.3, 8, 11.3],
			"to": [7.7, 8.4, 12.6],
			"rotation": {"angle": 45, "axis": "z", "origin": [7.5, 8.2, 18.45]},
			"faces": {
				"north": {"uv": [16, 0, 0, 16], "texture": "#3"},
				"east": {"uv": [16, 0, 0, 16], "texture": "#3"},
				"south": {"uv": [16, 0, 0, 16], "texture": "#3"},
				"west": {"uv": [16, 0, 0, 16], "texture": "#3"},
				"up": {"uv": [16, 0, 0, 16], "texture": "#3"},
				"down": {"uv": [16, 0, 0, 16], "texture": "#3"}
			}
		},
		{
			"from": [7.25, 7.97929, 10.1],
			"to": [7.75, 8.47929, 11.3],
			"rotation": {"angle": 0, "axis": "y", "origin": [7.5, 8.12929, 10.65]},
			"faces": {
				"north": {"uv": [16, 0, 0, 16], "texture": "#3"},
				"east": {"uv": [16, 0, 0, 16], "texture": "#3"},
				"south": {"uv": [16, 0, 0, 16], "texture": "#3"},
				"west": {"uv": [16, 0, 0, 16], "texture": "#3"},
				"up": {"uv": [16, 0, 0, 16], "texture": "#3"},
				"down": {"uv": [16, 0, 0, 16], "texture": "#3"}
			}
		},
		{
			"from": [7.3, 6.87929, 13.4],
			"to": [7.7, 6.97929, 15.4],
			"rotation": {"angle": 0, "axis": "y", "origin": [7.55, 6.62929, 13.95]},
			"faces": {
				"north": {"uv": [16, 0, 0, 16], "texture": "#3"},
				"east": {"uv": [16, 0, 0, 16], "texture": "#3"},
				"south": {"uv": [16, 0, 0, 16], "texture": "#3"},
				"west": {"uv": [16, 0, 0, 16], "texture": "#3"},
				"up": {"uv": [16, 0, 0, 16], "texture": "#3"},
				"down": {"uv": [16, 0, 0, 16], "texture": "#3"}
			}
		},
		{
			"from": [7.3, 6.77929, 13.8],
			"to": [7.7, 6.87929, 15.4],
			"rotation": {"angle": 0, "axis": "y", "origin": [7.55, 6.52929, 13.95]},
			"faces": {
				"north": {"uv": [16, 0, 0, 16], "texture": "#3"},
				"east": {"uv": [16, 0, 0, 16], "texture": "#3"},
				"south": {"uv": [16, 0, 0, 16], "texture": "#3"},
				"west": {"uv": [16, 0, 0, 16], "texture": "#3"},
				"up": {"uv": [16, 0, 0, 16], "texture": "#3"},
				"down": {"uv": [16, 0, 0, 16], "texture": "#3"}
			}
		},
		{
			"from": [7.3, 6.67929, 14.2],
			"to": [7.7, 6.77929, 15.4],
			"rotation": {"angle": 0, "axis": "y", "origin": [7.55, 6.42929, 13.95]},
			"faces": {
				"north": {"uv": [16, 0, 0, 16], "texture": "#3"},
				"east": {"uv": [16, 0, 0, 16], "texture": "#3"},
				"south": {"uv": [16, 0, 0, 16], "texture": "#3"},
				"west": {"uv": [16, 0, 0, 16], "texture": "#3"},
				"up": {"uv": [16, 0, 0, 16], "texture": "#3"},
				"down": {"uv": [16, 0, 0, 16], "texture": "#3"}
			}
		},
		{
			"from": [7.3, 6.57929, 14.5],
			"to": [7.7, 6.67929, 15.4],
			"rotation": {"angle": 0, "axis": "y", "origin": [7.55, 6.32929, 13.95]},
			"faces": {
				"north": {"uv": [16, 0, 0, 16], "texture": "#3"},
				"east": {"uv": [16, 0, 0, 16], "texture": "#3"},
				"south": {"uv": [16, 0, 0, 16], "texture": "#3"},
				"west": {"uv": [16, 0, 0, 16], "texture": "#3"},
				"up": {"uv": [16, 0, 0, 16], "texture": "#3"},
				"down": {"uv": [16, 0, 0, 16], "texture": "#3"}
			}
		},
		{
			"from": [7.3, 6.47929, 14.9],
			"to": [7.7, 6.57929, 15.4],
			"rotation": {"angle": 0, "axis": "y", "origin": [7.55, 6.22929, 13.95]},
			"faces": {
				"north": {"uv": [16, 0, 0, 16], "texture": "#3"},
				"east": {"uv": [16, 0, 0, 16], "texture": "#3"},
				"south": {"uv": [16, 0, 0, 16], "texture": "#3"},
				"west": {"uv": [16, 0, 0, 16], "texture": "#3"},
				"up": {"uv": [16, 0, 0, 16], "texture": "#3"},
				"down": {"uv": [16, 0, 0, 16], "texture": "#3"}
			}
		},
		{
			"from": [7.3, 6.42929, 15.4],
			"to": [7.7, 6.52929, 16.2],
			"rotation": {"angle": 0, "axis": "y", "origin": [7.55, 6.17929, 14.45]},
			"faces": {
				"north": {"uv": [16, 0, 0, 16], "texture": "#3"},
				"east": {"uv": [16, 0, 0, 16], "texture": "#3"},
				"south": {"uv": [16, 0, 0, 16], "texture": "#3"},
				"west": {"uv": [16, 0, 0, 16], "texture": "#3"},
				"up": {"uv": [16, 0, 0, 16], "texture": "#3"},
				"down": {"uv": [16, 0, 0, 16], "texture": "#3"}
			}
		},
		{
			"from": [7.3, 6.62929, 16.3],
			"to": [7.7, 7.12929, 16.4],
			"rotation": {"angle": 0, "axis": "y", "origin": [7.55, 6.37929, 14.95]},
			"faces": {
				"north": {"uv": [16, 0, 0, 16], "texture": "#3"},
				"east": {"uv": [16, 0, 0, 16], "texture": "#3"},
				"south": {"uv": [16, 0, 0, 16], "texture": "#3"},
				"west": {"uv": [16, 0, 0, 16], "texture": "#3"},
				"up": {"uv": [16, 0, 0, 16], "texture": "#3"},
				"down": {"uv": [16, 0, 0, 16], "texture": "#3"}
			}
		},
		{
			"from": [7.3, 7.02929, 16.2],
			"to": [7.7, 7.12929, 16.3],
			"rotation": {"angle": 0, "axis": "y", "origin": [7.55, 6.37929, 14.85]},
			"faces": {
				"north": {"uv": [16, 0, 0, 16], "texture": "#3"},
				"east": {"uv": [16, 0, 0, 16], "texture": "#3"},
				"south": {"uv": [16, 0, 0, 16], "texture": "#3"},
				"west": {"uv": [16, 0, 0, 16], "texture": "#3"},
				"up": {"uv": [16, 0, 0, 16], "texture": "#3"},
				"down": {"uv": [16, 0, 0, 16], "texture": "#3"}
			}
		},
		{
			"from": [7.3, 6.92929, 16.4],
			"to": [7.7, 7.12929, 16.5],
			"rotation": {"angle": 0, "axis": "y", "origin": [7.55, 6.37929, 15.05]},
			"faces": {
				"north": {"uv": [16, 0, 0, 16], "texture": "#3"},
				"east": {"uv": [16, 0, 0, 16], "texture": "#3"},
				"south": {"uv": [16, 0, 0, 16], "texture": "#3"},
				"west": {"uv": [16, 0, 0, 16], "texture": "#3"},
				"up": {"uv": [16, 0, 0, 16], "texture": "#3"},
				"down": {"uv": [16, 0, 0, 16], "texture": "#3"}
			}
		},
		{
			"from": [7.3, 6.97929, 16.5],
			"to": [7.7, 7.07929, 16.6],
			"rotation": {"angle": 0, "axis": "y", "origin": [7.55, 6.37929, 15.15]},
			"faces": {
				"north": {"uv": [16, 0, 0, 16], "texture": "#3"},
				"east": {"uv": [16, 0, 0, 16], "texture": "#3"},
				"south": {"uv": [16, 0, 0, 16], "texture": "#3"},
				"west": {"uv": [16, 0, 0, 16], "texture": "#3"},
				"up": {"uv": [16, 0, 0, 16], "texture": "#3"},
				"down": {"uv": [16, 0, 0, 16], "texture": "#3"}
			}
		},
		{
			"from": [7.3, 6.42929, 16.2],
			"to": [7.7, 6.62929, 16.3],
			"rotation": {"angle": 0, "axis": "y", "origin": [7.55, 6.17929, 14.85]},
			"faces": {
				"north": {"uv": [16, 0, 0, 16], "texture": "#3"},
				"east": {"uv": [16, 0, 0, 16], "texture": "#3"},
				"south": {"uv": [16, 0, 0, 16], "texture": "#3"},
				"west": {"uv": [16, 0, 0, 16], "texture": "#3"},
				"up": {"uv": [16, 0, 0, 16], "texture": "#3"},
				"down": {"uv": [16, 0, 0, 16], "texture": "#3"}
			}
		},
		{
			"from": [7.3, 7.07929, 15.4],
			"to": [7.7, 7.17929, 15.6],
			"rotation": {"angle": 0, "axis": "y", "origin": [7.55, 6.82929, 14.45]},
			"faces": {
				"north": {"uv": [16, 0, 0, 16], "texture": "#3"},
				"east": {"uv": [16, 0, 0, 16], "texture": "#3"},
				"south": {"uv": [16, 0, 0, 16], "texture": "#3"},
				"west": {"uv": [16, 0, 0, 16], "texture": "#3"},
				"up": {"uv": [16, 0, 0, 16], "texture": "#3"},
				"down": {"uv": [16, 0, 0, 16], "texture": "#3"}
			}
		},
		{
			"from": [7.3, 7.12929, 15.6],
			"to": [7.7, 7.17929, 16.2],
			"rotation": {"angle": 0, "axis": "y", "origin": [7.55, 6.87929, 14.65]},
			"faces": {
				"north": {"uv": [16, 0, 0, 16], "texture": "#3"},
				"east": {"uv": [16, 0, 0, 16], "texture": "#3"},
				"south": {"uv": [16, 0, 0, 16], "texture": "#3"},
				"west": {"uv": [16, 0, 0, 16], "texture": "#3"},
				"up": {"uv": [16, 0, 0, 16], "texture": "#3"},
				"down": {"uv": [16, 0, 0, 16], "texture": "#3"}
			}
		},
		{
			"from": [7.4, 7.02929, 15.9],
			"to": [7.6, 7.12929, 16.1],
			"rotation": {"angle": 0, "axis": "y", "origin": [7.55, 6.77929, 14.65]},
			"faces": {
				"north": {"uv": [16, 0, 0, 16], "texture": "#1"},
				"east": {"uv": [16, 0, 0, 16], "texture": "#1"},
				"south": {"uv": [16, 0, 0, 16], "texture": "#1"},
				"west": {"uv": [16, 0, 0, 16], "texture": "#1"},
				"up": {"uv": [16, 0, 0, 16], "texture": "#1"},
				"down": {"uv": [16, 0, 0, 16], "texture": "#1"}
			}
		},
		{
			"from": [7.4, 6.72929, 15.95],
			"to": [7.6, 7.02929, 16.15],
			"rotation": {"angle": 0, "axis": "y", "origin": [7.55, 6.67929, 14.7]},
			"faces": {
				"north": {"uv": [16, 0, 0, 16], "texture": "#1"},
				"east": {"uv": [16, 0, 0, 16], "texture": "#1"},
				"south": {"uv": [16, 0, 0, 16], "texture": "#1"},
				"west": {"uv": [16, 0, 0, 16], "texture": "#1"},
				"up": {"uv": [16, 0, 0, 16], "texture": "#1"},
				"down": {"uv": [16, 0, 0, 16], "texture": "#1"}
			}
		},
		{
			"from": [7.4, 6.62929, 15.85],
			"to": [7.6, 6.72929, 16.05],
			"rotation": {"angle": 0, "axis": "y", "origin": [7.55, 6.47929, 14.7]},
			"faces": {
				"north": {"uv": [16, 0, 0, 16], "texture": "#1"},
				"east": {"uv": [16, 0, 0, 16], "texture": "#1"},
				"south": {"uv": [16, 0, 0, 16], "texture": "#1"},
				"west": {"uv": [16, 0, 0, 16], "texture": "#1"},
				"up": {"uv": [16, 0, 0, 16], "texture": "#1"},
				"down": {"uv": [16, 0, 0, 16], "texture": "#1"}
			}
		},
		{
			"from": [7.3, 6.97929, 13.2],
			"to": [7.7, 7.17929, 15.4],
			"rotation": {"angle": 0, "axis": "y", "origin": [7.55, 6.82929, 13.95]},
			"faces": {
				"north": {"uv": [16, 0, 0, 16], "texture": "#3"},
				"east": {"uv": [16, 0, 0, 16], "texture": "#3"},
				"south": {"uv": [16, 0, 0, 16], "texture": "#3"},
				"west": {"uv": [16, 0, 0, 16], "texture": "#3"},
				"up": {"uv": [16, 0, 0, 16], "texture": "#3"},
				"down": {"uv": [16, 0, 0, 16], "texture": "#3"}
			}
		},
		{
			"from": [7.25, 7.67929, 2.4],
			"to": [7.75, 8.07929, 9],
			"rotation": {"angle": 0, "axis": "y", "origin": [7.5, 7.82929, 0.45]},
			"faces": {
				"north": {"uv": [16, 0, 0, 16], "texture": "#9"},
				"east": {"uv": [16, 0, 0, 16], "texture": "#9"},
				"south": {"uv": [16, 0, 0, 16], "texture": "#9"},
				"west": {"uv": [16, 0, 0, 16], "texture": "#9"},
				"up": {"uv": [16, 0, 0, 16], "texture": "#9"},
				"down": {"uv": [16, 0, 0, 16], "texture": "#9"}
			}
		},
		{
			"from": [7.15, 7.67929, 9],
			"to": [7.85, 8.17929, 13.7],
			"rotation": {"angle": 0, "axis": "y", "origin": [7.5, 7.82929, 7.05]},
			"faces": {
				"north": {"uv": [16, 0, 0, 16], "texture": "#9"},
				"east": {"uv": [16, 0, 0, 16], "texture": "#9"},
				"south": {"uv": [16, 0, 0, 16], "texture": "#9"},
				"west": {"uv": [16, 0, 0, 16], "texture": "#9"},
				"up": {"uv": [16, 0, 0, 16], "texture": "#9"},
				"down": {"uv": [16, 0, 0, 16], "texture": "#9"}
			}
		},
		{
			"from": [7.15, 7.67929, 13.7],
			"to": [7.85, 8.07929, 15],
			"rotation": {"angle": 0, "axis": "y", "origin": [7.5, 7.82929, 11.75]},
			"faces": {
				"north": {"uv": [16, 0, 0, 16], "texture": "#9"},
				"east": {"uv": [16, 0, 0, 16], "texture": "#9"},
				"south": {"uv": [16, 0, 0, 16], "texture": "#9"},
				"west": {"uv": [16, 0, 0, 16], "texture": "#9"},
				"up": {"uv": [16, 0, 0, 16], "texture": "#9"},
				"down": {"uv": [16, 0, 0, 16], "texture": "#9"}
			}
		},
		{
			"from": [7.15, 7.67929, 15],
			"to": [7.85, 8.17929, 16.2],
			"rotation": {"angle": 0, "axis": "y", "origin": [7.5, 7.82929, 13.05]},
			"faces": {
				"north": {"uv": [16, 0, 0, 16], "texture": "#9"},
				"east": {"uv": [16, 0, 0, 16], "texture": "#9"},
				"south": {"uv": [16, 0, 0, 16], "texture": "#9"},
				"west": {"uv": [16, 0, 0, 16], "texture": "#9"},
				"up": {"uv": [16, 0, 0, 16], "texture": "#9"},
				"down": {"uv": [16, 0, 0, 16], "texture": "#9"}
			}
		},
		{
			"from": [7.15, 7.27929, 16.2],
			"to": [7.85, 7.77929, 16.5],
			"rotation": {"angle": 0, "axis": "y", "origin": [7.5, 7.42929, 14.25]},
			"faces": {
				"north": {"uv": [16, 0, 0, 16], "texture": "#9"},
				"east": {"uv": [16, 0, 0, 16], "texture": "#9"},
				"south": {"uv": [16, 0, 0, 16], "texture": "#9"},
				"west": {"uv": [16, 0, 0, 16], "texture": "#9"},
				"up": {"uv": [16, 0, 0, 16], "texture": "#9"},
				"down": {"uv": [16, 0, 0, 16], "texture": "#9"}
			}
		},
		{
			"from": [7.25, 7.77929, 16.2],
			"to": [7.75, 8.07929, 16.5],
			"rotation": {"angle": 0, "axis": "y", "origin": [7.5, 7.92929, 14.25]},
			"faces": {
				"north": {"uv": [16, 0, 0, 16], "texture": "#9"},
				"east": {"uv": [16, 0, 0, 16], "texture": "#9"},
				"south": {"uv": [16, 0, 0, 16], "texture": "#9"},
				"west": {"uv": [16, 0, 0, 16], "texture": "#9"},
				"up": {"uv": [16, 0, 0, 16], "texture": "#9"},
				"down": {"uv": [16, 0, 0, 16], "texture": "#9"}
			}
		},
		{
			"from": [7.3, 7.67929, 16.5],
			"to": [7.7, 7.87929, 16.8],
			"rotation": {"angle": 0, "axis": "y", "origin": [7.45, 7.82929, 14.55]},
			"faces": {
				"north": {"uv": [16, 0, 0, 16], "texture": "#9"},
				"east": {"uv": [16, 0, 0, 16], "texture": "#9"},
				"south": {"uv": [16, 0, 0, 16], "texture": "#9"},
				"west": {"uv": [16, 0, 0, 16], "texture": "#9"},
				"up": {"uv": [16, 0, 0, 16], "texture": "#9"},
				"down": {"uv": [16, 0, 0, 16], "texture": "#9"}
			}
		},
		{
			"from": [7.3, 7.57929, 16.8],
			"to": [7.7, 7.77929, 17.1],
			"rotation": {"angle": 0, "axis": "y", "origin": [7.45, 7.72929, 14.85]},
			"faces": {
				"north": {"uv": [16, 0, 0, 16], "texture": "#9"},
				"east": {"uv": [16, 0, 0, 16], "texture": "#9"},
				"south": {"uv": [16, 0, 0, 16], "texture": "#9"},
				"west": {"uv": [16, 0, 0, 16], "texture": "#9"},
				"up": {"uv": [16, 0, 0, 16], "texture": "#9"},
				"down": {"uv": [16, 0, 0, 16], "texture": "#9"}
			}
		},
		{
			"from": [7.3, 7.47929, 17.1],
			"to": [7.7, 7.67929, 17.4],
			"rotation": {"angle": 0, "axis": "y", "origin": [7.45, 7.62929, 15.15]},
			"faces": {
				"north": {"uv": [16, 0, 0, 16], "texture": "#9"},
				"east": {"uv": [16, 0, 0, 16], "texture": "#9"},
				"south": {"uv": [16, 0, 0, 16], "texture": "#9"},
				"west": {"uv": [16, 0, 0, 16], "texture": "#9"},
				"up": {"uv": [16, 0, 0, 16], "texture": "#9"},
				"down": {"uv": [16, 0, 0, 16], "texture": "#9"}
			}
		},
		{
			"from": [7.3, 7.37929, 17.4],
			"to": [7.7, 7.57929, 17.7],
			"rotation": {"angle": 0, "axis": "y", "origin": [7.45, 7.52929, 15.45]},
			"faces": {
				"north": {"uv": [16, 0, 0, 16], "texture": "#9"},
				"east": {"uv": [16, 0, 0, 16], "texture": "#9"},
				"south": {"uv": [16, 0, 0, 16], "texture": "#9"},
				"west": {"uv": [16, 0, 0, 16], "texture": "#9"},
				"up": {"uv": [16, 0, 0, 16], "texture": "#9"},
				"down": {"uv": [16, 0, 0, 16], "texture": "#9"}
			}
		},
		{
			"from": [7.3, 7.27929, 17.7],
			"to": [7.7, 7.47929, 18],
			"rotation": {"angle": 0, "axis": "y", "origin": [7.45, 7.42929, 15.75]},
			"faces": {
				"north": {"uv": [16, 0, 0, 16], "texture": "#9"},
				"east": {"uv": [16, 0, 0, 16], "texture": "#9"},
				"south": {"uv": [16, 0, 0, 16], "texture": "#9"},
				"west": {"uv": [16, 0, 0, 16], "texture": "#9"},
				"up": {"uv": [16, 0, 0, 16], "texture": "#9"},
				"down": {"uv": [16, 0, 0, 16], "texture": "#9"}
			}
		},
		{
			"from": [7.3, 7.17929, 18],
			"to": [7.7, 7.37929, 18.3],
			"rotation": {"angle": 0, "axis": "y", "origin": [7.45, 7.32929, 16.05]},
			"faces": {
				"north": {"uv": [16, 0, 0, 16], "texture": "#9"},
				"east": {"uv": [16, 0, 0, 16], "texture": "#9"},
				"south": {"uv": [16, 0, 0, 16], "texture": "#9"},
				"west": {"uv": [16, 0, 0, 16], "texture": "#9"},
				"up": {"uv": [16, 0, 0, 16], "texture": "#9"},
				"down": {"uv": [16, 0, 0, 16], "texture": "#9"}
			}
		},
		{
			"from": [7.3, 7.27929, 18.3],
			"to": [7.7, 7.47929, 19.2],
			"rotation": {"angle": 0, "axis": "y", "origin": [7.45, 7.42929, 16.35]},
			"faces": {
				"north": {"uv": [16, 0, 0, 16], "texture": "#9"},
				"east": {"uv": [16, 0, 0, 16], "texture": "#9"},
				"south": {"uv": [16, 0, 0, 16], "texture": "#9"},
				"west": {"uv": [16, 0, 0, 16], "texture": "#9"},
				"up": {"uv": [16, 0, 0, 16], "texture": "#9"},
				"down": {"uv": [16, 0, 0, 16], "texture": "#9"}
			}
		},
		{
			"from": [7.3, 7.17929, 19.2],
			"to": [7.7, 7.37929, 20.1],
			"rotation": {"angle": 0, "axis": "y", "origin": [7.45, 7.32929, 17.25]},
			"faces": {
				"north": {"uv": [16, 0, 0, 16], "texture": "#9"},
				"east": {"uv": [16, 0, 0, 16], "texture": "#9"},
				"south": {"uv": [16, 0, 0, 16], "texture": "#9"},
				"west": {"uv": [16, 0, 0, 16], "texture": "#9"},
				"up": {"uv": [16, 0, 0, 16], "texture": "#9"},
				"down": {"uv": [16, 0, 0, 16], "texture": "#9"}
			}
		},
		{
			"from": [7.3, 7.07929, 20.1],
			"to": [7.7, 7.27929, 21.4],
			"rotation": {"angle": 0, "axis": "y", "origin": [7.45, 7.22929, 18.15]},
			"faces": {
				"north": {"uv": [16, 0, 0, 16], "texture": "#9"},
				"east": {"uv": [16, 0, 0, 16], "texture": "#9"},
				"south": {"uv": [16, 0, 0, 16], "texture": "#9"},
				"west": {"uv": [16, 0, 0, 16], "texture": "#9"},
				"up": {"uv": [16, 0, 0, 16], "texture": "#9"},
				"down": {"uv": [16, 0, 0, 16], "texture": "#9"}
			}
		},
		{
			"from": [7.3, 7.27929, 20.1],
			"to": [7.7, 7.37929, 21.4],
			"rotation": {"angle": 0, "axis": "y", "origin": [7.45, 7.42929, 18.15]},
			"faces": {
				"north": {"uv": [16, 0, 0, 16], "texture": "#9"},
				"east": {"uv": [16, 0, 0, 16], "texture": "#9"},
				"south": {"uv": [16, 0, 0, 16], "texture": "#9"},
				"west": {"uv": [16, 0, 0, 16], "texture": "#9"},
				"up": {"uv": [16, 0, 0, 16], "texture": "#9"},
				"down": {"uv": [16, 0, 0, 16], "texture": "#9"}
			}
		},
		{
			"from": [7.3, 7.37929, 19.2],
			"to": [7.7, 7.47929, 20.7],
			"rotation": {"angle": 0, "axis": "y", "origin": [7.45, 7.52929, 17.25]},
			"faces": {
				"north": {"uv": [16, 0, 0, 16], "texture": "#9"},
				"east": {"uv": [16, 0, 0, 16], "texture": "#9"},
				"south": {"uv": [16, 0, 0, 16], "texture": "#9"},
				"west": {"uv": [16, 0, 0, 16], "texture": "#9"},
				"up": {"uv": [16, 0, 0, 16], "texture": "#9"},
				"down": {"uv": [16, 0, 0, 16], "texture": "#9"}
			}
		},
		{
			"from": [7.3, 7.47929, 18.6],
			"to": [7.7, 7.57929, 19.8],
			"rotation": {"angle": 0, "axis": "y", "origin": [7.45, 7.62929, 16.65]},
			"faces": {
				"north": {"uv": [16, 0, 0, 16], "texture": "#9"},
				"east": {"uv": [16, 0, 0, 16], "texture": "#9"},
				"south": {"uv": [16, 0, 0, 16], "texture": "#9"},
				"west": {"uv": [16, 0, 0, 16], "texture": "#9"},
				"up": {"uv": [16, 0, 0, 16], "texture": "#9"},
				"down": {"uv": [16, 0, 0, 16], "texture": "#9"}
			}
		},
		{
			"from": [7.3, 6.97929, 21.4],
			"to": [7.7, 7.27929, 22],
			"rotation": {"angle": 0, "axis": "y", "origin": [7.45, 7.12929, 19.45]},
			"faces": {
				"north": {"uv": [16, 0, 0, 16], "texture": "#9"},
				"east": {"uv": [16, 0, 0, 16], "texture": "#9"},
				"south": {"uv": [16, 0, 0, 16], "texture": "#9"},
				"west": {"uv": [16, 0, 0, 16], "texture": "#9"},
				"up": {"uv": [16, 0, 0, 16], "texture": "#9"},
				"down": {"uv": [16, 0, 0, 16], "texture": "#9"}
			}
		},
		{
			"from": [7.3, 6.87929, 22],
			"to": [7.7, 7.27929, 22.2],
			"rotation": {"angle": 0, "axis": "y", "origin": [7.45, 7.12929, 19.65]},
			"faces": {
				"north": {"uv": [16, 0, 0, 16], "texture": "#9"},
				"east": {"uv": [16, 0, 0, 16], "texture": "#9"},
				"south": {"uv": [16, 0, 0, 16], "texture": "#9"},
				"west": {"uv": [16, 0, 0, 16], "texture": "#9"},
				"up": {"uv": [16, 0, 0, 16], "texture": "#9"},
				"down": {"uv": [16, 0, 0, 16], "texture": "#9"}
			}
		},
		{
			"from": [7.3, 6.67929, 22.2],
			"to": [7.7, 7.27929, 22.4],
			"rotation": {"angle": 0, "axis": "y", "origin": [7.45, 6.92929, 19.85]},
			"faces": {
				"north": {"uv": [16, 0, 0, 16], "texture": "#9"},
				"east": {"uv": [16, 0, 0, 16], "texture": "#9"},
				"south": {"uv": [16, 0, 0, 16], "texture": "#9"},
				"west": {"uv": [16, 0, 0, 16], "texture": "#9"},
				"up": {"uv": [16, 0, 0, 16], "texture": "#9"},
				"down": {"uv": [16, 0, 0, 16], "texture": "#9"}
			}
		},
		{
			"from": [7.3, 6.67929, 22.4],
			"to": [7.7, 7.17929, 22.6],
			"rotation": {"angle": 0, "axis": "y", "origin": [7.45, 6.92929, 20.05]},
			"faces": {
				"north": {"uv": [16, 0, 0, 16], "texture": "#9"},
				"east": {"uv": [16, 0, 0, 16], "texture": "#9"},
				"south": {"uv": [16, 0, 0, 16], "texture": "#9"},
				"west": {"uv": [16, 0, 0, 16], "texture": "#9"},
				"up": {"uv": [16, 0, 0, 16], "texture": "#9"},
				"down": {"uv": [16, 0, 0, 16], "texture": "#9"}
			}
		},
		{
			"from": [7.3, 6.27929, 22.3],
			"to": [7.7, 6.67929, 22.5],
			"rotation": {"angle": 0, "axis": "y", "origin": [7.45, 6.42929, 19.95]},
			"faces": {
				"north": {"uv": [16, 0, 0, 16], "texture": "#9"},
				"east": {"uv": [16, 0, 0, 16], "texture": "#9"},
				"south": {"uv": [16, 0, 0, 16], "texture": "#9"},
				"west": {"uv": [16, 0, 0, 16], "texture": "#9"},
				"up": {"uv": [16, 0, 0, 16], "texture": "#9"},
				"down": {"uv": [16, 0, 0, 16], "texture": "#9"}
			}
		},
		{
			"from": [7.3, 6.07929, 22.2],
			"to": [7.7, 6.27929, 22.5],
			"rotation": {"angle": 0, "axis": "y", "origin": [7.45, 6.02929, 19.85]},
			"faces": {
				"north": {"uv": [16, 0, 0, 16], "texture": "#9"},
				"east": {"uv": [16, 0, 0, 16], "texture": "#9"},
				"south": {"uv": [16, 0, 0, 16], "texture": "#9"},
				"west": {"uv": [16, 0, 0, 16], "texture": "#9"},
				"up": {"uv": [16, 0, 0, 16], "texture": "#9"},
				"down": {"uv": [16, 0, 0, 16], "texture": "#9"}
			}
		},
		{
			"from": [7.3, 5.67929, 22.2],
			"to": [7.7, 6.07929, 22.4],
			"rotation": {"angle": 0, "axis": "y", "origin": [7.45, 5.82929, 19.85]},
			"faces": {
				"north": {"uv": [16, 0, 0, 16], "texture": "#9"},
				"east": {"uv": [16, 0, 0, 16], "texture": "#9"},
				"south": {"uv": [16, 0, 0, 16], "texture": "#9"},
				"west": {"uv": [16, 0, 0, 16], "texture": "#9"},
				"up": {"uv": [16, 0, 0, 16], "texture": "#9"},
				"down": {"uv": [16, 0, 0, 16], "texture": "#9"}
			}
		},
		{
			"from": [7.3, 5.37929, 21.8],
			"to": [7.7, 5.67929, 22.4],
			"rotation": {"angle": 0, "axis": "y", "origin": [7.45, 5.42929, 19.85]},
			"faces": {
				"north": {"uv": [16, 0, 0, 16], "texture": "#9"},
				"east": {"uv": [16, 0, 0, 16], "texture": "#9"},
				"south": {"uv": [16, 0, 0, 16], "texture": "#9"},
				"west": {"uv": [16, 0, 0, 16], "texture": "#9"},
				"up": {"uv": [16, 0, 0, 16], "texture": "#9"},
				"down": {"uv": [16, 0, 0, 16], "texture": "#9"}
			}
		},
		{
			"from": [7.3, 5.37929, 21.6],
			"to": [7.7, 5.67929, 21.8],
			"rotation": {"angle": 0, "axis": "y", "origin": [7.45, 5.42929, 19.25]},
			"faces": {
				"north": {"uv": [16, 0, 0, 16], "texture": "#9"},
				"east": {"uv": [16, 0, 0, 16], "texture": "#9"},
				"south": {"uv": [16, 0, 0, 16], "texture": "#9"},
				"west": {"uv": [16, 0, 0, 16], "texture": "#9"},
				"up": {"uv": [16, 0, 0, 16], "texture": "#9"},
				"down": {"uv": [16, 0, 0, 16], "texture": "#9"}
			}
		},
		{
			"from": [7.3, 5.47929, 21.4],
			"to": [7.7, 5.67929, 21.6],
			"rotation": {"angle": 0, "axis": "y", "origin": [7.45, 5.42929, 19.05]},
			"faces": {
				"north": {"uv": [16, 0, 0, 16], "texture": "#9"},
				"east": {"uv": [16, 0, 0, 16], "texture": "#9"},
				"south": {"uv": [16, 0, 0, 16], "texture": "#9"},
				"west": {"uv": [16, 0, 0, 16], "texture": "#9"},
				"up": {"uv": [16, 0, 0, 16], "texture": "#9"},
				"down": {"uv": [16, 0, 0, 16], "texture": "#9"}
			}
		},
		{
			"from": [7.3, 5.47929, 21.3],
			"to": [7.7, 5.67929, 21.4],
			"rotation": {"angle": 0, "axis": "y", "origin": [7.45, 5.42929, 18.85]},
			"faces": {
				"north": {"uv": [16, 0, 0, 16], "texture": "#9"},
				"east": {"uv": [16, 0, 0, 16], "texture": "#9"},
				"south": {"uv": [16, 0, 0, 16], "texture": "#9"},
				"west": {"uv": [16, 0, 0, 16], "texture": "#9"},
				"up": {"uv": [16, 0, 0, 16], "texture": "#9"},
				"down": {"uv": [16, 0, 0, 16], "texture": "#9"}
			}
		},
		{
			"from": [7.3, 5.57929, 21.2],
			"to": [7.7, 5.67929, 21.3],
			"rotation": {"angle": 0, "axis": "y", "origin": [7.45, 5.42929, 18.75]},
			"faces": {
				"north": {"uv": [16, 0, 0, 16], "texture": "#9"},
				"east": {"uv": [16, 0, 0, 16], "texture": "#9"},
				"south": {"uv": [16, 0, 0, 16], "texture": "#9"},
				"west": {"uv": [16, 0, 0, 16], "texture": "#9"},
				"up": {"uv": [16, 0, 0, 16], "texture": "#9"},
				"down": {"uv": [16, 0, 0, 16], "texture": "#9"}
			}
		},
		{
			"from": [7.3, 5.57929, 21.1],
			"to": [7.7, 5.77929, 21.2],
			"rotation": {"angle": 0, "axis": "y", "origin": [7.45, 5.42929, 18.65]},
			"faces": {
				"north": {"uv": [16, 0, 0, 16], "texture": "#9"},
				"east": {"uv": [16, 0, 0, 16], "texture": "#9"},
				"south": {"uv": [16, 0, 0, 16], "texture": "#9"},
				"west": {"uv": [16, 0, 0, 16], "texture": "#9"},
				"up": {"uv": [16, 0, 0, 16], "texture": "#9"},
				"down": {"uv": [16, 0, 0, 16], "texture": "#9"}
			}
		},
		{
			"from": [7.3, 5.62929, 21],
			"to": [7.7, 5.77929, 21.1],
			"rotation": {"angle": 0, "axis": "y", "origin": [7.45, 5.42929, 18.55]},
			"faces": {
				"north": {"uv": [16, 0, 0, 16], "texture": "#9"},
				"east": {"uv": [16, 0, 0, 16], "texture": "#9"},
				"south": {"uv": [16, 0, 0, 16], "texture": "#9"},
				"west": {"uv": [16, 0, 0, 16], "texture": "#9"},
				"up": {"uv": [16, 0, 0, 16], "texture": "#9"},
				"down": {"uv": [16, 0, 0, 16], "texture": "#9"}
			}
		},
		{
			"from": [7.3, 5.62929, 20.9],
			"to": [7.7, 5.97929, 21],
			"rotation": {"angle": 0, "axis": "y", "origin": [7.45, 5.62929, 18.45]},
			"faces": {
				"north": {"uv": [16, 0, 0, 16], "texture": "#9"},
				"east": {"uv": [16, 0, 0, 16], "texture": "#9"},
				"south": {"uv": [16, 0, 0, 16], "texture": "#9"},
				"west": {"uv": [16, 0, 0, 16], "texture": "#9"},
				"up": {"uv": [16, 0, 0, 16], "texture": "#9"},
				"down": {"uv": [16, 0, 0, 16], "texture": "#9"}
			}
		},
		{
			"from": [7.3, 5.67929, 20.8],
			"to": [7.7, 5.97929, 20.9],
			"rotation": {"angle": 0, "axis": "y", "origin": [7.45, 5.62929, 18.35]},
			"faces": {
				"north": {"uv": [16, 0, 0, 16], "texture": "#9"},
				"east": {"uv": [16, 0, 0, 16], "texture": "#9"},
				"south": {"uv": [16, 0, 0, 16], "texture": "#9"},
				"west": {"uv": [16, 0, 0, 16], "texture": "#9"},
				"up": {"uv": [16, 0, 0, 16], "texture": "#9"},
				"down": {"uv": [16, 0, 0, 16], "texture": "#9"}
			}
		},
		{
			"from": [7.3, 5.67929, 20.7],
			"to": [7.7, 6.07929, 20.8],
			"rotation": {"angle": 0, "axis": "y", "origin": [7.45, 5.72929, 18.25]},
			"faces": {
				"north": {"uv": [16, 0, 0, 16], "texture": "#9"},
				"east": {"uv": [16, 0, 0, 16], "texture": "#9"},
				"south": {"uv": [16, 0, 0, 16], "texture": "#9"},
				"west": {"uv": [16, 0, 0, 16], "texture": "#9"},
				"up": {"uv": [16, 0, 0, 16], "texture": "#9"},
				"down": {"uv": [16, 0, 0, 16], "texture": "#9"}
			}
		},
		{
			"from": [7.3, 5.72929, 20.6],
			"to": [7.7, 6.07929, 20.7],
			"rotation": {"angle": 0, "axis": "y", "origin": [7.45, 5.72929, 18.15]},
			"faces": {
				"north": {"uv": [16, 0, 0, 16], "texture": "#9"},
				"east": {"uv": [16, 0, 0, 16], "texture": "#9"},
				"south": {"uv": [16, 0, 0, 16], "texture": "#9"},
				"west": {"uv": [16, 0, 0, 16], "texture": "#9"},
				"up": {"uv": [16, 0, 0, 16], "texture": "#9"},
				"down": {"uv": [16, 0, 0, 16], "texture": "#9"}
			}
		},
		{
			"from": [7.3, 5.77929, 20.5],
			"to": [7.7, 6.07929, 20.6],
			"rotation": {"angle": 0, "axis": "y", "origin": [7.45, 5.72929, 18.05]},
			"faces": {
				"north": {"uv": [16, 0, 0, 16], "texture": "#9"},
				"east": {"uv": [16, 0, 0, 16], "texture": "#9"},
				"south": {"uv": [16, 0, 0, 16], "texture": "#9"},
				"west": {"uv": [16, 0, 0, 16], "texture": "#9"},
				"up": {"uv": [16, 0, 0, 16], "texture": "#9"},
				"down": {"uv": [16, 0, 0, 16], "texture": "#9"}
			}
		},
		{
			"from": [7.3, 5.82929, 20.3],
			"to": [7.7, 6.07929, 20.5],
			"rotation": {"angle": 0, "axis": "y", "origin": [7.45, 5.72929, 17.95]},
			"faces": {
				"north": {"uv": [16, 0, 0, 16], "texture": "#9"},
				"east": {"uv": [16, 0, 0, 16], "texture": "#9"},
				"south": {"uv": [16, 0, 0, 16], "texture": "#9"},
				"west": {"uv": [16, 0, 0, 16], "texture": "#9"},
				"up": {"uv": [16, 0, 0, 16], "texture": "#9"},
				"down": {"uv": [16, 0, 0, 16], "texture": "#9"}
			}
		},
		{
			"from": [7.3, 5.87929, 20.2],
			"to": [7.7, 6.27929, 20.3],
			"rotation": {"angle": 0, "axis": "y", "origin": [7.45, 5.92929, 17.75]},
			"faces": {
				"north": {"uv": [16, 0, 0, 16], "texture": "#9"},
				"east": {"uv": [16, 0, 0, 16], "texture": "#9"},
				"south": {"uv": [16, 0, 0, 16], "texture": "#9"},
				"west": {"uv": [16, 0, 0, 16], "texture": "#9"},
				"up": {"uv": [16, 0, 0, 16], "texture": "#9"},
				"down": {"uv": [16, 0, 0, 16], "texture": "#9"}
			}
		},
		{
			"from": [7.3, 5.92929, 20],
			"to": [7.7, 6.27929, 20.2],
			"rotation": {"angle": 0, "axis": "y", "origin": [7.45, 5.92929, 17.65]},
			"faces": {
				"north": {"uv": [16, 0, 0, 16], "texture": "#9"},
				"east": {"uv": [16, 0, 0, 16], "texture": "#9"},
				"south": {"uv": [16, 0, 0, 16], "texture": "#9"},
				"west": {"uv": [16, 0, 0, 16], "texture": "#9"},
				"up": {"uv": [16, 0, 0, 16], "texture": "#9"},
				"down": {"uv": [16, 0, 0, 16], "texture": "#9"}
			}
		},
		{
			"from": [7.3, 5.97929, 19.8],
			"to": [7.7, 6.27929, 20],
			"rotation": {"angle": 0, "axis": "y", "origin": [7.45, 5.92929, 17.45]},
			"faces": {
				"north": {"uv": [16, 0, 0, 16], "texture": "#9"},
				"east": {"uv": [16, 0, 0, 16], "texture": "#9"},
				"south": {"uv": [16, 0, 0, 16], "texture": "#9"},
				"west": {"uv": [16, 0, 0, 16], "texture": "#9"},
				"up": {"uv": [16, 0, 0, 16], "texture": "#9"},
				"down": {"uv": [16, 0, 0, 16], "texture": "#9"}
			}
		},
		{
			"from": [7.3, 6.07929, 19.6],
			"to": [7.7, 6.27929, 19.8],
			"rotation": {"angle": 0, "axis": "y", "origin": [7.45, 5.92929, 17.25]},
			"faces": {
				"north": {"uv": [16, 0, 0, 16], "texture": "#9"},
				"east": {"uv": [16, 0, 0, 16], "texture": "#9"},
				"south": {"uv": [16, 0, 0, 16], "texture": "#9"},
				"west": {"uv": [16, 0, 0, 16], "texture": "#9"},
				"up": {"uv": [16, 0, 0, 16], "texture": "#9"},
				"down": {"uv": [16, 0, 0, 16], "texture": "#9"}
			}
		},
		{
			"from": [7.3, 6.07929, 19.5],
			"to": [7.7, 6.47929, 19.6],
			"rotation": {"angle": 0, "axis": "y", "origin": [7.45, 6.12929, 17.05]},
			"faces": {
				"north": {"uv": [16, 0, 0, 16], "texture": "#9"},
				"east": {"uv": [16, 0, 0, 16], "texture": "#9"},
				"south": {"uv": [16, 0, 0, 16], "texture": "#9"},
				"west": {"uv": [16, 0, 0, 16], "texture": "#9"},
				"up": {"uv": [16, 0, 0, 16], "texture": "#9"},
				"down": {"uv": [16, 0, 0, 16], "texture": "#9"}
			}
		},
		{
			"from": [7.3, 6.12929, 19.4],
			"to": [7.7, 6.47929, 19.5],
			"rotation": {"angle": 0, "axis": "y", "origin": [7.45, 6.12929, 16.95]},
			"faces": {
				"north": {"uv": [16, 0, 0, 16], "texture": "#9"},
				"east": {"uv": [16, 0, 0, 16], "texture": "#9"},
				"south": {"uv": [16, 0, 0, 16], "texture": "#9"},
				"west": {"uv": [16, 0, 0, 16], "texture": "#9"},
				"up": {"uv": [16, 0, 0, 16], "texture": "#9"},
				"down": {"uv": [16, 0, 0, 16], "texture": "#9"}
			}
		},
		{
			"from": [7.3, 6.17929, 19.2],
			"to": [7.7, 6.67929, 19.4],
			"rotation": {"angle": 0, "axis": "y", "origin": [7.45, 6.32929, 16.85]},
			"faces": {
				"north": {"uv": [16, 0, 0, 16], "texture": "#9"},
				"east": {"uv": [16, 0, 0, 16], "texture": "#9"},
				"south": {"uv": [16, 0, 0, 16], "texture": "#9"},
				"west": {"uv": [16, 0, 0, 16], "texture": "#9"},
				"up": {"uv": [16, 0, 0, 16], "texture": "#9"},
				"down": {"uv": [16, 0, 0, 16], "texture": "#9"}
			}
		},
		{
			"from": [7.3, 6.22929, 19.1],
			"to": [7.7, 6.77929, 19.2],
			"rotation": {"angle": 0, "axis": "y", "origin": [7.45, 6.42929, 16.65]},
			"faces": {
				"north": {"uv": [16, 0, 0, 16], "texture": "#9"},
				"east": {"uv": [16, 0, 0, 16], "texture": "#9"},
				"south": {"uv": [16, 0, 0, 16], "texture": "#9"},
				"west": {"uv": [16, 0, 0, 16], "texture": "#9"},
				"up": {"uv": [16, 0, 0, 16], "texture": "#9"},
				"down": {"uv": [16, 0, 0, 16], "texture": "#9"}
			}
		},
		{
			"from": [7.3, 6.27929, 18.9],
			"to": [7.7, 6.77929, 19.1],
			"rotation": {"angle": 0, "axis": "y", "origin": [7.45, 6.42929, 16.55]},
			"faces": {
				"north": {"uv": [16, 0, 0, 16], "texture": "#9"},
				"east": {"uv": [16, 0, 0, 16], "texture": "#9"},
				"south": {"uv": [16, 0, 0, 16], "texture": "#9"},
				"west": {"uv": [16, 0, 0, 16], "texture": "#9"},
				"up": {"uv": [16, 0, 0, 16], "texture": "#9"},
				"down": {"uv": [16, 0, 0, 16], "texture": "#9"}
			}
		},
		{
			"from": [7.3, 6.32929, 18.8],
			"to": [7.7, 6.77929, 18.9],
			"rotation": {"angle": 0, "axis": "y", "origin": [7.45, 6.42929, 16.35]},
			"faces": {
				"north": {"uv": [16, 0, 0, 16], "texture": "#9"},
				"east": {"uv": [16, 0, 0, 16], "texture": "#9"},
				"south": {"uv": [16, 0, 0, 16], "texture": "#9"},
				"west": {"uv": [16, 0, 0, 16], "texture": "#9"},
				"up": {"uv": [16, 0, 0, 16], "texture": "#9"},
				"down": {"uv": [16, 0, 0, 16], "texture": "#9"}
			}
		},
		{
			"from": [7.3, 6.37929, 18.6],
			"to": [7.7, 6.77929, 18.8],
			"rotation": {"angle": 0, "axis": "y", "origin": [7.45, 6.42929, 16.25]},
			"faces": {
				"north": {"uv": [16, 0, 0, 16], "texture": "#9"},
				"east": {"uv": [16, 0, 0, 16], "texture": "#9"},
				"south": {"uv": [16, 0, 0, 16], "texture": "#9"},
				"west": {"uv": [16, 0, 0, 16], "texture": "#9"},
				"up": {"uv": [16, 0, 0, 16], "texture": "#9"},
				"down": {"uv": [16, 0, 0, 16], "texture": "#9"}
			}
		},
		{
			"from": [7.3, 6.42929, 18.4],
			"to": [7.7, 6.77929, 18.6],
			"rotation": {"angle": 0, "axis": "y", "origin": [7.45, 6.42929, 16.05]},
			"faces": {
				"north": {"uv": [16, 0, 0, 16], "texture": "#9"},
				"east": {"uv": [16, 0, 0, 16], "texture": "#9"},
				"south": {"uv": [16, 0, 0, 16], "texture": "#9"},
				"west": {"uv": [16, 0, 0, 16], "texture": "#9"},
				"up": {"uv": [16, 0, 0, 16], "texture": "#9"},
				"down": {"uv": [16, 0, 0, 16], "texture": "#9"}
			}
		},
		{
			"from": [7.3, 6.52929, 18.3],
			"to": [7.7, 6.77929, 18.4],
			"rotation": {"angle": 0, "axis": "y", "origin": [7.45, 6.42929, 15.95]},
			"faces": {
				"north": {"uv": [16, 0, 0, 16], "texture": "#9"},
				"east": {"uv": [16, 0, 0, 16], "texture": "#9"},
				"south": {"uv": [16, 0, 0, 16], "texture": "#9"},
				"west": {"uv": [16, 0, 0, 16], "texture": "#9"},
				"up": {"uv": [16, 0, 0, 16], "texture": "#9"},
				"down": {"uv": [16, 0, 0, 16], "texture": "#9"}
			}
		},
		{
			"from": [7.3, 6.52929, 18.1],
			"to": [7.7, 6.67929, 18.3],
			"rotation": {"angle": 0, "axis": "y", "origin": [7.45, 6.42929, 15.85]},
			"faces": {
				"north": {"uv": [16, 0, 0, 16], "texture": "#9"},
				"east": {"uv": [16, 0, 0, 16], "texture": "#9"},
				"south": {"uv": [16, 0, 0, 16], "texture": "#9"},
				"west": {"uv": [16, 0, 0, 16], "texture": "#9"},
				"up": {"uv": [16, 0, 0, 16], "texture": "#9"},
				"down": {"uv": [16, 0, 0, 16], "texture": "#9"}
			}
		},
		{
			"from": [7.3, 6.62929, 18],
			"to": [7.7, 6.67929, 18.1],
			"rotation": {"angle": 0, "axis": "y", "origin": [7.45, 6.42929, 15.65]},
			"faces": {
				"north": {"uv": [16, 0, 0, 16], "texture": "#9"},
				"east": {"uv": [16, 0, 0, 16], "texture": "#9"},
				"south": {"uv": [16, 0, 0, 16], "texture": "#9"},
				"west": {"uv": [16, 0, 0, 16], "texture": "#9"},
				"up": {"uv": [16, 0, 0, 16], "texture": "#9"},
				"down": {"uv": [16, 0, 0, 16], "texture": "#9"}
			}
		},
		{
			"from": [7.3, 6.62929, 17.9],
			"to": [7.7, 6.77929, 18],
			"rotation": {"angle": 0, "axis": "y", "origin": [7.45, 6.52929, 15.55]},
			"faces": {
				"north": {"uv": [16, 0, 0, 16], "texture": "#9"},
				"east": {"uv": [16, 0, 0, 16], "texture": "#9"},
				"south": {"uv": [16, 0, 0, 16], "texture": "#9"},
				"west": {"uv": [16, 0, 0, 16], "texture": "#9"},
				"up": {"uv": [16, 0, 0, 16], "texture": "#9"},
				"down": {"uv": [16, 0, 0, 16], "texture": "#9"}
			}
		},
		{
			"from": [7.3, 6.67929, 17.7],
			"to": [7.7, 6.77929, 17.9],
			"rotation": {"angle": 0, "axis": "y", "origin": [7.45, 6.52929, 15.45]},
			"faces": {
				"north": {"uv": [16, 0, 0, 16], "texture": "#9"},
				"east": {"uv": [16, 0, 0, 16], "texture": "#9"},
				"south": {"uv": [16, 0, 0, 16], "texture": "#9"},
				"west": {"uv": [16, 0, 0, 16], "texture": "#9"},
				"up": {"uv": [16, 0, 0, 16], "texture": "#9"},
				"down": {"uv": [16, 0, 0, 16], "texture": "#9"}
			}
		},
		{
			"from": [7.3, 6.77929, 17.5],
			"to": [7.7, 6.87929, 17.7],
			"rotation": {"angle": 0, "axis": "y", "origin": [7.45, 6.62929, 15.25]},
			"faces": {
				"north": {"uv": [16, 0, 0, 16], "texture": "#9"},
				"east": {"uv": [16, 0, 0, 16], "texture": "#9"},
				"south": {"uv": [16, 0, 0, 16], "texture": "#9"},
				"west": {"uv": [16, 0, 0, 16], "texture": "#9"},
				"up": {"uv": [16, 0, 0, 16], "texture": "#9"},
				"down": {"uv": [16, 0, 0, 16], "texture": "#9"}
			}
		},
		{
			"from": [7.3, 6.82929, 17.4],
			"to": [7.7, 6.87929, 17.5],
			"rotation": {"angle": 0, "axis": "y", "origin": [7.45, 6.62929, 15.05]},
			"faces": {
				"north": {"uv": [16, 0, 0, 16], "texture": "#9"},
				"east": {"uv": [16, 0, 0, 16], "texture": "#9"},
				"south": {"uv": [16, 0, 0, 16], "texture": "#9"},
				"west": {"uv": [16, 0, 0, 16], "texture": "#9"},
				"up": {"uv": [16, 0, 0, 16], "texture": "#9"},
				"down": {"uv": [16, 0, 0, 16], "texture": "#9"}
			}
		},
		{
			"from": [7.3, 6.82929, 17.3],
			"to": [7.7, 6.97929, 17.4],
			"rotation": {"angle": 0, "axis": "y", "origin": [7.45, 6.62929, 14.95]},
			"faces": {
				"north": {"uv": [16, 0, 0, 16], "texture": "#9"},
				"east": {"uv": [16, 0, 0, 16], "texture": "#9"},
				"south": {"uv": [16, 0, 0, 16], "texture": "#9"},
				"west": {"uv": [16, 0, 0, 16], "texture": "#9"},
				"up": {"uv": [16, 0, 0, 16], "texture": "#9"},
				"down": {"uv": [16, 0, 0, 16], "texture": "#9"}
			}
		},
		{
			"from": [7.3, 6.87929, 17.1],
			"to": [7.7, 6.97929, 17.3],
			"rotation": {"angle": 0, "axis": "y", "origin": [7.45, 6.62929, 14.85]},
			"faces": {
				"north": {"uv": [16, 0, 0, 16], "texture": "#9"},
				"east": {"uv": [16, 0, 0, 16], "texture": "#9"},
				"south": {"uv": [16, 0, 0, 16], "texture": "#9"},
				"west": {"uv": [16, 0, 0, 16], "texture": "#9"},
				"up": {"uv": [16, 0, 0, 16], "texture": "#9"},
				"down": {"uv": [16, 0, 0, 16], "texture": "#9"}
			}
		},
		{
			"from": [7.3, 6.97929, 16.8],
			"to": [7.7, 7.07929, 17.1],
			"rotation": {"angle": 0, "axis": "y", "origin": [7.45, 6.72929, 14.65]},
			"faces": {
				"north": {"uv": [16, 0, 0, 16], "texture": "#9"},
				"east": {"uv": [16, 0, 0, 16], "texture": "#9"},
				"south": {"uv": [16, 0, 0, 16], "texture": "#9"},
				"west": {"uv": [16, 0, 0, 16], "texture": "#9"},
				"up": {"uv": [16, 0, 0, 16], "texture": "#9"},
				"down": {"uv": [16, 0, 0, 16], "texture": "#9"}
			}
		},
		{
			"from": [7.3, 7.07929, 16.5],
			"to": [7.7, 7.17929, 16.8],
			"rotation": {"angle": 0, "axis": "y", "origin": [7.45, 6.82929, 14.35]},
			"faces": {
				"north": {"uv": [16, 0, 0, 16], "texture": "#9"},
				"east": {"uv": [16, 0, 0, 16], "texture": "#9"},
				"south": {"uv": [16, 0, 0, 16], "texture": "#9"},
				"west": {"uv": [16, 0, 0, 16], "texture": "#9"},
				"up": {"uv": [16, 0, 0, 16], "texture": "#9"},
				"down": {"uv": [16, 0, 0, 16], "texture": "#9"}
			}
		},
		{
			"from": [7.3, 6.97929, 16.6],
			"to": [7.7, 7.07929, 16.8],
			"rotation": {"angle": 0, "axis": "y", "origin": [7.45, 6.72929, 14.35]},
			"faces": {
				"north": {"uv": [16, 0, 0, 16], "texture": "#9"},
				"east": {"uv": [16, 0, 0, 16], "texture": "#9"},
				"south": {"uv": [16, 0, 0, 16], "texture": "#9"},
				"west": {"uv": [16, 0, 0, 16], "texture": "#9"},
				"up": {"uv": [16, 0, 0, 16], "texture": "#9"},
				"down": {"uv": [16, 0, 0, 16], "texture": "#9"}
			}
		},
		{
			"from": [7.25, 7.12929, 16.2],
			"to": [7.75, 7.27929, 16.5],
			"rotation": {"angle": 0, "axis": "y", "origin": [7.5, 6.92929, 14.05]},
			"faces": {
				"north": {"uv": [16, 0, 0, 16], "texture": "#9"},
				"east": {"uv": [16, 0, 0, 16], "texture": "#9"},
				"south": {"uv": [16, 0, 0, 16], "texture": "#9"},
				"west": {"uv": [16, 0, 0, 16], "texture": "#9"},
				"up": {"uv": [16, 0, 0, 16], "texture": "#9"},
				"down": {"uv": [16, 0, 0, 16], "texture": "#9"}
			}
		},
		{
			"from": [7.3, 5.27929, 21.9],
			"to": [7.7, 5.37929, 22.35],
			"rotation": {"angle": 0, "axis": "y", "origin": [7.45, 5.12929, 19.85]},
			"faces": {
				"north": {"uv": [16, 0, 0, 16], "texture": "#9"},
				"east": {"uv": [16, 0, 0, 16], "texture": "#9"},
				"south": {"uv": [16, 0, 0, 16], "texture": "#9"},
				"west": {"uv": [16, 0, 0, 16], "texture": "#9"},
				"up": {"uv": [16, 0, 0, 16], "texture": "#9"},
				"down": {"uv": [16, 0, 0, 16], "texture": "#9"}
			}
		},
		{
			"from": [7.3, 5.22929, 22.1],
			"to": [7.7, 5.27929, 22.35],
			"rotation": {"angle": 0, "axis": "y", "origin": [7.45, 5.02929, 19.85]},
			"faces": {
				"north": {"uv": [16, 0, 0, 16], "texture": "#9"},
				"east": {"uv": [16, 0, 0, 16], "texture": "#9"},
				"south": {"uv": [16, 0, 0, 16], "texture": "#9"},
				"west": {"uv": [16, 0, 0, 16], "texture": "#9"},
				"up": {"uv": [16, 0, 0, 16], "texture": "#9"},
				"down": {"uv": [16, 0, 0, 16], "texture": "#9"}
			}
		},
		{
			"from": [7.2, 7.17929, 16.5],
			"to": [7.8, 7.67929, 16.8],
			"rotation": {"angle": 0, "axis": "y", "origin": [7.45, 7.32929, 14.55]},
			"faces": {
				"north": {"uv": [16, 0, 0, 16], "texture": "#9"},
				"east": {"uv": [16, 0, 0, 16], "texture": "#9"},
				"south": {"uv": [16, 0, 0, 16], "texture": "#9"},
				"west": {"uv": [16, 0, 0, 16], "texture": "#9"},
				"up": {"uv": [16, 0, 0, 16], "texture": "#9"},
				"down": {"uv": [16, 0, 0, 16], "texture": "#9"}
			}
		},
		{
			"from": [7.2, 7.07929, 16.8],
			"to": [7.8, 7.57929, 17.1],
			"rotation": {"angle": 0, "axis": "y", "origin": [7.45, 7.22929, 14.85]},
			"faces": {
				"north": {"uv": [16, 0, 0, 16], "texture": "#9"},
				"east": {"uv": [16, 0, 0, 16], "texture": "#9"},
				"south": {"uv": [16, 0, 0, 16], "texture": "#9"},
				"west": {"uv": [16, 0, 0, 16], "texture": "#9"},
				"up": {"uv": [16, 0, 0, 16], "texture": "#9"},
				"down": {"uv": [16, 0, 0, 16], "texture": "#9"}
			}
		},
		{
			"from": [7.2, 6.97929, 17.1],
			"to": [7.8, 7.47929, 17.4],
			"rotation": {"angle": 0, "axis": "y", "origin": [7.45, 7.12929, 15.15]},
			"faces": {
				"north": {"uv": [16, 0, 0, 16], "texture": "#9"},
				"east": {"uv": [16, 0, 0, 16], "texture": "#9"},
				"south": {"uv": [16, 0, 0, 16], "texture": "#9"},
				"west": {"uv": [16, 0, 0, 16], "texture": "#9"},
				"up": {"uv": [16, 0, 0, 16], "texture": "#9"},
				"down": {"uv": [16, 0, 0, 16], "texture": "#9"}
			}
		},
		{
			"from": [7.2, 6.87929, 17.4],
			"to": [7.8, 7.37929, 17.7],
			"rotation": {"angle": 0, "axis": "y", "origin": [7.45, 7.12929, 15.45]},
			"faces": {
				"north": {"uv": [16, 0, 0, 16], "texture": "#9"},
				"east": {"uv": [16, 0, 0, 16], "texture": "#9"},
				"south": {"uv": [16, 0, 0, 16], "texture": "#9"},
				"west": {"uv": [16, 0, 0, 16], "texture": "#9"},
				"up": {"uv": [16, 0, 0, 16], "texture": "#9"},
				"down": {"uv": [16, 0, 0, 16], "texture": "#9"}
			}
		},
		{
			"from": [7.2, 6.77929, 17.7],
			"to": [7.8, 7.27929, 18],
			"rotation": {"angle": 0, "axis": "y", "origin": [7.45, 7.02929, 15.75]},
			"faces": {
				"north": {"uv": [16, 0, 0, 16], "texture": "#9"},
				"east": {"uv": [16, 0, 0, 16], "texture": "#9"},
				"south": {"uv": [16, 0, 0, 16], "texture": "#9"},
				"west": {"uv": [16, 0, 0, 16], "texture": "#9"},
				"up": {"uv": [16, 0, 0, 16], "texture": "#9"},
				"down": {"uv": [16, 0, 0, 16], "texture": "#9"}
			}
		},
		{
			"from": [7.2, 6.67929, 18],
			"to": [7.8, 7.17929, 18.3],
			"rotation": {"angle": 0, "axis": "y", "origin": [7.45, 6.92929, 16.05]},
			"faces": {
				"north": {"uv": [16, 0, 0, 16], "texture": "#9"},
				"east": {"uv": [16, 0, 0, 16], "texture": "#9"},
				"south": {"uv": [16, 0, 0, 16], "texture": "#9"},
				"west": {"uv": [16, 0, 0, 16], "texture": "#9"},
				"up": {"uv": [16, 0, 0, 16], "texture": "#9"},
				"down": {"uv": [16, 0, 0, 16], "texture": "#9"}
			}
		},
		{
			"from": [7.2, 6.77929, 18.3],
			"to": [7.8, 7.27929, 19.2],
			"rotation": {"angle": 0, "axis": "y", "origin": [7.45, 7.02929, 16.35]},
			"faces": {
				"north": {"uv": [16, 0, 0, 16], "texture": "#9"},
				"east": {"uv": [16, 0, 0, 16], "texture": "#9"},
				"south": {"uv": [16, 0, 0, 16], "texture": "#9"},
				"west": {"uv": [16, 0, 0, 16], "texture": "#9"},
				"up": {"uv": [16, 0, 0, 16], "texture": "#9"},
				"down": {"uv": [16, 0, 0, 16], "texture": "#9"}
			}
		},
		{
			"from": [7.2, 6.67929, 19.2],
			"to": [7.8, 7.07929, 21.4],
			"rotation": {"angle": 0, "axis": "y", "origin": [7.45, 6.92929, 17.25]},
			"faces": {
				"north": {"uv": [16, 0, 0, 16], "texture": "#9"},
				"east": {"uv": [16, 0, 0, 16], "texture": "#9"},
				"south": {"uv": [16, 0, 0, 16], "texture": "#9"},
				"west": {"uv": [16, 0, 0, 16], "texture": "#9"},
				"up": {"uv": [16, 0, 0, 16], "texture": "#9"},
				"down": {"uv": [16, 0, 0, 16], "texture": "#9"}
			}
		},
		{
			"from": [7.2, 7.07929, 19.2],
			"to": [7.8, 7.17929, 20.1],
			"rotation": {"angle": 0, "axis": "y", "origin": [7.45, 7.32929, 17.25]},
			"faces": {
				"north": {"uv": [16, 0, 0, 16], "texture": "#9"},
				"east": {"uv": [16, 0, 0, 16], "texture": "#9"},
				"south": {"uv": [16, 0, 0, 16], "texture": "#9"},
				"west": {"uv": [16, 0, 0, 16], "texture": "#9"},
				"up": {"uv": [16, 0, 0, 16], "texture": "#9"},
				"down": {"uv": [16, 0, 0, 16], "texture": "#9"}
			}
		},
		{
			"from": [7.2, 6.47929, 19.4],
			"to": [7.8, 6.67929, 20.1],
			"rotation": {"angle": 0, "axis": "y", "origin": [7.45, 6.52929, 17.25]},
			"faces": {
				"north": {"uv": [16, 0, 0, 16], "texture": "#9"},
				"east": {"uv": [16, 0, 0, 16], "texture": "#9"},
				"south": {"uv": [16, 0, 0, 16], "texture": "#9"},
				"west": {"uv": [16, 0, 0, 16], "texture": "#9"},
				"up": {"uv": [16, 0, 0, 16], "texture": "#9"},
				"down": {"uv": [16, 0, 0, 16], "texture": "#9"}
			}
		},
		{
			"from": [7.2, 6.67929, 21.4],
			"to": [7.8, 6.97929, 22],
			"rotation": {"angle": 0, "axis": "y", "origin": [7.45, 6.92929, 18.05]},
			"faces": {
				"north": {"uv": [16, 0, 0, 16], "texture": "#9"},
				"east": {"uv": [16, 0, 0, 16], "texture": "#9"},
				"south": {"uv": [16, 0, 0, 16], "texture": "#9"},
				"west": {"uv": [16, 0, 0, 16], "texture": "#9"},
				"up": {"uv": [16, 0, 0, 16], "texture": "#9"},
				"down": {"uv": [16, 0, 0, 16], "texture": "#9"}
			}
		},
		{
			"from": [7.2, 6.67929, 22],
			"to": [7.8, 6.87929, 22.2],
			"rotation": {"angle": 0, "axis": "y", "origin": [7.45, 6.92929, 18.35]},
			"faces": {
				"north": {"uv": [16, 0, 0, 16], "texture": "#9"},
				"east": {"uv": [16, 0, 0, 16], "texture": "#9"},
				"south": {"uv": [16, 0, 0, 16], "texture": "#9"},
				"west": {"uv": [16, 0, 0, 16], "texture": "#9"},
				"up": {"uv": [16, 0, 0, 16], "texture": "#9"},
				"down": {"uv": [16, 0, 0, 16], "texture": "#9"}
			}
		},
		{
			"from": [7.2, 6.27929, 20.1],
			"to": [7.8, 6.67929, 22.3],
			"rotation": {"angle": 0, "axis": "y", "origin": [7.45, 6.52929, 18.15]},
			"faces": {
				"north": {"uv": [16, 0, 0, 16], "texture": "#9"},
				"east": {"uv": [16, 0, 0, 16], "texture": "#9"},
				"south": {"uv": [16, 0, 0, 16], "texture": "#9"},
				"west": {"uv": [16, 0, 0, 16], "texture": "#9"},
				"up": {"uv": [16, 0, 0, 16], "texture": "#9"},
				"down": {"uv": [16, 0, 0, 16], "texture": "#9"}
			}
		},
		{
			"from": [7.2, 5.97929, 20.8],
			"to": [7.8, 6.27929, 22.2],
			"rotation": {"angle": 0, "axis": "y", "origin": [7.45, 6.12929, 18.05]},
			"faces": {
				"north": {"uv": [16, 0, 0, 16], "texture": "#9"},
				"east": {"uv": [16, 0, 0, 16], "texture": "#9"},
				"south": {"uv": [16, 0, 0, 16], "texture": "#9"},
				"west": {"uv": [16, 0, 0, 16], "texture": "#9"},
				"up": {"uv": [16, 0, 0, 16], "texture": "#9"},
				"down": {"uv": [16, 0, 0, 16], "texture": "#9"}
			}
		},
		{
			"from": [7.2, 6.07929, 20.3],
			"to": [7.8, 6.27929, 20.8],
			"rotation": {"angle": 0, "axis": "y", "origin": [7.45, 6.12929, 16.65]},
			"faces": {
				"north": {"uv": [16, 0, 0, 16], "texture": "#9"},
				"east": {"uv": [16, 0, 0, 16], "texture": "#9"},
				"south": {"uv": [16, 0, 0, 16], "texture": "#9"},
				"west": {"uv": [16, 0, 0, 16], "texture": "#9"},
				"up": {"uv": [16, 0, 0, 16], "texture": "#9"},
				"down": {"uv": [16, 0, 0, 16], "texture": "#9"}
			}
		},
		{
			"from": [7.2, 6.27929, 19.6],
			"to": [7.8, 6.47929, 20.1],
			"rotation": {"angle": 0, "axis": "y", "origin": [7.45, 6.32929, 15.95]},
			"faces": {
				"north": {"uv": [16, 0, 0, 16], "texture": "#9"},
				"east": {"uv": [16, 0, 0, 16], "texture": "#9"},
				"south": {"uv": [16, 0, 0, 16], "texture": "#9"},
				"west": {"uv": [16, 0, 0, 16], "texture": "#9"},
				"up": {"uv": [16, 0, 0, 16], "texture": "#9"},
				"down": {"uv": [16, 0, 0, 16], "texture": "#9"}
			}
		},
		{
			"from": [7.2, 5.77929, 21],
			"to": [7.8, 5.97929, 21.2],
			"rotation": {"angle": 0, "axis": "y", "origin": [7.45, 5.82929, 17.05]},
			"faces": {
				"north": {"uv": [16, 0, 0, 16], "texture": "#9"},
				"east": {"uv": [16, 0, 0, 16], "texture": "#9"},
				"south": {"uv": [16, 0, 0, 16], "texture": "#9"},
				"west": {"uv": [16, 0, 0, 16], "texture": "#9"},
				"up": {"uv": [16, 0, 0, 16], "texture": "#9"},
				"down": {"uv": [16, 0, 0, 16], "texture": "#9"}
			}
		},
		{
			"from": [7.2, 5.67929, 21.2],
			"to": [7.8, 5.97929, 22.2],
			"rotation": {"angle": 0, "axis": "y", "origin": [7.45, 5.82929, 18.05]},
			"faces": {
				"north": {"uv": [16, 0, 0, 16], "texture": "#9"},
				"east": {"uv": [16, 0, 0, 16], "texture": "#9"},
				"south": {"uv": [16, 0, 0, 16], "texture": "#9"},
				"west": {"uv": [16, 0, 0, 16], "texture": "#9"},
				"up": {"uv": [16, 0, 0, 16], "texture": "#9"},
				"down": {"uv": [16, 0, 0, 16], "texture": "#9"}
			}
		},
		{
			"from": [7.15, 7.47929, 9.2],
			"to": [7.85, 7.67929, 13.7],
			"rotation": {"angle": 0, "axis": "y", "origin": [7.5, 7.42929, 7.05]},
			"faces": {
				"north": {"uv": [16, 0, 0, 16], "texture": "#9"},
				"east": {"uv": [16, 0, 0, 16], "texture": "#9"},
				"south": {"uv": [16, 0, 0, 16], "texture": "#9"},
				"west": {"uv": [16, 0, 0, 16], "texture": "#9"},
				"up": {"uv": [16, 0, 0, 16], "texture": "#9"},
				"down": {"uv": [16, 0, 0, 16], "texture": "#9"}
			}
		},
		{
			"from": [7.25, 7.37929, 9.3],
			"to": [7.75, 7.47929, 11.5],
			"rotation": {"angle": 0, "axis": "y", "origin": [7.5, 7.22929, 7.05]},
			"faces": {
				"north": {"uv": [16, 0, 0, 16], "texture": "#9"},
				"east": {"uv": [16, 0, 0, 16], "texture": "#9"},
				"south": {"uv": [16, 0, 0, 16], "texture": "#9"},
				"west": {"uv": [16, 0, 0, 16], "texture": "#9"},
				"up": {"uv": [16, 0, 0, 16], "texture": "#9"},
				"down": {"uv": [16, 0, 0, 16], "texture": "#9"}
			}
		},
		{
			"from": [7.15, 7.37929, 11.5],
			"to": [7.85, 7.47929, 16.2],
			"rotation": {"angle": 0, "axis": "y", "origin": [7.5, 7.22929, 9.25]},
			"faces": {
				"north": {"uv": [16, 0, 0, 16], "texture": "#9"},
				"east": {"uv": [16, 0, 0, 16], "texture": "#9"},
				"south": {"uv": [16, 0, 0, 16], "texture": "#9"},
				"west": {"uv": [16, 0, 0, 16], "texture": "#9"},
				"up": {"uv": [16, 0, 0, 16], "texture": "#9"},
				"down": {"uv": [16, 0, 0, 16], "texture": "#9"}
			}
		},
		{
			"from": [7.25, 7.27929, 10.9],
			"to": [7.75, 7.37929, 16.2],
			"rotation": {"angle": 0, "axis": "y", "origin": [7.5, 7.12929, 9.25]},
			"faces": {
				"north": {"uv": [16, 0, 0, 16], "texture": "#9"},
				"east": {"uv": [16, 0, 0, 16], "texture": "#9"},
				"south": {"uv": [16, 0, 0, 16], "texture": "#9"},
				"west": {"uv": [16, 0, 0, 16], "texture": "#9"},
				"up": {"uv": [16, 0, 0, 16], "texture": "#9"},
				"down": {"uv": [16, 0, 0, 16], "texture": "#9"}
			}
		},
		{
			"from": [7.25, 7.17929, 12.2],
			"to": [7.75, 7.27929, 16.2],
			"rotation": {"angle": 0, "axis": "y", "origin": [7.5, 7.02929, 9.25]},
			"faces": {
				"north": {"uv": [16, 0, 0, 16], "texture": "#9"},
				"east": {"uv": [16, 0, 0, 16], "texture": "#9"},
				"south": {"uv": [16, 0, 0, 16], "texture": "#9"},
				"west": {"uv": [16, 0, 0, 16], "texture": "#9"},
				"up": {"uv": [16, 0, 0, 16], "texture": "#9"},
				"down": {"uv": [16, 0, 0, 16], "texture": "#9"}
			}
		},
		{
			"from": [7.15, 7.47929, 13.7],
			"to": [7.85, 7.67929, 16.2],
			"rotation": {"angle": 0, "axis": "y", "origin": [7.5, 7.42929, 11.75]},
			"faces": {
				"north": {"uv": [16, 0, 0, 16], "texture": "#9"},
				"east": {"uv": [16, 0, 0, 16], "texture": "#9"},
				"south": {"uv": [16, 0, 0, 16], "texture": "#9"},
				"west": {"uv": [16, 0, 0, 16], "texture": "#9"},
				"up": {"uv": [16, 0, 0, 16], "texture": "#9"},
				"down": {"uv": [16, 0, 0, 16], "texture": "#9"}
			}
		},
		{
			"from": [7.35, 7.57929, 2.4],
			"to": [7.65, 7.67929, 9],
			"rotation": {"angle": 0, "axis": "y", "origin": [7.5, 7.42929, 0.45]},
			"faces": {
				"north": {"uv": [16, 0, 0, 16], "texture": "#9"},
				"east": {"uv": [16, 0, 0, 16], "texture": "#9"},
				"south": {"uv": [16, 0, 0, 16], "texture": "#9"},
				"west": {"uv": [16, 0, 0, 16], "texture": "#9"},
				"up": {"uv": [16, 0, 0, 16], "texture": "#9"},
				"down": {"uv": [16, 0, 0, 16], "texture": "#9"}
			}
		},
		{
			"from": [7.3, 8.07929, 0.3],
			"to": [7.7, 8.17929, 9],
			"rotation": {"angle": 0, "axis": "y", "origin": [7.55, 8.32929, 0.45]},
			"faces": {
				"north": {"uv": [16, 0, 0, 16], "texture": "#9"},
				"east": {"uv": [16, 0, 0, 16], "texture": "#9"},
				"south": {"uv": [16, 0, 0, 16], "texture": "#9"},
				"west": {"uv": [16, 0, 0, 16], "texture": "#9"},
				"up": {"uv": [16, 0, 0, 16], "texture": "#9"},
				"down": {"uv": [16, 0, 0, 16], "texture": "#9"}
			}
		},
		{
			"from": [7.25, 8.17929, 2.5],
			"to": [7.75, 8.37929, 9],
			"rotation": {"angle": 0, "axis": "y", "origin": [7.5, 8.42929, 0.45]},
			"faces": {
				"north": {"uv": [16, 0, 0, 16], "texture": "#9"},
				"east": {"uv": [16, 0, 0, 16], "texture": "#9"},
				"south": {"uv": [16, 0, 0, 16], "texture": "#9"},
				"west": {"uv": [16, 0, 0, 16], "texture": "#9"},
				"up": {"uv": [16, 0, 0, 16], "texture": "#9"},
				"down": {"uv": [16, 0, 0, 16], "texture": "#9"}
			}
		},
		{
			"from": [7.35, 8.37929, 2.5],
			"to": [7.65, 8.47929, 9],
			"rotation": {"angle": 0, "axis": "y", "origin": [7.5, 8.62929, 0.45]},
			"faces": {
				"north": {"uv": [16, 0, 0, 16], "texture": "#9"},
				"east": {"uv": [16, 0, 0, 16], "texture": "#9"},
				"south": {"uv": [16, 0, 0, 16], "texture": "#9"},
				"west": {"uv": [16, 0, 0, 16], "texture": "#9"},
				"up": {"uv": [16, 0, 0, 16], "texture": "#9"},
				"down": {"uv": [16, 0, 0, 16], "texture": "#9"}
			}
		},
		{
			"from": [7.25, 7.77929, 0.3],
			"to": [7.75, 8.07929, 2.4],
			"rotation": {"angle": 0, "axis": "y", "origin": [7.5, 7.82929, -6.15]},
			"faces": {
				"north": {"uv": [16, 0, 0, 16], "texture": "#9"},
				"east": {"uv": [16, 0, 0, 16], "texture": "#9"},
				"south": {"uv": [16, 0, 0, 16], "texture": "#9"},
				"west": {"uv": [16, 0, 0, 16], "texture": "#9"},
				"up": {"uv": [16, 0, 0, 16], "texture": "#9"},
				"down": {"uv": [16, 0, 0, 16], "texture": "#9"}
			}
		},
		{
			"from": [7.25, 7.77929, -0.1],
			"to": [7.75, 8.07929, 0.3],
			"rotation": {"angle": 0, "axis": "y", "origin": [7.5, 7.82929, -8.25]},
			"faces": {
				"north": {"uv": [16, 0, 0, 16], "texture": "#3"},
				"east": {"uv": [16, 0, 0, 16], "texture": "#3"},
				"south": {"uv": [16, 0, 0, 16], "texture": "#3"},
				"west": {"uv": [16, 0, 0, 16], "texture": "#3"},
				"up": {"uv": [16, 0, 0, 16], "texture": "#3"},
				"down": {"uv": [16, 0, 0, 16], "texture": "#3"}
			}
		},
		{
			"from": [7.25, 8.07929, 0.7],
			"to": [7.75, 8.27929, 1],
			"rotation": {"angle": 0, "axis": "y", "origin": [7.5, 7.82929, -7.55]},
			"faces": {
				"north": {"uv": [16, 0, 0, 16], "texture": "#3"},
				"east": {"uv": [16, 0, 0, 16], "texture": "#3"},
				"south": {"uv": [16, 0, 0, 16], "texture": "#3"},
				"west": {"uv": [16, 0, 0, 16], "texture": "#3"},
				"up": {"uv": [16, 0, 0, 16], "texture": "#3"},
				"down": {"uv": [16, 0, 0, 16], "texture": "#3"}
			}
		},
		{
			"from": [7.15, 8.17929, 8.95],
			"to": [7.85, 8.37929, 9.2],
			"rotation": {"angle": 0, "axis": "y", "origin": [7.5, 7.92929, 0.75]},
			"faces": {
				"north": {"uv": [16, 0, 0, 16], "texture": "#3"},
				"east": {"uv": [16, 0, 0, 16], "texture": "#3"},
				"south": {"uv": [16, 0, 0, 16], "texture": "#3"},
				"west": {"uv": [16, 0, 0, 16], "texture": "#3"},
				"up": {"uv": [16, 0, 0, 16], "texture": "#3"},
				"down": {"uv": [16, 0, 0, 16], "texture": "#3"}
			}
		},
		{
			"from": [7.25, 7.57929, 0.7],
			"to": [7.75, 7.67929, 1],
			"rotation": {"angle": 0, "axis": "y", "origin": [7.5, 7.32929, -7.55]},
			"faces": {
				"north": {"uv": [16, 0, 0, 16], "texture": "#3"},
				"east": {"uv": [16, 0, 0, 16], "texture": "#3"},
				"south": {"uv": [16, 0, 0, 16], "texture": "#3"},
				"west": {"uv": [16, 0, 0, 16], "texture": "#3"},
				"up": {"uv": [16, 0, 0, 16], "texture": "#3"},
				"down": {"uv": [16, 0, 0, 16], "texture": "#3"}
			}
		},
		{
			"from": [7.15, 7.47929, 8.95],
			"to": [7.85, 7.57929, 9.2],
			"rotation": {"angle": 0, "axis": "y", "origin": [7.5, 7.22929, 0.75]},
			"faces": {
				"north": {"uv": [16, 0, 0, 16], "texture": "#3"},
				"east": {"uv": [16, 0, 0, 16], "texture": "#3"},
				"south": {"uv": [16, 0, 0, 16], "texture": "#3"},
				"west": {"uv": [16, 0, 0, 16], "texture": "#3"},
				"up": {"uv": [16, 0, 0, 16], "texture": "#3"},
				"down": {"uv": [16, 0, 0, 16], "texture": "#3"}
			}
		},
		{
			"from": [7.45, 7.37929, 0.7],
			"to": [7.55, 7.57929, 1],
			"rotation": {"angle": 0, "axis": "y", "origin": [7.5, 7.22929, -7.55]},
			"faces": {
				"north": {"uv": [16, 0, 0, 16], "texture": "#3"},
				"east": {"uv": [16, 0, 0, 16], "texture": "#3"},
				"south": {"uv": [16, 0, 0, 16], "texture": "#3"},
				"west": {"uv": [16, 0, 0, 16], "texture": "#3"},
				"up": {"uv": [16, 0, 0, 16], "texture": "#3"},
				"down": {"uv": [16, 0, 0, 16], "texture": "#3"}
			}
		},
		{
			"from": [7.45, 7.27929, 8.95],
			"to": [7.55, 7.47929, 9.2],
			"rotation": {"angle": 0, "axis": "y", "origin": [7.5, 7.12929, 0.75]},
			"faces": {
				"north": {"uv": [16, 0, 0, 16], "texture": "#3"},
				"east": {"uv": [16, 0, 0, 16], "texture": "#3"},
				"south": {"uv": [16, 0, 0, 16], "texture": "#3"},
				"west": {"uv": [16, 0, 0, 16], "texture": "#3"},
				"up": {"uv": [16, 0, 0, 16], "texture": "#3"},
				"down": {"uv": [16, 0, 0, 16], "texture": "#3"}
			}
		},
		{
			"from": [7.2, 7.67929, 0.7],
			"to": [7.8, 8.07929, 1],
			"rotation": {"angle": 0, "axis": "y", "origin": [7.45, 7.62929, -7.55]},
			"faces": {
				"north": {"uv": [16, 0, 0, 16], "texture": "#3"},
				"east": {"uv": [16, 0, 0, 16], "texture": "#3"},
				"south": {"uv": [16, 0, 0, 16], "texture": "#3"},
				"west": {"uv": [16, 0, 0, 16], "texture": "#3"},
				"up": {"uv": [16, 0, 0, 16], "texture": "#3"},
				"down": {"uv": [16, 0, 0, 16], "texture": "#3"}
			}
		},
		{
			"from": [7.1, 7.57929, 8.95],
			"to": [7.9, 8.17929, 9.2],
			"rotation": {"angle": 0, "axis": "y", "origin": [7.45, 7.72929, 0.75]},
			"faces": {
				"north": {"uv": [16, 0, 0, 16], "texture": "#3"},
				"east": {"uv": [16, 0, 0, 16], "texture": "#3"},
				"south": {"uv": [16, 0, 0, 16], "texture": "#3"},
				"west": {"uv": [16, 0, 0, 16], "texture": "#3"},
				"up": {"uv": [16, 0, 0, 16], "texture": "#3"},
				"down": {"uv": [16, 0, 0, 16], "texture": "#3"}
			}
		},
		{
			"from": [7.35, 8.27929, 0.7],
			"to": [7.65, 8.37929, 1],
			"rotation": {"angle": 0, "axis": "y", "origin": [7.5, 8.02929, -7.55]},
			"faces": {
				"north": {"uv": [16, 0, 0, 16], "texture": "#3"},
				"east": {"uv": [16, 0, 0, 16], "texture": "#3"},
				"south": {"uv": [16, 0, 0, 16], "texture": "#3"},
				"west": {"uv": [16, 0, 0, 16], "texture": "#3"},
				"up": {"uv": [16, 0, 0, 16], "texture": "#3"},
				"down": {"uv": [16, 0, 0, 16], "texture": "#3"}
			}
		},
		{
			"from": [7.25, 8.37929, 8.95],
			"to": [7.75, 8.52929, 9.2],
			"rotation": {"angle": 0, "axis": "y", "origin": [7.5, 8.12929, 0.75]},
			"faces": {
				"north": {"uv": [16, 0, 0, 16], "texture": "#3"},
				"east": {"uv": [16, 0, 0, 16], "texture": "#3"},
				"south": {"uv": [16, 0, 0, 16], "texture": "#3"},
				"west": {"uv": [16, 0, 0, 16], "texture": "#3"},
				"up": {"uv": [16, 0, 0, 16], "texture": "#3"},
				"down": {"uv": [16, 0, 0, 16], "texture": "#3"}
			}
		},
		{
			"from": [7.35, 7.67929, -0.1],
			"to": [7.65, 7.77929, 0.3],
			"rotation": {"angle": 0, "axis": "y", "origin": [7.5, 7.72929, -8.25]},
			"faces": {
				"north": {"uv": [16, 0, 0, 16], "texture": "#3"},
				"east": {"uv": [16, 0, 0, 16], "texture": "#3"},
				"south": {"uv": [16, 0, 0, 16], "texture": "#3"},
				"west": {"uv": [16, 0, 0, 16], "texture": "#3"},
				"up": {"uv": [16, 0, 0, 16], "texture": "#3"},
				"down": {"uv": [16, 0, 0, 16], "texture": "#3"}
			}
		},
		{
			"from": [7.45, 7.67929, -1.2],
			"to": [7.55, 7.77929, -0.1],
			"rotation": {"angle": 0, "axis": "y", "origin": [7.5, 7.72929, -8.65]},
			"faces": {
				"north": {"uv": [16, 0, 0, 16], "texture": "#1"},
				"east": {"uv": [16, 0, 0, 16], "texture": "#1"},
				"south": {"uv": [16, 0, 0, 16], "texture": "#1"},
				"west": {"uv": [16, 0, 0, 16], "texture": "#1"},
				"up": {"uv": [16, 0, 0, 16], "texture": "#1"},
				"down": {"uv": [16, 0, 0, 16], "texture": "#1"}
			}
		},
		{
			"from": [7.35, 7.67929, 0.3],
			"to": [7.65, 7.77929, 2.4],
			"rotation": {"angle": 0, "axis": "y", "origin": [7.5, 7.52929, -6.15]},
			"faces": {
				"north": {"uv": [16, 0, 0, 16], "texture": "#9"},
				"east": {"uv": [16, 0, 0, 16], "texture": "#9"},
				"south": {"uv": [16, 0, 0, 16], "texture": "#9"},
				"west": {"uv": [16, 0, 0, 16], "texture": "#9"},
				"up": {"uv": [16, 0, 0, 16], "texture": "#9"},
				"down": {"uv": [16, 0, 0, 16], "texture": "#9"}
			}
		},
		{
			"from": [7.25, 8.17929, 1],
			"to": [7.75, 8.27929, 2.5],
			"rotation": {"angle": 0, "axis": "y", "origin": [7.5, 8.32929, -6.15]},
			"faces": {
				"north": {"uv": [16, 0, 0, 16], "texture": "#9"},
				"east": {"uv": [16, 0, 0, 16], "texture": "#9"},
				"south": {"uv": [16, 0, 0, 16], "texture": "#9"},
				"west": {"uv": [16, 0, 0, 16], "texture": "#9"},
				"up": {"uv": [16, 0, 0, 16], "texture": "#9"},
				"down": {"uv": [16, 0, 0, 16], "texture": "#9"}
			}
		},
		{
			"from": [7.35, 8.27929, 1],
			"to": [7.65, 8.37929, 2.5],
			"rotation": {"angle": 0, "axis": "y", "origin": [7.5, 8.42929, -6.15]},
			"faces": {
				"north": {"uv": [16, 0, 0, 16], "texture": "#9"},
				"east": {"uv": [16, 0, 0, 16], "texture": "#9"},
				"south": {"uv": [16, 0, 0, 16], "texture": "#9"},
				"west": {"uv": [16, 0, 0, 16], "texture": "#9"},
				"up": {"uv": [16, 0, 0, 16], "texture": "#9"},
				"down": {"uv": [16, 0, 0, 16], "texture": "#9"}
			}
		},
		{
			"from": [7.55, 8.47929, 11.1],
			"to": [7.75, 8.67929, 11.3],
			"rotation": {"angle": 0, "axis": "y", "origin": [7.5, 8.62929, 10.65]},
			"faces": {
				"north": {"uv": [16, 0, 0, 16], "texture": "#3"},
				"east": {"uv": [16, 0, 0, 16], "texture": "#3"},
				"south": {"uv": [16, 0, 0, 16], "texture": "#3"},
				"west": {"uv": [16, 0, 0, 16], "texture": "#3"},
				"up": {"uv": [16, 0, 0, 16], "texture": "#3"},
				"down": {"uv": [16, 0, 0, 16], "texture": "#3"}
			}
		},
		{
			"from": [7.25, 8.47929, 11.1],
			"to": [7.45, 8.67929, 11.3],
			"rotation": {"angle": 0, "axis": "y", "origin": [7.1, 8.62929, 10.65]},
			"faces": {
				"north": {"uv": [16, 0, 0, 16], "texture": "#3"},
				"east": {"uv": [16, 0, 0, 16], "texture": "#3"},
				"south": {"uv": [16, 0, 0, 16], "texture": "#3"},
				"west": {"uv": [16, 0, 0, 16], "texture": "#3"},
				"up": {"uv": [16, 0, 0, 16], "texture": "#3"},
				"down": {"uv": [16, 0, 0, 16], "texture": "#3"}
			}
		},
		{
			"from": [7.3, 8.1, 12.6],
			"to": [7.7, 8.5, 13.7],
			"rotation": {"angle": 45, "axis": "z", "origin": [7.5, 8.3, 19.75]},
			"faces": {
				"north": {"uv": [16, 0, 0, 16], "texture": "#3"},
				"east": {"uv": [16, 0, 0, 16], "texture": "#3"},
				"south": {"uv": [16, 0, 0, 16], "texture": "#3"},
				"west": {"uv": [16, 0, 0, 16], "texture": "#3"},
				"up": {"uv": [16, 0, 0, 16], "texture": "#3"},
				"down": {"uv": [16, 0, 0, 16], "texture": "#3"}
			}
		},
		{
			"from": [7.2, 8, 12.6],
			"to": [7.8, 8.3, 13.7],
			"rotation": {"angle": 0, "axis": "y", "origin": [7.5, 8.3, 13.15]},
			"faces": {
				"north": {"uv": [16, 0, 0, 16], "texture": "#3"},
				"east": {"uv": [16, 0, 0, 16], "texture": "#3"},
				"south": {"uv": [16, 0, 0, 16], "texture": "#3"},
				"west": {"uv": [16, 0, 0, 16], "texture": "#3"},
				"up": {"uv": [16, 0, 0, 16], "texture": "#3"},
				"down": {"uv": [16, 0, 0, 16], "texture": "#3"}
			}
		},
		{
			"from": [7.2, 8, 11.2],
			"to": [7.8, 8.2, 12.6],
			"rotation": {"angle": 0, "axis": "y", "origin": [7.5, 8.2, 12.05]},
			"faces": {
				"north": {"uv": [16, 0, 0, 16], "texture": "#3"},
				"east": {"uv": [16, 0, 0, 16], "texture": "#3"},
				"south": {"uv": [16, 0, 0, 16], "texture": "#3"},
				"west": {"uv": [16, 0, 0, 16], "texture": "#3"},
				"up": {"uv": [16, 0, 0, 16], "texture": "#3"},
				"down": {"uv": [16, 0, 0, 16], "texture": "#3"}
			}
		},
		{
			"from": [7.3, 8.1, 13.7],
			"to": [7.6, 8.4, 15],
			"rotation": {"angle": 45, "axis": "z", "origin": [7.5, 8.3, 20.85]},
			"faces": {
				"north": {"uv": [0, 0, 16, 16], "texture": "#1"},
				"east": {"uv": [0, 0, 16, 16], "texture": "#1"},
				"south": {"uv": [0, 0, 16, 16], "texture": "#1"},
				"west": {"uv": [0, 0, 16, 16], "texture": "#1"},
				"up": {"uv": [0, 0, 16, 16], "texture": "#1"},
				"down": {"uv": [0, 0, 16, 16], "texture": "#1"}
			}
		},
		{
			"from": [7.3, 8.1, 16.1],
			"to": [7.6, 8.4, 16.3],
			"rotation": {"angle": 45, "axis": "z", "origin": [7.5, 8.3, 23.25]},
			"faces": {
				"north": {"uv": [0, 0, 16, 16], "texture": "#1"},
				"east": {"uv": [0, 0, 16, 16], "texture": "#1"},
				"south": {"uv": [0, 0, 16, 16], "texture": "#1"},
				"west": {"uv": [0, 0, 16, 16], "texture": "#1"},
				"up": {"uv": [0, 0, 16, 16], "texture": "#1"},
				"down": {"uv": [0, 0, 16, 16], "texture": "#1"}
			}
		},
		{
			"from": [7.3, 8.05, 16.3],
			"to": [7.7, 8.45, 16.5001],
			"rotation": {"angle": 45, "axis": "z", "origin": [7.5, 8.25, 23.45]},
			"faces": {
				"north": {"uv": [0, 0, 16, 16], "texture": "#1"},
				"east": {"uv": [0, 0, 16, 16], "texture": "#1"},
				"south": {"uv": [0, 0, 16, 16], "texture": "#1"},
				"west": {"uv": [0, 0, 16, 16], "texture": "#1"},
				"up": {"uv": [0, 0, 16, 16], "texture": "#1"},
				"down": {"uv": [0, 0, 16, 16], "texture": "#1"}
			}
		},
		{
			"from": [7.45, 8.07929, 13.8],
			"to": [7.75, 8.37929, 15],
			"rotation": {"angle": 0, "axis": "y", "origin": [7.6, 8.22929, 14.35]},
			"faces": {
				"north": {"uv": [0, 0, 16, 16], "texture": "#1"},
				"east": {"uv": [0, 0, 16, 16], "texture": "#1"},
				"south": {"uv": [0, 0, 16, 16], "texture": "#1"},
				"west": {"uv": [0, 0, 16, 16], "texture": "#1"},
				"up": {"uv": [0, 0, 16, 16], "texture": "#1"},
				"down": {"uv": [0, 0, 16, 16], "texture": "#1"}
			}
		},
		{
			"from": [7.75, 8.07929, 14.6],
			"to": [7.95, 8.37929, 14.8],
			"rotation": {"angle": 0, "axis": "y", "origin": [7.9, 8.22929, 14.15]},
			"faces": {
				"north": {"uv": [0, 0, 16, 16], "texture": "#1"},
				"east": {"uv": [0, 0, 16, 16], "texture": "#1"},
				"south": {"uv": [0, 0, 16, 16], "texture": "#1"},
				"west": {"uv": [0, 0, 16, 16], "texture": "#1"},
				"up": {"uv": [0, 0, 16, 16], "texture": "#1"},
				"down": {"uv": [0, 0, 16, 16], "texture": "#1"}
			}
		},
		{
			"from": [7.95, 8.12929, 14.6],
			"to": [8.25, 8.32929, 14.8],
			"rotation": {"angle": 0, "axis": "y", "origin": [8.1, 8.17929, 14.15]},
			"faces": {
				"north": {"uv": [0, 0, 16, 16], "texture": "#1"},
				"east": {"uv": [0, 0, 16, 16], "texture": "#1"},
				"south": {"uv": [0, 0, 16, 16], "texture": "#1"},
				"west": {"uv": [0, 0, 16, 16], "texture": "#1"},
				"up": {"uv": [0, 0, 16, 16], "texture": "#1"},
				"down": {"uv": [0, 0, 16, 16], "texture": "#1"}
			}
		},
		{
			"from": [8.25, 8.07929, 14.55],
			"to": [8.55, 8.37929, 14.85],
			"rotation": {"angle": 45, "axis": "x", "origin": [8.4, 8.22929, 14.7]},
			"faces": {
				"north": {"uv": [0, 0, 16, 16], "texture": "#1"},
				"east": {"uv": [0, 0, 16, 16], "texture": "#1"},
				"south": {"uv": [0, 0, 16, 16], "texture": "#1"},
				"west": {"uv": [0, 0, 16, 16], "texture": "#1"},
				"up": {"uv": [0, 0, 16, 16], "texture": "#1"},
				"down": {"uv": [0, 0, 16, 16], "texture": "#1"}
			}
		},
		{
			"from": [7.25, 8.07929, 15],
			"to": [7.75, 8.47929, 15.3],
			"rotation": {"angle": 0, "axis": "y", "origin": [7.5, 8.22929, 15.65]},
			"faces": {
				"north": {"uv": [0, 0, 16, 16], "texture": "#2"},
				"east": {"uv": [0, 0, 16, 16], "texture": "#2"},
				"south": {"uv": [0, 0, 16, 16], "texture": "#2"},
				"west": {"uv": [0, 0, 16, 16], "texture": "#2"},
				"up": {"uv": [0, 0, 16, 16], "texture": "#2"},
				"down": {"uv": [0, 0, 16, 16], "texture": "#2"}
			}
		},
		{
			"from": [7.25, 8.07929, 13.7],
			"to": [7.35, 8.47929, 15],
			"rotation": {"angle": 0, "axis": "y", "origin": [7.1, 8.22929, 15.35]},
			"faces": {
				"north": {"uv": [0, 0, 16, 16], "texture": "#1"},
				"east": {"uv": [0, 0, 16, 16], "texture": "#1"},
				"south": {"uv": [0, 0, 16, 16], "texture": "#1"},
				"west": {"uv": [0, 0, 16, 16], "texture": "#1"},
				"up": {"uv": [0, 0, 16, 16], "texture": "#3"},
				"down": {"uv": [0, 0, 16, 16], "texture": "#1"}
			}
		},
		{
			"from": [7.25, 8.07929, 15.3],
			"to": [7.75, 8.27929, 16.1],
			"rotation": {"angle": 0, "axis": "y", "origin": [7.5, 8.22929, 15.95]},
			"faces": {
				"north": {"uv": [0, 0, 16, 16], "texture": "#2"},
				"east": {"uv": [0, 0, 16, 16], "texture": "#2"},
				"south": {"uv": [0, 0, 16, 16], "texture": "#2"},
				"west": {"uv": [0, 0, 16, 16], "texture": "#2"},
				"up": {"uv": [0, 0, 16, 16], "texture": "#2"},
				"down": {"uv": [0, 0, 16, 16], "texture": "#2"}
			}
		},
		{
			"from": [7.35, 8.27929, 15.3],
			"to": [7.65, 8.47929, 16.1],
			"rotation": {"angle": 0, "axis": "y", "origin": [7.5, 8.42929, 15.95]},
			"faces": {
				"north": {"uv": [0, 0, 16, 16], "texture": "#2"},
				"east": {"uv": [0, 0, 16, 16], "texture": "#2"},
				"south": {"uv": [0, 0, 16, 16], "texture": "#2"},
				"west": {"uv": [0, 0, 16, 16], "texture": "#2"},
				"up": {"uv": [0, 0, 16, 16], "texture": "#2"},
				"down": {"uv": [0, 0, 16, 16], "texture": "#2"}
			}
		}
	],
	"display": {
		"thirdperson_righthand": {
			"rotation": [5, -17, 0],
			"translation": [0.75, 1.35, -7.25],
			"scale": [1.01, 1.01, 1.01]
		},
		"thirdperson_lefthand": {
			"rotation": [5, -17, 0],
			"translation": [0, 1.35, -7.5],
			"scale": [1.01, 1.01, 1.01]
		},
		"firstperson_righthand": {
			"rotation": [0, -10, 0],
			"translation": [1.65, 17.3, 1]
		},
		"firstperson_lefthand": {
			"rotation": [0, -9.9, 0],
			"translation": [0.65, 17.3, 1]
		},
		"ground": {
			"rotation": [0, 0, 90]
		},
		"gui": {
			"rotation": [90, 45, -90]
		},
		"fixed": {
			"rotation": [90, 90, -90],
			"translation": [-13.25, 0, -3.25],
			"scale": [2, 2, 2]
		}
	}
}