{
	"credit": "Made with Blockbench",
	"textures": {
		"1": "blocks/greyf",
		"2": "blocks/greyd",
		"3": "blocks/greyc",
		"4": "blocks/black",
		"particle": "blocks/brown"
	},
	"elements": [
		{
			"from": [7.4, 8.1, 13.8],
			"to": [7.6, 8.3, 15.3],
			"rotation": {"angle": 45, "axis": "z", "origin": [7.5, 8.2, 8.75]},
			"faces": {
				"north": {"uv": [16, 0, 0, 16], "texture": "#4"},
				"east": {"uv": [16, 0, 0, 16], "texture": "#2"},
				"south": {"uv": [16, 0, 0, 16], "texture": "#2"},
				"west": {"uv": [16, 0, 0, 16], "texture": "#2"},
				"up": {"uv": [16, 0, 0, 16], "texture": "#2"},
				"down": {"uv": [16, 0, 0, 16], "texture": "#2"}
			}
		},
		{
			"from": [7.4, 8.05, 15.3],
			"to": [7.7, 8.35, 15.8],
			"rotation": {"angle": 45, "axis": "z", "origin": [7.5, 8.15, 9.25]},
			"faces": {
				"north": {"uv": [16, 0, 0, 16], "texture": "#2"},
				"east": {"uv": [16, 0, 0, 16], "texture": "#2"},
				"south": {"uv": [16, 0, 0, 16], "texture": "#2"},
				"west": {"uv": [16, 0, 0, 16], "texture": "#2"},
				"up": {"uv": [16, 0, 0, 16], "texture": "#2"},
				"down": {"uv": [16, 0, 0, 16], "texture": "#2"}
			}
		},
		{
			"from": [7.25, 7.97071, 15.3],
			"to": [7.75, 8.07071, 17.8],
			"rotation": {"angle": 0, "axis": "z", "origin": [7.5, 8.22071, 15.55]},
			"faces": {
				"north": {"uv": [16, 0, 0, 16], "texture": "#1"},
				"east": {"uv": [16, 0, 0, 16], "texture": "#1"},
				"south": {"uv": [16, 0, 0, 16], "texture": "#1"},
				"west": {"uv": [16, 0, 0, 16], "texture": "#1"},
				"up": {"uv": [16, 0, 0, 16], "texture": "#1"},
				"down": {"uv": [16, 0, 0, 16], "texture": "#1"}
			}
		},
		{
			"from": [7.25, 7.97071, 18.4],
			"to": [7.75, 8.37071, 18.5],
			"rotation": {"angle": 0, "axis": "z", "origin": [7.5, 8.22071, 16.75]},
			"faces": {
				"north": {"uv": [16, 0, 0, 16], "texture": "#1"},
				"east": {"uv": [16, 0, 0, 16], "texture": "#1"},
				"south": {"uv": [16, 0, 0, 16], "texture": "#1"},
				"west": {"uv": [16, 0, 0, 16], "texture": "#1"},
				"up": {"uv": [16, 0, 0, 16], "texture": "#1"},
				"down": {"uv": [16, 0, 0, 16], "texture": "#1"}
			}
		},
		{
			"from": [7.25, 8.37071, 18.3],
			"to": [7.75, 8.47071, 18.4],
			"rotation": {"angle": 0, "axis": "z", "origin": [7.5, 8.62071, 16.65]},
			"faces": {
				"north": {"uv": [16, 0, 0, 16], "texture": "#1"},
				"east": {"uv": [16, 0, 0, 16], "texture": "#1"},
				"south": {"uv": [16, 0, 0, 16], "texture": "#1"},
				"west": {"uv": [16, 0, 0, 16], "texture": "#1"},
				"up": {"uv": [16, 0, 0, 16], "texture": "#1"},
				"down": {"uv": [16, 0, 0, 16], "texture": "#1"}
			}
		},
		{
			"from": [7.25, 8.47071, 18],
			"to": [7.45, 8.57071, 18.3],
			"rotation": {"angle": 0, "axis": "z", "origin": [7.5, 8.72071, 16.55]},
			"faces": {
				"north": {"uv": [16, 0, 0, 16], "texture": "#1"},
				"east": {"uv": [16, 0, 0, 16], "texture": "#1"},
				"south": {"uv": [16, 0, 0, 16], "texture": "#1"},
				"west": {"uv": [16, 0, 0, 16], "texture": "#1"},
				"up": {"uv": [16, 0, 0, 16], "texture": "#1"},
				"down": {"uv": [16, 0, 0, 16], "texture": "#1"}
			}
		},
		{
			"from": [7.55, 8.47071, 18],
			"to": [7.75, 8.57071, 18.3],
			"rotation": {"angle": 0, "axis": "z", "origin": [7.9, 8.72071, 16.55]},
			"faces": {
				"north": {"uv": [16, 0, 0, 16], "texture": "#1"},
				"east": {"uv": [16, 0, 0, 16], "texture": "#1"},
				"south": {"uv": [16, 0, 0, 16], "texture": "#1"},
				"west": {"uv": [16, 0, 0, 16], "texture": "#1"},
				"up": {"uv": [16, 0, 0, 16], "texture": "#1"},
				"down": {"uv": [16, 0, 0, 16], "texture": "#1"}
			}
		},
		{
			"from": [7.25, 8.37071, 18],
			"to": [7.75, 8.47071, 18.1],
			"rotation": {"angle": 0, "axis": "z", "origin": [7.5, 8.62071, 16.35]},
			"faces": {
				"north": {"uv": [16, 0, 0, 16], "texture": "#1"},
				"east": {"uv": [16, 0, 0, 16], "texture": "#1"},
				"south": {"uv": [16, 0, 0, 16], "texture": "#1"},
				"west": {"uv": [16, 0, 0, 16], "texture": "#1"},
				"up": {"uv": [16, 0, 0, 16], "texture": "#1"},
				"down": {"uv": [16, 0, 0, 16], "texture": "#1"}
			}
		},
		{
			"from": [7.25, 8.27071, 17.9],
			"to": [7.75, 8.37071, 18],
			"rotation": {"angle": 0, "axis": "z", "origin": [7.5, 8.52071, 16.25]},
			"faces": {
				"north": {"uv": [16, 0, 0, 16], "texture": "#1"},
				"east": {"uv": [16, 0, 0, 16], "texture": "#1"},
				"south": {"uv": [16, 0, 0, 16], "texture": "#1"},
				"west": {"uv": [16, 0, 0, 16], "texture": "#1"},
				"up": {"uv": [16, 0, 0, 16], "texture": "#1"},
				"down": {"uv": [16, 0, 0, 16], "texture": "#1"}
			}
		},
		{
			"from": [7.25, 8.17071, 17.8],
			"to": [7.75, 8.27071, 17.9],
			"rotation": {"angle": 0, "axis": "z", "origin": [7.5, 8.42071, 16.15]},
			"faces": {
				"north": {"uv": [16, 0, 0, 16], "texture": "#1"},
				"east": {"uv": [16, 0, 0, 16], "texture": "#1"},
				"south": {"uv": [16, 0, 0, 16], "texture": "#1"},
				"west": {"uv": [16, 0, 0, 16], "texture": "#1"},
				"up": {"uv": [16, 0, 0, 16], "texture": "#1"},
				"down": {"uv": [16, 0, 0, 16], "texture": "#1"}
			}
		},
		{
			"from": [7.25, 8.07071, 17.7],
			"to": [7.75, 8.17071, 17.8],
			"rotation": {"angle": 0, "axis": "z", "origin": [7.5, 8.32071, 16.05]},
			"faces": {
				"north": {"uv": [16, 0, 0, 16], "texture": "#1"},
				"east": {"uv": [16, 0, 0, 16], "texture": "#1"},
				"south": {"uv": [16, 0, 0, 16], "texture": "#1"},
				"west": {"uv": [16, 0, 0, 16], "texture": "#1"},
				"up": {"uv": [16, 0, 0, 16], "texture": "#1"},
				"down": {"uv": [16, 0, 0, 16], "texture": "#1"}
			}
		},
		{
			"from": [7.35, 7.77071, 15.3],
			"to": [7.65, 7.87071, 16.2],
			"rotation": {"angle": 0, "axis": "z", "origin": [7.5, 8.02071, 15.55]},
			"faces": {
				"north": {"uv": [16, 0, 0, 16], "texture": "#3"},
				"east": {"uv": [16, 0, 0, 16], "texture": "#3"},
				"south": {"uv": [16, 0, 0, 16], "texture": "#3"},
				"west": {"uv": [16, 0, 0, 16], "texture": "#3"},
				"up": {"uv": [16, 0, 0, 16], "texture": "#3"},
				"down": {"uv": [16, 0, 0, 16], "texture": "#3"}
			}
		},
		{
			"from": [7.35, 7.67071, 16.2],
			"to": [7.65, 7.87071, 16.3],
			"rotation": {"angle": 0, "axis": "z", "origin": [7.5, 8.02071, 15.65]},
			"faces": {
				"north": {"uv": [16, 0, 0, 16], "texture": "#2"},
				"east": {"uv": [16, 0, 0, 16], "texture": "#2"},
				"south": {"uv": [16, 0, 0, 16], "texture": "#2"},
				"west": {"uv": [16, 0, 0, 16], "texture": "#2"},
				"up": {"uv": [16, 0, 0, 16], "texture": "#2"},
				"down": {"uv": [16, 0, 0, 16], "texture": "#2"}
			}
		},
		{
			"from": [7.35, 7.67071, 16.3],
			"to": [7.65, 7.77071, 16.4],
			"rotation": {"angle": 0, "axis": "z", "origin": [7.5, 7.92071, 15.75]},
			"faces": {
				"north": {"uv": [16, 0, 0, 16], "texture": "#2"},
				"east": {"uv": [16, 0, 0, 16], "texture": "#2"},
				"south": {"uv": [16, 0, 0, 16], "texture": "#2"},
				"west": {"uv": [16, 0, 0, 16], "texture": "#2"},
				"up": {"uv": [16, 0, 0, 16], "texture": "#2"},
				"down": {"uv": [16, 0, 0, 16], "texture": "#2"}
			}
		},
		{
			"from": [7.35, 7.67071, 15.4],
			"to": [7.65, 7.77071, 15.9],
			"rotation": {"angle": 0, "axis": "z", "origin": [7.5, 7.92071, 15.55]},
			"faces": {
				"north": {"uv": [16, 0, 0, 16], "texture": "#3"},
				"east": {"uv": [16, 0, 0, 16], "texture": "#3"},
				"south": {"uv": [16, 0, 0, 16], "texture": "#3"},
				"west": {"uv": [16, 0, 0, 16], "texture": "#3"},
				"up": {"uv": [16, 0, 0, 16], "texture": "#3"},
				"down": {"uv": [16, 0, 0, 16], "texture": "#3"}
			}
		},
		{
			"from": [7.25, 7.67071, 15.4],
			"to": [7.35, 7.87071, 15.7],
			"rotation": {"angle": 0, "axis": "z", "origin": [7.2, 7.92071, 15.55]},
			"faces": {
				"north": {"uv": [16, 0, 0, 16], "texture": "#1"},
				"east": {"uv": [16, 0, 0, 16], "texture": "#1"},
				"south": {"uv": [16, 0, 0, 16], "texture": "#1"},
				"west": {"uv": [16, 0, 0, 16], "texture": "#1"},
				"up": {"uv": [16, 0, 0, 16], "texture": "#1"},
				"down": {"uv": [16, 0, 0, 16], "texture": "#1"}
			}
		},
		{
			"from": [7.35, 7.57071, 15.6],
			"to": [7.65, 7.67071, 15.8],
			"rotation": {"angle": 0, "axis": "z", "origin": [7.5, 7.82071, 15.55]},
			"faces": {
				"north": {"uv": [16, 0, 0, 16], "texture": "#3"},
				"east": {"uv": [16, 0, 0, 16], "texture": "#3"},
				"south": {"uv": [16, 0, 0, 16], "texture": "#3"},
				"west": {"uv": [16, 0, 0, 16], "texture": "#3"},
				"up": {"uv": [16, 0, 0, 16], "texture": "#3"},
				"down": {"uv": [16, 0, 0, 16], "texture": "#3"}
			}
		},
		{
			"from": [7.35, 7.47071, 15.65],
			"to": [7.65, 7.57071, 15.75],
			"rotation": {"angle": 0, "axis": "z", "origin": [7.5, 7.72071, 15.5]},
			"faces": {
				"north": {"uv": [16, 0, 0, 16], "texture": "#3"},
				"east": {"uv": [16, 0, 0, 16], "texture": "#3"},
				"south": {"uv": [16, 0, 0, 16], "texture": "#3"},
				"west": {"uv": [16, 0, 0, 16], "texture": "#3"},
				"up": {"uv": [16, 0, 0, 16], "texture": "#3"},
				"down": {"uv": [16, 0, 0, 16], "texture": "#3"}
			}
		},
		{
			"from": [7.35, 7.17071, 15.6],
			"to": [7.65, 7.47071, 15.7],
			"rotation": {"angle": 0, "axis": "z", "origin": [7.5, 7.62071, 15.45]},
			"faces": {
				"north": {"uv": [16, 0, 0, 16], "texture": "#3"},
				"east": {"uv": [16, 0, 0, 16], "texture": "#3"},
				"south": {"uv": [16, 0, 0, 16], "texture": "#3"},
				"west": {"uv": [16, 0, 0, 16], "texture": "#3"},
				"up": {"uv": [16, 0, 0, 16], "texture": "#3"},
				"down": {"uv": [16, 0, 0, 16], "texture": "#3"}
			}
		},
		{
			"from": [7.35, 7.07071, 15.7],
			"to": [7.65, 7.17071, 15.8],
			"rotation": {"angle": 0, "axis": "z", "origin": [7.5, 7.42071, 15.55]},
			"faces": {
				"north": {"uv": [16, 0, 0, 16], "texture": "#3"},
				"east": {"uv": [16, 0, 0, 16], "texture": "#3"},
				"south": {"uv": [16, 0, 0, 16], "texture": "#3"},
				"west": {"uv": [16, 0, 0, 16], "texture": "#3"},
				"up": {"uv": [16, 0, 0, 16], "texture": "#3"},
				"down": {"uv": [16, 0, 0, 16], "texture": "#3"}
			}
		},
		{
			"from": [7.45, 7.17071, 16],
			"to": [7.55, 7.27071, 16.1],
			"rotation": {"angle": 0, "axis": "z", "origin": [7.5, 7.52071, 15.85]},
			"faces": {
				"north": {"uv": [16, 0, 0, 16], "texture": "#2"},
				"east": {"uv": [16, 0, 0, 16], "texture": "#2"},
				"south": {"uv": [16, 0, 0, 16], "texture": "#2"},
				"west": {"uv": [16, 0, 0, 16], "texture": "#2"},
				"up": {"uv": [16, 0, 0, 16], "texture": "#2"},
				"down": {"uv": [16, 0, 0, 16], "texture": "#2"}
			}
		},
		{
			"from": [7.45, 7.27071, 16.1],
			"to": [7.55, 7.37071, 16.2],
			"rotation": {"angle": 0, "axis": "z", "origin": [7.5, 7.62071, 15.95]},
			"faces": {
				"north": {"uv": [16, 0, 0, 16], "texture": "#2"},
				"east": {"uv": [16, 0, 0, 16], "texture": "#2"},
				"south": {"uv": [16, 0, 0, 16], "texture": "#2"},
				"west": {"uv": [16, 0, 0, 16], "texture": "#2"},
				"up": {"uv": [16, 0, 0, 16], "texture": "#2"},
				"down": {"uv": [16, 0, 0, 16], "texture": "#2"}
			}
		},
		{
			"from": [7.45, 7.37071, 16.2],
			"to": [7.55, 7.47071, 16.3],
			"rotation": {"angle": 0, "axis": "z", "origin": [7.5, 7.72071, 16.05]},
			"faces": {
				"north": {"uv": [16, 0, 0, 16], "texture": "#2"},
				"east": {"uv": [16, 0, 0, 16], "texture": "#2"},
				"south": {"uv": [16, 0, 0, 16], "texture": "#2"},
				"west": {"uv": [16, 0, 0, 16], "texture": "#2"},
				"up": {"uv": [16, 0, 0, 16], "texture": "#2"},
				"down": {"uv": [16, 0, 0, 16], "texture": "#2"}
			}
		},
		{
			"from": [7.45, 7.47071, 16.2],
			"to": [7.55, 7.67071, 16.3],
			"rotation": {"angle": 0, "axis": "z", "origin": [7.5, 7.82071, 16.05]},
			"faces": {
				"north": {"uv": [16, 0, 0, 16], "texture": "#2"},
				"east": {"uv": [16, 0, 0, 16], "texture": "#2"},
				"south": {"uv": [16, 0, 0, 16], "texture": "#2"},
				"west": {"uv": [16, 0, 0, 16], "texture": "#2"},
				"up": {"uv": [16, 0, 0, 16], "texture": "#2"},
				"down": {"uv": [16, 0, 0, 16], "texture": "#2"}
			}
		},
		{
			"from": [7.35, 6.97071, 15.8],
			"to": [7.65, 7.07071, 16.2],
			"rotation": {"angle": 0, "axis": "z", "origin": [7.5, 7.32071, 15.65]},
			"faces": {
				"north": {"uv": [16, 0, 0, 16], "texture": "#3"},
				"east": {"uv": [16, 0, 0, 16], "texture": "#3"},
				"south": {"uv": [16, 0, 0, 16], "texture": "#3"},
				"west": {"uv": [16, 0, 0, 16], "texture": "#3"},
				"up": {"uv": [16, 0, 0, 16], "texture": "#3"},
				"down": {"uv": [16, 0, 0, 16], "texture": "#3"}
			}
		},
		{
			"from": [7.35, 7.07071, 16.2],
			"to": [7.65, 7.17071, 16.4],
			"rotation": {"angle": 0, "axis": "z", "origin": [7.5, 7.42071, 15.85]},
			"faces": {
				"north": {"uv": [16, 0, 0, 16], "texture": "#3"},
				"east": {"uv": [16, 0, 0, 16], "texture": "#3"},
				"south": {"uv": [16, 0, 0, 16], "texture": "#3"},
				"west": {"uv": [16, 0, 0, 16], "texture": "#3"},
				"up": {"uv": [16, 0, 0, 16], "texture": "#3"},
				"down": {"uv": [16, 0, 0, 16], "texture": "#3"}
			}
		},
		{
			"from": [7.35, 7.17071, 16.4],
			"to": [7.65, 7.57071, 16.7],
			"rotation": {"angle": 0, "axis": "z", "origin": [7.5, 7.52071, 16.05]},
			"faces": {
				"north": {"uv": [16, 0, 0, 16], "texture": "#3"},
				"east": {"uv": [16, 0, 0, 16], "texture": "#3"},
				"south": {"uv": [16, 0, 0, 16], "texture": "#3"},
				"west": {"uv": [16, 0, 0, 16], "texture": "#3"},
				"up": {"uv": [16, 0, 0, 16], "texture": "#3"},
				"down": {"uv": [16, 0, 0, 16], "texture": "#3"}
			}
		},
		{
			"from": [7.3, 7.87071, 15.8],
			"to": [7.7, 8.37071, 16.3],
			"rotation": {"angle": 0, "axis": "z", "origin": [7.55, 8.22071, 16.05]},
			"faces": {
				"north": {"uv": [16, 0, 0, 16], "texture": "#3"},
				"east": {"uv": [16, 0, 0, 16], "texture": "#3"},
				"south": {"uv": [16, 0, 0, 16], "texture": "#3"},
				"west": {"uv": [16, 0, 0, 16], "texture": "#3"},
				"up": {"uv": [16, 0, 0, 16], "texture": "#3"},
				"down": {"uv": [16, 0, 0, 16], "texture": "#3"}
			}
		},
		{
			"from": [7.3, 7.87071, 15.3],
			"to": [7.7, 7.97071, 15.8],
			"rotation": {"angle": 0, "axis": "z", "origin": [7.55, 8.22071, 15.55]},
			"faces": {
				"north": {"uv": [16, 0, 0, 16], "texture": "#3"},
				"east": {"uv": [16, 0, 0, 16], "texture": "#3"},
				"south": {"uv": [16, 0, 0, 16], "texture": "#3"},
				"west": {"uv": [16, 0, 0, 16], "texture": "#3"},
				"up": {"uv": [16, 0, 0, 16], "texture": "#3"},
				"down": {"uv": [16, 0, 0, 16], "texture": "#3"}
			}
		},
		{
			"from": [7.3, 7.77071, 16.3],
			"to": [7.7, 8.17071, 17.8],
			"rotation": {"angle": 0, "axis": "z", "origin": [7.55, 8.02071, 17.55]},
			"faces": {
				"north": {"uv": [16, 0, 0, 16], "texture": "#3"},
				"east": {"uv": [16, 0, 0, 16], "texture": "#3"},
				"south": {"uv": [16, 0, 0, 16], "texture": "#3"},
				"west": {"uv": [16, 0, 0, 16], "texture": "#3"},
				"up": {"uv": [16, 0, 0, 16], "texture": "#3"},
				"down": {"uv": [16, 0, 0, 16], "texture": "#3"}
			}
		},
		{
			"from": [7.3, 7.37071, 16.9],
			"to": [7.7, 7.77071, 17.7],
			"rotation": {"angle": 0, "axis": "z", "origin": [7.55, 7.62071, 17.55]},
			"faces": {
				"north": {"uv": [16, 0, 0, 16], "texture": "#particle"},
				"east": {"uv": [16, 0, 0, 16], "texture": "#particle"},
				"south": {"uv": [16, 0, 0, 16], "texture": "#particle"},
				"west": {"uv": [16, 0, 0, 16], "texture": "#particle"},
				"up": {"uv": [16, 0, 0, 16], "texture": "#particle"},
				"down": {"uv": [16, 0, 0, 16], "texture": "#particle"}
			}
		},
		{
			"from": [7.3, 7.57071, 17.7],
			"to": [7.7, 7.77071, 17.8],
			"rotation": {"angle": 0, "axis": "z", "origin": [7.55, 7.62071, 17.65]},
			"faces": {
				"north": {"uv": [16, 0, 0, 16], "texture": "#particle"},
				"east": {"uv": [16, 0, 0, 16], "texture": "#particle"},
				"south": {"uv": [16, 0, 0, 16], "texture": "#particle"},
				"west": {"uv": [16, 0, 0, 16], "texture": "#particle"},
				"up": {"uv": [16, 0, 0, 16], "texture": "#particle"},
				"down": {"uv": [16, 0, 0, 16], "texture": "#particle"}
			}
		},
		{
			"from": [7.3, 7.17071, 17],
			"to": [7.7, 7.37071, 17.7],
			"rotation": {"angle": 0, "axis": "z", "origin": [7.55, 7.22071, 17.55]},
			"faces": {
				"north": {"uv": [16, 0, 0, 16], "texture": "#particle"},
				"east": {"uv": [16, 0, 0, 16], "texture": "#particle"},
				"south": {"uv": [16, 0, 0, 16], "texture": "#particle"},
				"west": {"uv": [16, 0, 0, 16], "texture": "#particle"},
				"up": {"uv": [16, 0, 0, 16], "texture": "#particle"},
				"down": {"uv": [16, 0, 0, 16], "texture": "#particle"}
			}
		},
		{
			"from": [7.3, 6.97071, 17.1],
			"to": [7.7, 7.17071, 17.8],
			"rotation": {"angle": 0, "axis": "z", "origin": [7.55, 7.02071, 17.65]},
			"faces": {
				"north": {"uv": [16, 0, 0, 16], "texture": "#particle"},
				"east": {"uv": [16, 0, 0, 16], "texture": "#particle"},
				"south": {"uv": [16, 0, 0, 16], "texture": "#particle"},
				"west": {"uv": [16, 0, 0, 16], "texture": "#particle"},
				"up": {"uv": [16, 0, 0, 16], "texture": "#particle"},
				"down": {"uv": [16, 0, 0, 16], "texture": "#particle"}
			}
		},
		{
			"from": [7.3, 6.77071, 17.2],
			"to": [7.7, 6.97071, 17.9],
			"rotation": {"angle": 0, "axis": "z", "origin": [7.55, 6.82071, 17.75]},
			"faces": {
				"north": {"uv": [16, 0, 0, 16], "texture": "#particle"},
				"east": {"uv": [16, 0, 0, 16], "texture": "#particle"},
				"south": {"uv": [16, 0, 0, 16], "texture": "#particle"},
				"west": {"uv": [16, 0, 0, 16], "texture": "#particle"},
				"up": {"uv": [16, 0, 0, 16], "texture": "#particle"},
				"down": {"uv": [16, 0, 0, 16], "texture": "#particle"}
			}
		},
		{
			"from": [7.3, 6.57071, 17.3],
			"to": [7.7, 6.77071, 18],
			"rotation": {"angle": 0, "axis": "z", "origin": [7.55, 6.62071, 17.85]},
			"faces": {
				"north": {"uv": [16, 0, 0, 16], "texture": "#particle"},
				"east": {"uv": [16, 0, 0, 16], "texture": "#particle"},
				"south": {"uv": [16, 0, 0, 16], "texture": "#particle"},
				"west": {"uv": [16, 0, 0, 16], "texture": "#particle"},
				"up": {"uv": [16, 0, 0, 16], "texture": "#particle"},
				"down": {"uv": [16, 0, 0, 16], "texture": "#particle"}
			}
		},
		{
			"from": [7.3, 6.37071, 17.5],
			"to": [7.7, 6.57071, 18.1],
			"rotation": {"angle": 0, "axis": "z", "origin": [7.55, 6.42071, 17.95]},
			"faces": {
				"north": {"uv": [16, 0, 0, 16], "texture": "#particle"},
				"east": {"uv": [16, 0, 0, 16], "texture": "#particle"},
				"south": {"uv": [16, 0, 0, 16], "texture": "#particle"},
				"west": {"uv": [16, 0, 0, 16], "texture": "#particle"},
				"up": {"uv": [16, 0, 0, 16], "texture": "#particle"},
				"down": {"uv": [16, 0, 0, 16], "texture": "#particle"}
			}
		},
		{
			"from": [7.3, 6.17071, 17.6],
			"to": [7.7, 6.37071, 18.3],
			"rotation": {"angle": 0, "axis": "z", "origin": [7.55, 6.22071, 18.05]},
			"faces": {
				"north": {"uv": [16, 0, 0, 16], "texture": "#particle"},
				"east": {"uv": [16, 0, 0, 16], "texture": "#particle"},
				"south": {"uv": [16, 0, 0, 16], "texture": "#particle"},
				"west": {"uv": [16, 0, 0, 16], "texture": "#particle"},
				"up": {"uv": [16, 0, 0, 16], "texture": "#particle"},
				"down": {"uv": [16, 0, 0, 16], "texture": "#particle"}
			}
		},
		{
			"from": [7.3, 5.97071, 17.7],
			"to": [7.7, 6.17071, 18.5],
			"rotation": {"angle": 0, "axis": "z", "origin": [7.55, 6.02071, 18.05]},
			"faces": {
				"north": {"uv": [16, 0, 0, 16], "texture": "#particle"},
				"east": {"uv": [16, 0, 0, 16], "texture": "#particle"},
				"south": {"uv": [16, 0, 0, 16], "texture": "#particle"},
				"west": {"uv": [16, 0, 0, 16], "texture": "#particle"},
				"up": {"uv": [16, 0, 0, 16], "texture": "#particle"},
				"down": {"uv": [16, 0, 0, 16], "texture": "#particle"}
			}
		},
		{
			"from": [7.2, 5.77071, 18.1],
			"to": [7.8, 5.97071, 18.3],
			"rotation": {"angle": 0, "axis": "z", "origin": [7.55, 5.82071, 18.05]},
			"faces": {
				"north": {"uv": [16, 0, 0, 16], "texture": "#1"},
				"east": {"uv": [16, 0, 0, 16], "texture": "#1"},
				"south": {"uv": [16, 0, 0, 16], "texture": "#1"},
				"west": {"uv": [16, 0, 0, 16], "texture": "#1"},
				"up": {"uv": [16, 0, 0, 16], "texture": "#1"},
				"down": {"uv": [16, 0, 0, 16], "texture": "#1"}
			}
		},
		{
			"from": [7.3, 5.37071, 18],
			"to": [7.7, 5.77071, 18.4],
			"rotation": {"angle": 45, "axis": "x", "origin": [7.5, 5.57071, 18.2]},
			"faces": {
				"north": {"uv": [16, 0, 0, 16], "texture": "#1"},
				"east": {"uv": [16, 0, 0, 16], "texture": "#1"},
				"south": {"uv": [16, 0, 0, 16], "texture": "#1"},
				"west": {"uv": [16, 0, 0, 16], "texture": "#1"},
				"up": {"uv": [16, 0, 0, 16], "texture": "#1"},
				"down": {"uv": [16, 0, 0, 16], "texture": "#1"}
			}
		},
		{
			"from": [7.4, 5.67071, 18],
			"to": [7.6, 5.87071, 18.2],
			"rotation": {"angle": 0, "axis": "z", "origin": [7.55, 5.72071, 17.95]},
			"faces": {
				"north": {"uv": [16, 0, 0, 16], "texture": "#3"},
				"east": {"uv": [16, 0, 0, 16], "texture": "#3"},
				"south": {"uv": [16, 0, 0, 16], "texture": "#3"},
				"west": {"uv": [16, 0, 0, 16], "texture": "#3"},
				"up": {"uv": [16, 0, 0, 16], "texture": "#3"},
				"down": {"uv": [16, 0, 0, 16], "texture": "#3"}
			}
		},
		{
			"from": [7.4, 5.57071, 17.9],
			"to": [7.6, 5.77071, 18.1],
			"rotation": {"angle": 0, "axis": "z", "origin": [7.55, 5.62071, 17.85]},
			"faces": {
				"north": {"uv": [16, 0, 0, 16], "texture": "#3"},
				"east": {"uv": [16, 0, 0, 16], "texture": "#3"},
				"south": {"uv": [16, 0, 0, 16], "texture": "#3"},
				"west": {"uv": [16, 0, 0, 16], "texture": "#3"},
				"up": {"uv": [16, 0, 0, 16], "texture": "#3"},
				"down": {"uv": [16, 0, 0, 16], "texture": "#3"}
			}
		},
		{
			"from": [7.4, 5.47071, 17.8],
			"to": [7.6, 5.67071, 18],
			"rotation": {"angle": 0, "axis": "z", "origin": [7.55, 5.52071, 17.75]},
			"faces": {
				"north": {"uv": [16, 0, 0, 16], "texture": "#3"},
				"east": {"uv": [16, 0, 0, 16], "texture": "#3"},
				"south": {"uv": [16, 0, 0, 16], "texture": "#3"},
				"west": {"uv": [16, 0, 0, 16], "texture": "#3"},
				"up": {"uv": [16, 0, 0, 16], "texture": "#3"},
				"down": {"uv": [16, 0, 0, 16], "texture": "#3"}
			}
		},
		{
			"from": [7.4, 5.67071, 18.2],
			"to": [7.6, 5.87071, 18.4],
			"rotation": {"angle": 0, "axis": "z", "origin": [7.55, 5.72071, 18.15]},
			"faces": {
				"north": {"uv": [16, 0, 0, 16], "texture": "#3"},
				"east": {"uv": [16, 0, 0, 16], "texture": "#3"},
				"south": {"uv": [16, 0, 0, 16], "texture": "#3"},
				"west": {"uv": [16, 0, 0, 16], "texture": "#3"},
				"up": {"uv": [16, 0, 0, 16], "texture": "#3"},
				"down": {"uv": [16, 0, 0, 16], "texture": "#3"}
			}
		},
		{
			"from": [7.4, 5.57071, 18.4],
			"to": [7.6, 5.77071, 18.6],
			"rotation": {"angle": 0, "axis": "z", "origin": [7.55, 5.62071, 18.35]},
			"faces": {
				"north": {"uv": [16, 0, 0, 16], "texture": "#3"},
				"east": {"uv": [16, 0, 0, 16], "texture": "#3"},
				"south": {"uv": [16, 0, 0, 16], "texture": "#3"},
				"west": {"uv": [16, 0, 0, 16], "texture": "#3"},
				"up": {"uv": [16, 0, 0, 16], "texture": "#3"},
				"down": {"uv": [16, 0, 0, 16], "texture": "#3"}
			}
		},
		{
			"from": [7.3, 7.47071, 16.8],
			"to": [7.7, 7.77071, 16.9],
			"rotation": {"angle": 0, "axis": "z", "origin": [7.55, 7.62071, 17.25]},
			"faces": {
				"north": {"uv": [16, 0, 0, 16], "texture": "#particle"},
				"east": {"uv": [16, 0, 0, 16], "texture": "#particle"},
				"south": {"uv": [16, 0, 0, 16], "texture": "#particle"},
				"west": {"uv": [16, 0, 0, 16], "texture": "#particle"},
				"up": {"uv": [16, 0, 0, 16], "texture": "#particle"},
				"down": {"uv": [16, 0, 0, 16], "texture": "#particle"}
			}
		},
		{
			"from": [7.3, 7.67071, 16.7],
			"to": [7.7, 7.77071, 16.8],
			"rotation": {"angle": 0, "axis": "z", "origin": [7.55, 7.62071, 17.15]},
			"faces": {
				"north": {"uv": [16, 0, 0, 16], "texture": "#particle"},
				"east": {"uv": [16, 0, 0, 16], "texture": "#particle"},
				"south": {"uv": [16, 0, 0, 16], "texture": "#particle"},
				"west": {"uv": [16, 0, 0, 16], "texture": "#particle"},
				"up": {"uv": [16, 0, 0, 16], "texture": "#particle"},
				"down": {"uv": [16, 0, 0, 16], "texture": "#particle"}
			}
		},
		{
			"from": [7.4, 7.57071, 16.4],
			"to": [7.6, 7.77071, 16.7],
			"rotation": {"angle": 0, "axis": "z", "origin": [7.55, 7.62071, 17.05]},
			"faces": {
				"north": {"uv": [16, 0, 0, 16], "texture": "#particle"},
				"east": {"uv": [16, 0, 0, 16], "texture": "#particle"},
				"south": {"uv": [16, 0, 0, 16], "texture": "#particle"},
				"west": {"uv": [16, 0, 0, 16], "texture": "#particle"},
				"up": {"uv": [16, 0, 0, 16], "texture": "#particle"},
				"down": {"uv": [16, 0, 0, 16], "texture": "#particle"}
			}
		},
		{
			"from": [7.4, 7.07071, 16.7],
			"to": [7.6, 7.67071, 16.8],
			"rotation": {"angle": 0, "axis": "z", "origin": [7.55, 7.62071, 17.05]},
			"faces": {
				"north": {"uv": [16, 0, 0, 16], "texture": "#particle"},
				"east": {"uv": [16, 0, 0, 16], "texture": "#particle"},
				"south": {"uv": [16, 0, 0, 16], "texture": "#particle"},
				"west": {"uv": [16, 0, 0, 16], "texture": "#particle"},
				"up": {"uv": [16, 0, 0, 16], "texture": "#particle"},
				"down": {"uv": [16, 0, 0, 16], "texture": "#particle"}
			}
		},
		{
			"from": [7.4, 6.97071, 16.8],
			"to": [7.6, 7.47071, 16.9],
			"rotation": {"angle": 0, "axis": "z", "origin": [7.55, 7.42071, 17.15]},
			"faces": {
				"north": {"uv": [16, 0, 0, 16], "texture": "#particle"},
				"east": {"uv": [16, 0, 0, 16], "texture": "#particle"},
				"south": {"uv": [16, 0, 0, 16], "texture": "#particle"},
				"west": {"uv": [16, 0, 0, 16], "texture": "#particle"},
				"up": {"uv": [16, 0, 0, 16], "texture": "#particle"},
				"down": {"uv": [16, 0, 0, 16], "texture": "#particle"}
			}
		},
		{
			"from": [7.4, 6.87071, 16.9],
			"to": [7.6, 7.37071, 17],
			"rotation": {"angle": 0, "axis": "z", "origin": [7.55, 7.32071, 17.25]},
			"faces": {
				"north": {"uv": [16, 0, 0, 16], "texture": "#particle"},
				"east": {"uv": [16, 0, 0, 16], "texture": "#particle"},
				"south": {"uv": [16, 0, 0, 16], "texture": "#particle"},
				"west": {"uv": [16, 0, 0, 16], "texture": "#particle"},
				"up": {"uv": [16, 0, 0, 16], "texture": "#particle"},
				"down": {"uv": [16, 0, 0, 16], "texture": "#particle"}
			}
		},
		{
			"from": [7.4, 6.67071, 17],
			"to": [7.6, 7.17071, 17.1],
			"rotation": {"angle": 0, "axis": "z", "origin": [7.55, 7.12071, 17.35]},
			"faces": {
				"north": {"uv": [16, 0, 0, 16], "texture": "#particle"},
				"east": {"uv": [16, 0, 0, 16], "texture": "#particle"},
				"south": {"uv": [16, 0, 0, 16], "texture": "#particle"},
				"west": {"uv": [16, 0, 0, 16], "texture": "#particle"},
				"up": {"uv": [16, 0, 0, 16], "texture": "#particle"},
				"down": {"uv": [16, 0, 0, 16], "texture": "#particle"}
			}
		},
		{
			"from": [7.4, 6.47071, 17.1],
			"to": [7.6, 6.97071, 17.2],
			"rotation": {"angle": 0, "axis": "z", "origin": [7.55, 6.92071, 17.45]},
			"faces": {
				"north": {"uv": [16, 0, 0, 16], "texture": "#particle"},
				"east": {"uv": [16, 0, 0, 16], "texture": "#particle"},
				"south": {"uv": [16, 0, 0, 16], "texture": "#particle"},
				"west": {"uv": [16, 0, 0, 16], "texture": "#particle"},
				"up": {"uv": [16, 0, 0, 16], "texture": "#particle"},
				"down": {"uv": [16, 0, 0, 16], "texture": "#particle"}
			}
		},
		{
			"from": [7.4, 6.37071, 17.2],
			"to": [7.6, 6.77071, 17.3],
			"rotation": {"angle": 0, "axis": "z", "origin": [7.55, 6.72071, 17.55]},
			"faces": {
				"north": {"uv": [16, 0, 0, 16], "texture": "#particle"},
				"east": {"uv": [16, 0, 0, 16], "texture": "#particle"},
				"south": {"uv": [16, 0, 0, 16], "texture": "#particle"},
				"west": {"uv": [16, 0, 0, 16], "texture": "#particle"},
				"up": {"uv": [16, 0, 0, 16], "texture": "#particle"},
				"down": {"uv": [16, 0, 0, 16], "texture": "#particle"}
			}
		},
		{
			"from": [7.4, 6.27071, 17.3],
			"to": [7.6, 6.57071, 17.5],
			"rotation": {"angle": 0, "axis": "z", "origin": [7.55, 6.52071, 17.65]},
			"faces": {
				"north": {"uv": [16, 0, 0, 16], "texture": "#particle"},
				"east": {"uv": [16, 0, 0, 16], "texture": "#particle"},
				"south": {"uv": [16, 0, 0, 16], "texture": "#particle"},
				"west": {"uv": [16, 0, 0, 16], "texture": "#particle"},
				"up": {"uv": [16, 0, 0, 16], "texture": "#particle"},
				"down": {"uv": [16, 0, 0, 16], "texture": "#particle"}
			}
		},
		{
			"from": [7.4, 6.07071, 17.5],
			"to": [7.6, 6.37071, 17.6],
			"rotation": {"angle": 0, "axis": "z", "origin": [7.55, 6.32071, 17.75]},
			"faces": {
				"north": {"uv": [16, 0, 0, 16], "texture": "#particle"},
				"east": {"uv": [16, 0, 0, 16], "texture": "#particle"},
				"south": {"uv": [16, 0, 0, 16], "texture": "#particle"},
				"west": {"uv": [16, 0, 0, 16], "texture": "#particle"},
				"up": {"uv": [16, 0, 0, 16], "texture": "#particle"},
				"down": {"uv": [16, 0, 0, 16], "texture": "#particle"}
			}
		},
		{
			"from": [7.4, 5.67071, 17.6],
			"to": [7.6, 6.17071, 17.7],
			"rotation": {"angle": 0, "axis": "z", "origin": [7.55, 6.12071, 17.85]},
			"faces": {
				"north": {"uv": [16, 0, 0, 16], "texture": "#particle"},
				"east": {"uv": [16, 0, 0, 16], "texture": "#particle"},
				"south": {"uv": [16, 0, 0, 16], "texture": "#particle"},
				"west": {"uv": [16, 0, 0, 16], "texture": "#particle"},
				"up": {"uv": [16, 0, 0, 16], "texture": "#particle"},
				"down": {"uv": [16, 0, 0, 16], "texture": "#particle"}
			}
		},
		{
			"from": [7.4, 5.57071, 17.7],
			"to": [7.6, 5.97071, 17.8],
			"rotation": {"angle": 0, "axis": "z", "origin": [7.55, 6.02071, 17.95]},
			"faces": {
				"north": {"uv": [16, 0, 0, 16], "texture": "#particle"},
				"east": {"uv": [16, 0, 0, 16], "texture": "#particle"},
				"south": {"uv": [16, 0, 0, 16], "texture": "#particle"},
				"west": {"uv": [16, 0, 0, 16], "texture": "#particle"},
				"up": {"uv": [16, 0, 0, 16], "texture": "#particle"},
				"down": {"uv": [16, 0, 0, 16], "texture": "#particle"}
			}
		},
		{
			"from": [7.4, 5.67071, 17.8],
			"to": [7.6, 5.97071, 17.9],
			"rotation": {"angle": 0, "axis": "z", "origin": [7.55, 6.02071, 18.05]},
			"faces": {
				"north": {"uv": [16, 0, 0, 16], "texture": "#particle"},
				"east": {"uv": [16, 0, 0, 16], "texture": "#particle"},
				"south": {"uv": [16, 0, 0, 16], "texture": "#particle"},
				"west": {"uv": [16, 0, 0, 16], "texture": "#particle"},
				"up": {"uv": [16, 0, 0, 16], "texture": "#particle"},
				"down": {"uv": [16, 0, 0, 16], "texture": "#particle"}
			}
		},
		{
			"from": [7.4, 5.77071, 17.9],
			"to": [7.6, 5.97071, 18],
			"rotation": {"angle": 0, "axis": "z", "origin": [7.55, 6.02071, 18.15]},
			"faces": {
				"north": {"uv": [16, 0, 0, 16], "texture": "#particle"},
				"east": {"uv": [16, 0, 0, 16], "texture": "#particle"},
				"south": {"uv": [16, 0, 0, 16], "texture": "#particle"},
				"west": {"uv": [16, 0, 0, 16], "texture": "#particle"},
				"up": {"uv": [16, 0, 0, 16], "texture": "#particle"},
				"down": {"uv": [16, 0, 0, 16], "texture": "#particle"}
			}
		},
		{
			"from": [7.4, 5.87071, 18],
			"to": [7.6, 5.97071, 18.1],
			"rotation": {"angle": 0, "axis": "z", "origin": [7.55, 6.02071, 18.25]},
			"faces": {
				"north": {"uv": [16, 0, 0, 16], "texture": "#particle"},
				"east": {"uv": [16, 0, 0, 16], "texture": "#particle"},
				"south": {"uv": [16, 0, 0, 16], "texture": "#particle"},
				"west": {"uv": [16, 0, 0, 16], "texture": "#particle"},
				"up": {"uv": [16, 0, 0, 16], "texture": "#particle"},
				"down": {"uv": [16, 0, 0, 16], "texture": "#particle"}
			}
		},
		{
			"from": [7.4, 5.87071, 18.3],
			"to": [7.6, 5.97071, 18.4],
			"rotation": {"angle": 0, "axis": "z", "origin": [7.55, 6.02071, 18.55]},
			"faces": {
				"north": {"uv": [16, 0, 0, 16], "texture": "#particle"},
				"east": {"uv": [16, 0, 0, 16], "texture": "#particle"},
				"south": {"uv": [16, 0, 0, 16], "texture": "#particle"},
				"west": {"uv": [16, 0, 0, 16], "texture": "#particle"},
				"up": {"uv": [16, 0, 0, 16], "texture": "#particle"},
				"down": {"uv": [16, 0, 0, 16], "texture": "#particle"}
			}
		},
		{
			"from": [7.4, 5.77071, 18.4],
			"to": [7.6, 5.97071, 18.6],
			"rotation": {"angle": 0, "axis": "z", "origin": [7.55, 6.02071, 18.65]},
			"faces": {
				"north": {"uv": [16, 0, 0, 16], "texture": "#particle"},
				"east": {"uv": [16, 0, 0, 16], "texture": "#particle"},
				"south": {"uv": [16, 0, 0, 16], "texture": "#particle"},
				"west": {"uv": [16, 0, 0, 16], "texture": "#particle"},
				"up": {"uv": [16, 0, 0, 16], "texture": "#particle"},
				"down": {"uv": [16, 0, 0, 16], "texture": "#particle"}
			}
		},
		{
			"from": [7.4, 5.87071, 18.5],
			"to": [7.6, 6.07071, 18.7],
			"rotation": {"angle": 0, "axis": "z", "origin": [7.55, 6.12071, 18.75]},
			"faces": {
				"north": {"uv": [16, 0, 0, 16], "texture": "#particle"},
				"east": {"uv": [16, 0, 0, 16], "texture": "#particle"},
				"south": {"uv": [16, 0, 0, 16], "texture": "#particle"},
				"west": {"uv": [16, 0, 0, 16], "texture": "#particle"},
				"up": {"uv": [16, 0, 0, 16], "texture": "#particle"},
				"down": {"uv": [16, 0, 0, 16], "texture": "#particle"}
			}
		},
		{
			"from": [7.4, 6.07071, 18.5],
			"to": [7.6, 6.37071, 18.6],
			"rotation": {"angle": 0, "axis": "z", "origin": [7.55, 6.32071, 18.75]},
			"faces": {
				"north": {"uv": [16, 0, 0, 16], "texture": "#particle"},
				"east": {"uv": [16, 0, 0, 16], "texture": "#particle"},
				"south": {"uv": [16, 0, 0, 16], "texture": "#particle"},
				"west": {"uv": [16, 0, 0, 16], "texture": "#particle"},
				"up": {"uv": [16, 0, 0, 16], "texture": "#particle"},
				"down": {"uv": [16, 0, 0, 16], "texture": "#particle"}
			}
		},
		{
			"from": [7.4, 6.17071, 18.3],
			"to": [7.6, 6.47071, 18.5],
			"rotation": {"angle": 0, "axis": "z", "origin": [7.55, 6.42071, 18.55]},
			"faces": {
				"north": {"uv": [16, 0, 0, 16], "texture": "#particle"},
				"east": {"uv": [16, 0, 0, 16], "texture": "#particle"},
				"south": {"uv": [16, 0, 0, 16], "texture": "#particle"},
				"west": {"uv": [16, 0, 0, 16], "texture": "#particle"},
				"up": {"uv": [16, 0, 0, 16], "texture": "#particle"},
				"down": {"uv": [16, 0, 0, 16], "texture": "#particle"}
			}
		},
		{
			"from": [7.4, 6.37071, 18.1],
			"to": [7.6, 6.67071, 18.3],
			"rotation": {"angle": 0, "axis": "z", "origin": [7.55, 6.62071, 18.35]},
			"faces": {
				"north": {"uv": [16, 0, 0, 16], "texture": "#particle"},
				"east": {"uv": [16, 0, 0, 16], "texture": "#particle"},
				"south": {"uv": [16, 0, 0, 16], "texture": "#particle"},
				"west": {"uv": [16, 0, 0, 16], "texture": "#particle"},
				"up": {"uv": [16, 0, 0, 16], "texture": "#particle"},
				"down": {"uv": [16, 0, 0, 16], "texture": "#particle"}
			}
		},
		{
			"from": [7.4, 6.57071, 18],
			"to": [7.6, 6.97071, 18.1],
			"rotation": {"angle": 0, "axis": "z", "origin": [7.55, 6.82071, 18.25]},
			"faces": {
				"north": {"uv": [16, 0, 0, 16], "texture": "#particle"},
				"east": {"uv": [16, 0, 0, 16], "texture": "#particle"},
				"south": {"uv": [16, 0, 0, 16], "texture": "#particle"},
				"west": {"uv": [16, 0, 0, 16], "texture": "#particle"},
				"up": {"uv": [16, 0, 0, 16], "texture": "#particle"},
				"down": {"uv": [16, 0, 0, 16], "texture": "#particle"}
			}
		},
		{
			"from": [7.4, 6.77071, 17.9],
			"to": [7.6, 7.17071, 18],
			"rotation": {"angle": 0, "axis": "z", "origin": [7.55, 7.02071, 18.15]},
			"faces": {
				"north": {"uv": [16, 0, 0, 16], "texture": "#particle"},
				"east": {"uv": [16, 0, 0, 16], "texture": "#particle"},
				"south": {"uv": [16, 0, 0, 16], "texture": "#particle"},
				"west": {"uv": [16, 0, 0, 16], "texture": "#particle"},
				"up": {"uv": [16, 0, 0, 16], "texture": "#particle"},
				"down": {"uv": [16, 0, 0, 16], "texture": "#particle"}
			}
		},
		{
			"from": [7.4, 6.97071, 17.8],
			"to": [7.6, 7.57071, 17.9],
			"rotation": {"angle": 0, "axis": "z", "origin": [7.55, 7.22071, 18.05]},
			"faces": {
				"north": {"uv": [16, 0, 0, 16], "texture": "#particle"},
				"east": {"uv": [16, 0, 0, 16], "texture": "#particle"},
				"south": {"uv": [16, 0, 0, 16], "texture": "#particle"},
				"west": {"uv": [16, 0, 0, 16], "texture": "#particle"},
				"up": {"uv": [16, 0, 0, 16], "texture": "#particle"},
				"down": {"uv": [16, 0, 0, 16], "texture": "#particle"}
			}
		},
		{
			"from": [7.4, 7.17071, 17.7],
			"to": [7.6, 7.57071, 17.8],
			"rotation": {"angle": 0, "axis": "z", "origin": [7.55, 7.22071, 17.95]},
			"faces": {
				"north": {"uv": [16, 0, 0, 16], "texture": "#particle"},
				"east": {"uv": [16, 0, 0, 16], "texture": "#particle"},
				"south": {"uv": [16, 0, 0, 16], "texture": "#particle"},
				"west": {"uv": [16, 0, 0, 16], "texture": "#particle"},
				"up": {"uv": [16, 0, 0, 16], "texture": "#particle"},
				"down": {"uv": [16, 0, 0, 16], "texture": "#particle"}
			}
		},
		{
			"from": [7.4, 6.67071, 18.1],
			"to": [7.6, 6.87071, 18.2],
			"rotation": {"angle": 0, "axis": "z", "origin": [7.55, 6.92071, 18.35]},
			"faces": {
				"north": {"uv": [16, 0, 0, 16], "texture": "#particle"},
				"east": {"uv": [16, 0, 0, 16], "texture": "#particle"},
				"south": {"uv": [16, 0, 0, 16], "texture": "#particle"},
				"west": {"uv": [16, 0, 0, 16], "texture": "#particle"},
				"up": {"uv": [16, 0, 0, 16], "texture": "#particle"},
				"down": {"uv": [16, 0, 0, 16], "texture": "#particle"}
			}
		},
		{
			"from": [7.4, 6.47071, 18.3],
			"to": [7.6, 6.57071, 18.4],
			"rotation": {"angle": 0, "axis": "z", "origin": [7.55, 6.72071, 18.55]},
			"faces": {
				"north": {"uv": [16, 0, 0, 16], "texture": "#particle"},
				"east": {"uv": [16, 0, 0, 16], "texture": "#particle"},
				"south": {"uv": [16, 0, 0, 16], "texture": "#particle"},
				"west": {"uv": [16, 0, 0, 16], "texture": "#particle"},
				"up": {"uv": [16, 0, 0, 16], "texture": "#particle"},
				"down": {"uv": [16, 0, 0, 16], "texture": "#particle"}
			}
		},
		{
			"from": [7.4, 5.97071, 17.5],
			"to": [7.6, 6.07071, 17.6],
			"rotation": {"angle": 0, "axis": "z", "origin": [7.55, 6.12071, 17.75]},
			"faces": {
				"north": {"uv": [16, 0, 0, 16], "texture": "#particle"},
				"east": {"uv": [16, 0, 0, 16], "texture": "#particle"},
				"south": {"uv": [16, 0, 0, 16], "texture": "#particle"},
				"west": {"uv": [16, 0, 0, 16], "texture": "#particle"},
				"up": {"uv": [16, 0, 0, 16], "texture": "#particle"},
				"down": {"uv": [16, 0, 0, 16], "texture": "#particle"}
			}
		},
		{
			"from": [7.4, 6.17071, 17.4],
			"to": [7.6, 6.27071, 17.5],
			"rotation": {"angle": 0, "axis": "z", "origin": [7.55, 6.32071, 17.65]},
			"faces": {
				"north": {"uv": [16, 0, 0, 16], "texture": "#particle"},
				"east": {"uv": [16, 0, 0, 16], "texture": "#particle"},
				"south": {"uv": [16, 0, 0, 16], "texture": "#particle"},
				"west": {"uv": [16, 0, 0, 16], "texture": "#particle"},
				"up": {"uv": [16, 0, 0, 16], "texture": "#particle"},
				"down": {"uv": [16, 0, 0, 16], "texture": "#particle"}
			}
		},
		{
			"from": [7.4, 8.17071, 16.3],
			"to": [7.6, 8.47071, 18],
			"rotation": {"angle": 0, "axis": "z", "origin": [7.55, 8.42071, 17.55]},
			"faces": {
				"north": {"uv": [16, 0, 0, 16], "texture": "#1"},
				"east": {"uv": [16, 0, 0, 16], "texture": "#1"},
				"south": {"uv": [16, 0, 0, 16], "texture": "#1"},
				"west": {"uv": [16, 0, 0, 16], "texture": "#1"},
				"up": {"uv": [16, 0, 0, 16], "texture": "#1"},
				"down": {"uv": [16, 0, 0, 16], "texture": "#1"}
			}
		},
		{
			"from": [7.3, 8.27071, 16.3],
			"to": [7.7, 8.37071, 17.2],
			"rotation": {"angle": 0, "axis": "z", "origin": [7.55, 8.42071, 17.55]},
			"faces": {
				"north": {"uv": [16, 0, 0, 16], "texture": "#2"},
				"east": {"uv": [16, 0, 0, 16], "texture": "#2"},
				"south": {"uv": [16, 0, 0, 16], "texture": "#2"},
				"west": {"uv": [16, 0, 0, 16], "texture": "#2"},
				"up": {"uv": [16, 0, 0, 16], "texture": "#2"},
				"down": {"uv": [16, 0, 0, 16], "texture": "#2"}
			}
		},
		{
			"from": [7.25, 8.27071, 17.4],
			"to": [7.45, 8.57071, 17.7],
			"rotation": {"angle": -45, "axis": "x", "origin": [7.5, 8.42071, 17.55]},
			"faces": {
				"north": {"uv": [16, 0, 0, 16], "texture": "#2"},
				"east": {"uv": [16, 0, 0, 16], "texture": "#2"},
				"south": {"uv": [16, 0, 0, 16], "texture": "#2"},
				"west": {"uv": [16, 0, 0, 16], "texture": "#2"},
				"up": {"uv": [16, 0, 0, 16], "texture": "#2"},
				"down": {"uv": [16, 0, 0, 16], "texture": "#2"}
			}
		},
		{
			"from": [7.55, 8.27071, 17.4],
			"to": [7.75, 8.57071, 17.7],
			"rotation": {"angle": -45, "axis": "x", "origin": [7.8, 8.42071, 17.55]},
			"faces": {
				"north": {"uv": [16, 0, 0, 16], "texture": "#2"},
				"east": {"uv": [16, 0, 0, 16], "texture": "#2"},
				"south": {"uv": [16, 0, 0, 16], "texture": "#2"},
				"west": {"uv": [16, 0, 0, 16], "texture": "#2"},
				"up": {"uv": [16, 0, 0, 16], "texture": "#2"},
				"down": {"uv": [16, 0, 0, 16], "texture": "#2"}
			}
		},
		{
			"from": [7.3, 7.97071, 18.3],
			"to": [7.7, 8.37071, 18.4],
			"rotation": {"angle": 0, "axis": "z", "origin": [7.55, 8.02071, 18.15]},
			"faces": {
				"north": {"uv": [16, 0, 0, 16], "texture": "#3"},
				"east": {"uv": [16, 0, 0, 16], "texture": "#3"},
				"south": {"uv": [16, 0, 0, 16], "texture": "#3"},
				"west": {"uv": [16, 0, 0, 16], "texture": "#3"},
				"up": {"uv": [16, 0, 0, 16], "texture": "#3"},
				"down": {"uv": [16, 0, 0, 16], "texture": "#3"}
			}
		},
		{
			"from": [7.3, 7.97071, 18.2],
			"to": [7.7, 8.47071, 18.3],
			"rotation": {"angle": 0, "axis": "z", "origin": [7.55, 8.02071, 18.05]},
			"faces": {
				"north": {"uv": [16, 0, 0, 16], "texture": "#3"},
				"east": {"uv": [16, 0, 0, 16], "texture": "#3"},
				"south": {"uv": [16, 0, 0, 16], "texture": "#3"},
				"west": {"uv": [16, 0, 0, 16], "texture": "#3"},
				"up": {"uv": [16, 0, 0, 16], "texture": "#3"},
				"down": {"uv": [16, 0, 0, 16], "texture": "#3"}
			}
		},
		{
			"from": [7.3, 7.87071, 18.1],
			"to": [7.7, 8.47071, 18.2],
			"rotation": {"angle": 0, "axis": "z", "origin": [7.55, 8.02071, 17.95]},
			"faces": {
				"north": {"uv": [16, 0, 0, 16], "texture": "#3"},
				"east": {"uv": [16, 0, 0, 16], "texture": "#3"},
				"south": {"uv": [16, 0, 0, 16], "texture": "#3"},
				"west": {"uv": [16, 0, 0, 16], "texture": "#3"},
				"up": {"uv": [16, 0, 0, 16], "texture": "#3"},
				"down": {"uv": [16, 0, 0, 16], "texture": "#3"}
			}
		},
		{
			"from": [7.3, 7.87071, 18],
			"to": [7.7, 8.37071, 18.1],
			"rotation": {"angle": 0, "axis": "z", "origin": [7.55, 7.92071, 17.85]},
			"faces": {
				"north": {"uv": [16, 0, 0, 16], "texture": "#3"},
				"east": {"uv": [16, 0, 0, 16], "texture": "#3"},
				"south": {"uv": [16, 0, 0, 16], "texture": "#3"},
				"west": {"uv": [16, 0, 0, 16], "texture": "#3"},
				"up": {"uv": [16, 0, 0, 16], "texture": "#3"},
				"down": {"uv": [16, 0, 0, 16], "texture": "#3"}
			}
		},
		{
			"from": [7.3, 7.77071, 17.9],
			"to": [7.7, 8.27071, 18],
			"rotation": {"angle": 0, "axis": "z", "origin": [7.55, 7.82071, 17.75]},
			"faces": {
				"north": {"uv": [16, 0, 0, 16], "texture": "#3"},
				"east": {"uv": [16, 0, 0, 16], "texture": "#3"},
				"south": {"uv": [16, 0, 0, 16], "texture": "#3"},
				"west": {"uv": [16, 0, 0, 16], "texture": "#3"},
				"up": {"uv": [16, 0, 0, 16], "texture": "#3"},
				"down": {"uv": [16, 0, 0, 16], "texture": "#3"}
			}
		},
		{
			"from": [7.4, 7.57071, 17.9],
			"to": [7.6, 7.77071, 18],
			"rotation": {"angle": 0, "axis": "z", "origin": [7.55, 7.32071, 17.75]},
			"faces": {
				"north": {"uv": [16, 0, 0, 16], "texture": "#3"},
				"east": {"uv": [16, 0, 0, 16], "texture": "#3"},
				"south": {"uv": [16, 0, 0, 16], "texture": "#3"},
				"west": {"uv": [16, 0, 0, 16], "texture": "#3"},
				"up": {"uv": [16, 0, 0, 16], "texture": "#3"},
				"down": {"uv": [16, 0, 0, 16], "texture": "#3"}
			}
		},
		{
			"from": [7.4, 7.67071, 18],
			"to": [7.6, 7.87071, 18.1],
			"rotation": {"angle": 0, "axis": "z", "origin": [7.55, 7.42071, 17.85]},
			"faces": {
				"north": {"uv": [16, 0, 0, 16], "texture": "#3"},
				"east": {"uv": [16, 0, 0, 16], "texture": "#3"},
				"south": {"uv": [16, 0, 0, 16], "texture": "#3"},
				"west": {"uv": [16, 0, 0, 16], "texture": "#3"},
				"up": {"uv": [16, 0, 0, 16], "texture": "#3"},
				"down": {"uv": [16, 0, 0, 16], "texture": "#3"}
			}
		},
		{
			"from": [7.4, 7.77071, 18.1],
			"to": [7.6, 7.87071, 18.2],
			"rotation": {"angle": 0, "axis": "z", "origin": [7.55, 7.42071, 17.95]},
			"faces": {
				"north": {"uv": [16, 0, 0, 16], "texture": "#3"},
				"east": {"uv": [16, 0, 0, 16], "texture": "#3"},
				"south": {"uv": [16, 0, 0, 16], "texture": "#3"},
				"west": {"uv": [16, 0, 0, 16], "texture": "#3"},
				"up": {"uv": [16, 0, 0, 16], "texture": "#3"},
				"down": {"uv": [16, 0, 0, 16], "texture": "#3"}
			}
		},
		{
			"from": [7.4, 7.77071, 18.2],
			"to": [7.6, 7.97071, 18.4],
			"rotation": {"angle": 0, "axis": "z", "origin": [7.55, 7.42071, 18.05]},
			"faces": {
				"north": {"uv": [16, 0, 0, 16], "texture": "#3"},
				"east": {"uv": [16, 0, 0, 16], "texture": "#3"},
				"south": {"uv": [16, 0, 0, 16], "texture": "#3"},
				"west": {"uv": [16, 0, 0, 16], "texture": "#3"},
				"up": {"uv": [16, 0, 0, 16], "texture": "#3"},
				"down": {"uv": [16, 0, 0, 16], "texture": "#3"}
			}
		},
		{
			"from": [7.4, 7.57071, 17.8],
			"to": [7.6, 7.67071, 17.9],
			"rotation": {"angle": 0, "axis": "z", "origin": [7.55, 7.32071, 17.65]},
			"faces": {
				"north": {"uv": [16, 0, 0, 16], "texture": "#3"},
				"east": {"uv": [16, 0, 0, 16], "texture": "#3"},
				"south": {"uv": [16, 0, 0, 16], "texture": "#3"},
				"west": {"uv": [16, 0, 0, 16], "texture": "#3"},
				"up": {"uv": [16, 0, 0, 16], "texture": "#3"},
				"down": {"uv": [16, 0, 0, 16], "texture": "#3"}
			}
		},
		{
			"from": [7.3, 7.67071, 17.8],
			"to": [7.7, 8.17071, 17.9],
			"rotation": {"angle": 0, "axis": "z", "origin": [7.55, 7.72071, 17.65]},
			"faces": {
				"north": {"uv": [16, 0, 0, 16], "texture": "#1"},
				"east": {"uv": [16, 0, 0, 16], "texture": "#1"},
				"south": {"uv": [16, 0, 0, 16], "texture": "#1"},
				"west": {"uv": [16, 0, 0, 16], "texture": "#1"},
				"up": {"uv": [16, 0, 0, 16], "texture": "#1"},
				"down": {"uv": [16, 0, 0, 16], "texture": "#1"}
			}
		},
		{
			"from": [7.45, 8.05, 13.5],
			"to": [7.7, 8.3, 13.8],
			"rotation": {"angle": 45, "axis": "z", "origin": [7.5, 8.1, 7.25]},
			"faces": {
				"north": {"uv": [16, 0, 0, 16], "texture": "#4"},
				"east": {"uv": [16, 0, 0, 16], "texture": "#2"},
				"south": {"uv": [16, 0, 0, 16], "texture": "#2"},
				"west": {"uv": [16, 0, 0, 16], "texture": "#2"},
				"up": {"uv": [16, 0, 0, 16], "texture": "#2"},
				"down": {"uv": [16, 0, 0, 16], "texture": "#2"}
			}
		},
		{
			"from": [7.475, 8.28107, 13.6],
			"to": [7.525, 8.53107, 13.8],
			"rotation": {"angle": 0, "axis": "z", "origin": [7.5, 8.40607, 13.65]},
			"faces": {
				"north": {"uv": [16, 0, 0, 16], "texture": "#2"},
				"east": {"uv": [16, 0, 0, 16], "texture": "#2"},
				"south": {"uv": [16, 0, 0, 16], "texture": "#2"},
				"west": {"uv": [16, 0, 0, 16], "texture": "#2"},
				"up": {"uv": [16, 0, 0, 16], "texture": "#2"},
				"down": {"uv": [16, 0, 0, 16], "texture": "#2"}
			}
		}
	],
	"display": {
		"thirdperson_righthand": {
			"rotation": [5, -17, 0],
			"translation": [2.75, 1.35, -8.25],
			"scale": [1.01, 1.01, 1.01]
		},
		"thirdperson_lefthand": {
			"rotation": [5, -17, 0],
			"translation": [2, 1.35, -8.5],
			"scale": [1.01, 1.01, 1.01]
		},
		"firstperson_righthand": {
			"rotation": [0, -10, 0],
			"translation": [3.25, 16.65, -1]
		},
		"firstperson_lefthand": {
			"rotation": [0, -9.9, 0],
			"translation": [3.25, 6.65, -1]
		},
		"ground": {
			"rotation": [0, 0, 90],
			"translation": [0, -3, -8.25]
		},
		"gui": {
			"rotation": [90, 45, -90],
			"translation": [-14, 16.75, 0],
			"scale": [1, 2.5, 2.5]
		},
		"fixed": {
			"rotation": [90, 90, -90],
			"translation": [-17.75, 0, -1.75],
			"scale": [2, 2, 2]
		}
	},
	"groups": [0, 1, 2, 3, 4, 5, 6, 7, 8, 9, 10, 11, 12, 13, 14, 15, 16, 17, 18, 19, 20, 21, 22, 23, 24, 25, 26, 27, 28, 29, 30, 31, 32, 33, 34, 35, 36, 37, 38, 39, 40, 41, 42, 43, 44, 45, 46, 47, 48, 49, 50, 51, 52, 53, 54, 55, 56, 57, 58, 59, 60, 61, 62, 63, 64, 65, 66, 67, 68, 69, 70, 71, 72, 73, 74, 75, 76, 77, 78, 79, 80, 81, 82, 83, 84, 85, 86, 87, 88, 89, 90, 91, 92,
		{
			"name": "steyr1895",
			"origin": [8, 8, 8],
			"children": []
		}
	]
}