{
	"credit": "Made with Blockbench",
	"textures": {
		"1": "blocks/greyf",
		"2": "blocks/greyd",
		"3": "blocks/greyc",
		"4": "blocks/black",
		"particle": "blocks/brown"
	},
	"elements": [
		{
			"from": [7.35, 8.92071, 11.8],
			"to": [7.65, 9.12071, 15.4],
			"rotation": {"angle": 0, "axis": "z", "origin": [7.5, 9.07071, 12.55]},
			"faces": {
				"north": {"uv": [16, 0, 0, 16], "texture": "#4"},
				"east": {"uv": [16, 0, 0, 16], "texture": "#2"},
				"south": {"uv": [16, 0, 0, 16], "texture": "#2"},
				"west": {"uv": [16, 0, 0, 16], "texture": "#2"},
				"up": {"uv": [16, 0, 0, 16], "texture": "#2"},
				"down": {"uv": [16, 0, 0, 16], "texture": "#2"}
			}
		},
		{
			"from": [7.35, 9.12071, 15],
			"to": [7.65, 9.32071, 15.4],
			"rotation": {"angle": 0, "axis": "z", "origin": [7.5, 9.27071, 12.55]},
			"faces": {
				"north": {"uv": [16, 0, 0, 16], "texture": "#2"},
				"east": {"uv": [16, 0, 0, 16], "texture": "#2"},
				"south": {"uv": [16, 0, 0, 16], "texture": "#2"},
				"west": {"uv": [16, 0, 0, 16], "texture": "#2"},
				"up": {"uv": [16, 0, 0, 16], "texture": "#2"},
				"down": {"uv": [16, 0, 0, 16], "texture": "#2"}
			}
		},
		{
			"from": [7.35, 9.22071, 15.4],
			"to": [7.65, 9.42071, 16.6],
			"rotation": {"angle": 0, "axis": "z", "origin": [7.5, 9.37071, 12.95]},
			"faces": {
				"north": {"uv": [16, 0, 0, 16], "texture": "#2"},
				"east": {"uv": [16, 0, 0, 16], "texture": "#2"},
				"south": {"uv": [16, 0, 0, 16], "texture": "#2"},
				"west": {"uv": [16, 0, 0, 16], "texture": "#2"},
				"up": {"uv": [16, 0, 0, 16], "texture": "#2"},
				"down": {"uv": [16, 0, 0, 16], "texture": "#2"}
			}
		},
		{
			"from": [7.35, 7.82071, 16.55],
			"to": [7.65, 8.42071, 17.45],
			"rotation": {"angle": 0, "axis": "z", "origin": [7.5, 8.37071, 13.85]},
			"faces": {
				"north": {"uv": [16, 0, 0, 16], "texture": "#2"},
				"east": {"uv": [16, 0, 0, 16], "texture": "#2"},
				"south": {"uv": [16, 0, 0, 16], "texture": "#2"},
				"west": {"uv": [16, 0, 0, 16], "texture": "#2"},
				"up": {"uv": [16, 0, 0, 16], "texture": "#2"},
				"down": {"uv": [16, 0, 0, 16], "texture": "#2"}
			}
		},
		{
			"from": [7.35, 7.22071, 17.45],
			"to": [7.65, 8.42071, 17.9],
			"rotation": {"angle": 0, "axis": "z", "origin": [7.5, 8.37071, 14.25]},
			"faces": {
				"north": {"uv": [16, 0, 0, 16], "texture": "#2"},
				"east": {"uv": [16, 0, 0, 16], "texture": "#2"},
				"south": {"uv": [16, 0, 0, 16], "texture": "#2"},
				"west": {"uv": [16, 0, 0, 16], "texture": "#2"},
				"up": {"uv": [16, 0, 0, 16], "texture": "#2"},
				"down": {"uv": [16, 0, 0, 16], "texture": "#2"}
			}
		},
		{
			"from": [7.65, 7.22071, 17.45],
			"to": [7.75, 8.32071, 17.9],
			"rotation": {"angle": 0, "axis": "z", "origin": [7.5, 8.37071, 14.25]},
			"faces": {
				"north": {"uv": [16, 0, 0, 16], "texture": "#particle"},
				"east": {"uv": [16, 0, 0, 16], "texture": "#particle"},
				"south": {"uv": [16, 0, 0, 16], "texture": "#particle"},
				"west": {"uv": [16, 0, 0, 16], "texture": "#particle"},
				"up": {"uv": [16, 0, 0, 16], "texture": "#particle"},
				"down": {"uv": [16, 0, 0, 16], "texture": "#particle"}
			}
		},
		{
			"from": [7.25, 7.22071, 17.45],
			"to": [7.35, 8.32071, 17.9],
			"rotation": {"angle": 0, "axis": "z", "origin": [7.1, 8.37071, 14.25]},
			"faces": {
				"north": {"uv": [16, 0, 0, 16], "texture": "#particle"},
				"east": {"uv": [16, 0, 0, 16], "texture": "#particle"},
				"south": {"uv": [16, 0, 0, 16], "texture": "#particle"},
				"west": {"uv": [16, 0, 0, 16], "texture": "#particle"},
				"up": {"uv": [16, 0, 0, 16], "texture": "#particle"},
				"down": {"uv": [16, 0, 0, 16], "texture": "#particle"}
			}
		},
		{
			"from": [7.35, 6.12071, 17.9],
			"to": [7.65, 8.32071, 18.05],
			"rotation": {"angle": 0, "axis": "z", "origin": [7.5, 8.27071, 14.7]},
			"faces": {
				"north": {"uv": [16, 0, 0, 16], "texture": "#2"},
				"east": {"uv": [16, 0, 0, 16], "texture": "#2"},
				"south": {"uv": [16, 0, 0, 16], "texture": "#2"},
				"west": {"uv": [16, 0, 0, 16], "texture": "#2"},
				"up": {"uv": [16, 0, 0, 16], "texture": "#2"},
				"down": {"uv": [16, 0, 0, 16], "texture": "#2"}
			}
		},
		{
			"from": [7.65, 6.12071, 17.9],
			"to": [7.75, 8.12071, 18.05],
			"rotation": {"angle": 0, "axis": "z", "origin": [7.5, 8.27071, 14.7]},
			"faces": {
				"north": {"uv": [16, 0, 0, 16], "texture": "#particle"},
				"east": {"uv": [16, 0, 0, 16], "texture": "#particle"},
				"south": {"uv": [16, 0, 0, 16], "texture": "#particle"},
				"west": {"uv": [16, 0, 0, 16], "texture": "#particle"},
				"up": {"uv": [16, 0, 0, 16], "texture": "#particle"},
				"down": {"uv": [16, 0, 0, 16], "texture": "#particle"}
			}
		},
		{
			"from": [7.25, 6.12071, 17.9],
			"to": [7.35, 8.12071, 18.05],
			"rotation": {"angle": 0, "axis": "z", "origin": [7.1, 8.27071, 14.7]},
			"faces": {
				"north": {"uv": [16, 0, 0, 16], "texture": "#particle"},
				"east": {"uv": [16, 0, 0, 16], "texture": "#particle"},
				"south": {"uv": [16, 0, 0, 16], "texture": "#particle"},
				"west": {"uv": [16, 0, 0, 16], "texture": "#particle"},
				"up": {"uv": [16, 0, 0, 16], "texture": "#particle"},
				"down": {"uv": [16, 0, 0, 16], "texture": "#particle"}
			}
		},
		{
			"from": [7.35, 6.12071, 17.65],
			"to": [7.65, 7.22071, 17.9],
			"rotation": {"angle": 0, "axis": "z", "origin": [7.5, 8.27071, 14.55]},
			"faces": {
				"north": {"uv": [16, 0, 0, 16], "texture": "#2"},
				"east": {"uv": [16, 0, 0, 16], "texture": "#2"},
				"south": {"uv": [16, 0, 0, 16], "texture": "#2"},
				"west": {"uv": [16, 0, 0, 16], "texture": "#2"},
				"up": {"uv": [16, 0, 0, 16], "texture": "#2"},
				"down": {"uv": [16, 0, 0, 16], "texture": "#2"}
			}
		},
		{
			"from": [7.65, 6.12071, 17.75],
			"to": [7.75, 7.22071, 17.9],
			"rotation": {"angle": 0, "axis": "z", "origin": [7.5, 8.27071, 14.55]},
			"faces": {
				"north": {"uv": [16, 0, 0, 16], "texture": "#particle"},
				"east": {"uv": [16, 0, 0, 16], "texture": "#particle"},
				"south": {"uv": [16, 0, 0, 16], "texture": "#particle"},
				"west": {"uv": [16, 0, 0, 16], "texture": "#particle"},
				"up": {"uv": [16, 0, 0, 16], "texture": "#particle"},
				"down": {"uv": [16, 0, 0, 16], "texture": "#particle"}
			}
		},
		{
			"from": [7.25, 6.12071, 17.75],
			"to": [7.35, 7.22071, 17.9],
			"rotation": {"angle": 0, "axis": "z", "origin": [7.1, 8.27071, 14.55]},
			"faces": {
				"north": {"uv": [16, 0, 0, 16], "texture": "#particle"},
				"east": {"uv": [16, 0, 0, 16], "texture": "#particle"},
				"south": {"uv": [16, 0, 0, 16], "texture": "#particle"},
				"west": {"uv": [16, 0, 0, 16], "texture": "#particle"},
				"up": {"uv": [16, 0, 0, 16], "texture": "#particle"},
				"down": {"uv": [16, 0, 0, 16], "texture": "#particle"}
			}
		},
		{
			"from": [7.35, 7.02071, 17.5],
			"to": [7.65, 7.22071, 17.65],
			"rotation": {"angle": 0, "axis": "z", "origin": [7.5, 8.27071, 14.3]},
			"faces": {
				"north": {"uv": [16, 0, 0, 16], "texture": "#2"},
				"east": {"uv": [16, 0, 0, 16], "texture": "#2"},
				"south": {"uv": [16, 0, 0, 16], "texture": "#2"},
				"west": {"uv": [16, 0, 0, 16], "texture": "#2"},
				"up": {"uv": [16, 0, 0, 16], "texture": "#2"},
				"down": {"uv": [16, 0, 0, 16], "texture": "#2"}
			}
		},
		{
			"from": [7.65, 7.02071, 17.6],
			"to": [7.75, 7.22071, 17.75],
			"rotation": {"angle": 0, "axis": "z", "origin": [7.5, 8.27071, 14.4]},
			"faces": {
				"north": {"uv": [16, 0, 0, 16], "texture": "#particle"},
				"east": {"uv": [16, 0, 0, 16], "texture": "#particle"},
				"south": {"uv": [16, 0, 0, 16], "texture": "#particle"},
				"west": {"uv": [16, 0, 0, 16], "texture": "#particle"},
				"up": {"uv": [16, 0, 0, 16], "texture": "#particle"},
				"down": {"uv": [16, 0, 0, 16], "texture": "#particle"}
			}
		},
		{
			"from": [7.2, 7.02071, 17.9],
			"to": [7.8, 7.27071, 18.15],
			"rotation": {"angle": 0, "axis": "z", "origin": [7.5, 8.27071, 14.7]},
			"faces": {
				"north": {"uv": [16, 0, 0, 16], "texture": "#1"},
				"east": {"uv": [16, 0, 0, 16], "texture": "#1"},
				"south": {"uv": [16, 0, 0, 16], "texture": "#1"},
				"west": {"uv": [16, 0, 0, 16], "texture": "#1"},
				"up": {"uv": [16, 0, 0, 16], "texture": "#1"},
				"down": {"uv": [16, 0, 0, 16], "texture": "#1"}
			}
		},
		{
			"from": [7.25, 7.02071, 17.6],
			"to": [7.35, 7.22071, 17.75],
			"rotation": {"angle": 0, "axis": "z", "origin": [7.1, 8.27071, 14.4]},
			"faces": {
				"north": {"uv": [16, 0, 0, 16], "texture": "#particle"},
				"east": {"uv": [16, 0, 0, 16], "texture": "#particle"},
				"south": {"uv": [16, 0, 0, 16], "texture": "#particle"},
				"west": {"uv": [16, 0, 0, 16], "texture": "#particle"},
				"up": {"uv": [16, 0, 0, 16], "texture": "#particle"},
				"down": {"uv": [16, 0, 0, 16], "texture": "#particle"}
			}
		},
		{
			"from": [7.35, 7.32071, 17.3],
			"to": [7.65, 7.52071, 17.45],
			"rotation": {"angle": 0, "axis": "z", "origin": [7.5, 8.57071, 14.1]},
			"faces": {
				"north": {"uv": [16, 0, 0, 16], "texture": "#2"},
				"east": {"uv": [16, 0, 0, 16], "texture": "#2"},
				"south": {"uv": [16, 0, 0, 16], "texture": "#2"},
				"west": {"uv": [16, 0, 0, 16], "texture": "#2"},
				"up": {"uv": [16, 0, 0, 16], "texture": "#2"},
				"down": {"uv": [16, 0, 0, 16], "texture": "#2"}
			}
		},
		{
			"from": [7.65, 7.32071, 17.3],
			"to": [7.75, 7.52071, 17.45],
			"rotation": {"angle": 0, "axis": "z", "origin": [7.5, 8.57071, 14.1]},
			"faces": {
				"north": {"uv": [16, 0, 0, 16], "texture": "#particle"},
				"east": {"uv": [16, 0, 0, 16], "texture": "#particle"},
				"south": {"uv": [16, 0, 0, 16], "texture": "#particle"},
				"west": {"uv": [16, 0, 0, 16], "texture": "#particle"},
				"up": {"uv": [16, 0, 0, 16], "texture": "#particle"},
				"down": {"uv": [16, 0, 0, 16], "texture": "#particle"}
			}
		},
		{
			"from": [7.25, 7.32071, 17.3],
			"to": [7.35, 7.52071, 17.45],
			"rotation": {"angle": 0, "axis": "z", "origin": [7.1, 8.57071, 14.1]},
			"faces": {
				"north": {"uv": [16, 0, 0, 16], "texture": "#particle"},
				"east": {"uv": [16, 0, 0, 16], "texture": "#particle"},
				"south": {"uv": [16, 0, 0, 16], "texture": "#particle"},
				"west": {"uv": [16, 0, 0, 16], "texture": "#particle"},
				"up": {"uv": [16, 0, 0, 16], "texture": "#particle"},
				"down": {"uv": [16, 0, 0, 16], "texture": "#particle"}
			}
		},
		{
			"from": [7.35, 6.12071, 18.05],
			"to": [7.65, 7.82071, 18.2],
			"rotation": {"angle": 0, "axis": "z", "origin": [7.5, 7.77071, 14.85]},
			"faces": {
				"north": {"uv": [16, 0, 0, 16], "texture": "#2"},
				"east": {"uv": [16, 0, 0, 16], "texture": "#2"},
				"south": {"uv": [16, 0, 0, 16], "texture": "#2"},
				"west": {"uv": [16, 0, 0, 16], "texture": "#2"},
				"up": {"uv": [16, 0, 0, 16], "texture": "#2"},
				"down": {"uv": [16, 0, 0, 16], "texture": "#2"}
			}
		},
		{
			"from": [7.65, 6.12071, 18.05],
			"to": [7.75, 7.62071, 18.2],
			"rotation": {"angle": 0, "axis": "z", "origin": [7.5, 7.77071, 14.85]},
			"faces": {
				"north": {"uv": [16, 0, 0, 16], "texture": "#particle"},
				"east": {"uv": [16, 0, 0, 16], "texture": "#particle"},
				"south": {"uv": [16, 0, 0, 16], "texture": "#particle"},
				"west": {"uv": [16, 0, 0, 16], "texture": "#particle"},
				"up": {"uv": [16, 0, 0, 16], "texture": "#particle"},
				"down": {"uv": [16, 0, 0, 16], "texture": "#particle"}
			}
		},
		{
			"from": [7.25, 6.12071, 18.05],
			"to": [7.35, 7.62071, 18.2],
			"rotation": {"angle": 0, "axis": "z", "origin": [7.1, 7.77071, 14.85]},
			"faces": {
				"north": {"uv": [16, 0, 0, 16], "texture": "#particle"},
				"east": {"uv": [16, 0, 0, 16], "texture": "#particle"},
				"south": {"uv": [16, 0, 0, 16], "texture": "#particle"},
				"west": {"uv": [16, 0, 0, 16], "texture": "#particle"},
				"up": {"uv": [16, 0, 0, 16], "texture": "#particle"},
				"down": {"uv": [16, 0, 0, 16], "texture": "#particle"}
			}
		},
		{
			"from": [7.35, 6.12071, 18.2],
			"to": [7.65, 7.52071, 18.35],
			"rotation": {"angle": 0, "axis": "z", "origin": [7.5, 7.77071, 15]},
			"faces": {
				"north": {"uv": [16, 0, 0, 16], "texture": "#2"},
				"east": {"uv": [16, 0, 0, 16], "texture": "#2"},
				"south": {"uv": [16, 0, 0, 16], "texture": "#2"},
				"west": {"uv": [16, 0, 0, 16], "texture": "#2"},
				"up": {"uv": [16, 0, 0, 16], "texture": "#2"},
				"down": {"uv": [16, 0, 0, 16], "texture": "#2"}
			}
		},
		{
			"from": [7.65, 6.12071, 18.2],
			"to": [7.75, 7.32071, 18.35],
			"rotation": {"angle": 0, "axis": "z", "origin": [7.5, 7.77071, 15]},
			"faces": {
				"north": {"uv": [16, 0, 0, 16], "texture": "#particle"},
				"east": {"uv": [16, 0, 0, 16], "texture": "#particle"},
				"south": {"uv": [16, 0, 0, 16], "texture": "#particle"},
				"west": {"uv": [16, 0, 0, 16], "texture": "#particle"},
				"up": {"uv": [16, 0, 0, 16], "texture": "#particle"},
				"down": {"uv": [16, 0, 0, 16], "texture": "#particle"}
			}
		},
		{
			"from": [7.25, 6.12071, 18.2],
			"to": [7.35, 7.32071, 18.35],
			"rotation": {"angle": 0, "axis": "z", "origin": [7.1, 7.77071, 15]},
			"faces": {
				"north": {"uv": [16, 0, 0, 16], "texture": "#particle"},
				"east": {"uv": [16, 0, 0, 16], "texture": "#particle"},
				"south": {"uv": [16, 0, 0, 16], "texture": "#particle"},
				"west": {"uv": [16, 0, 0, 16], "texture": "#particle"},
				"up": {"uv": [16, 0, 0, 16], "texture": "#particle"},
				"down": {"uv": [16, 0, 0, 16], "texture": "#particle"}
			}
		},
		{
			"from": [7.35, 6.12071, 18.35],
			"to": [7.65, 7.32071, 18.5],
			"rotation": {"angle": 0, "axis": "z", "origin": [7.5, 7.77071, 15.15]},
			"faces": {
				"north": {"uv": [16, 0, 0, 16], "texture": "#2"},
				"east": {"uv": [16, 0, 0, 16], "texture": "#2"},
				"south": {"uv": [16, 0, 0, 16], "texture": "#2"},
				"west": {"uv": [16, 0, 0, 16], "texture": "#2"},
				"up": {"uv": [16, 0, 0, 16], "texture": "#2"},
				"down": {"uv": [16, 0, 0, 16], "texture": "#2"}
			}
		},
		{
			"from": [7.65, 6.12071, 18.35],
			"to": [7.75, 7.12071, 18.5],
			"rotation": {"angle": 0, "axis": "z", "origin": [7.5, 7.77071, 15.15]},
			"faces": {
				"north": {"uv": [16, 0, 0, 16], "texture": "#particle"},
				"east": {"uv": [16, 0, 0, 16], "texture": "#particle"},
				"south": {"uv": [16, 0, 0, 16], "texture": "#particle"},
				"west": {"uv": [16, 0, 0, 16], "texture": "#particle"},
				"up": {"uv": [16, 0, 0, 16], "texture": "#particle"},
				"down": {"uv": [16, 0, 0, 16], "texture": "#particle"}
			}
		},
		{
			"from": [7.25, 6.12071, 18.35],
			"to": [7.35, 7.12071, 18.5],
			"rotation": {"angle": 0, "axis": "z", "origin": [7.1, 7.77071, 15.15]},
			"faces": {
				"north": {"uv": [16, 0, 0, 16], "texture": "#particle"},
				"east": {"uv": [16, 0, 0, 16], "texture": "#particle"},
				"south": {"uv": [16, 0, 0, 16], "texture": "#particle"},
				"west": {"uv": [16, 0, 0, 16], "texture": "#particle"},
				"up": {"uv": [16, 0, 0, 16], "texture": "#particle"},
				"down": {"uv": [16, 0, 0, 16], "texture": "#particle"}
			}
		},
		{
			"from": [7.35, 6.12071, 18.5],
			"to": [7.65, 7.02071, 18.65],
			"rotation": {"angle": 0, "axis": "z", "origin": [7.5, 7.77071, 15.3]},
			"faces": {
				"north": {"uv": [16, 0, 0, 16], "texture": "#2"},
				"east": {"uv": [16, 0, 0, 16], "texture": "#2"},
				"south": {"uv": [16, 0, 0, 16], "texture": "#2"},
				"west": {"uv": [16, 0, 0, 16], "texture": "#2"},
				"up": {"uv": [16, 0, 0, 16], "texture": "#2"},
				"down": {"uv": [16, 0, 0, 16], "texture": "#2"}
			}
		},
		{
			"from": [7.65, 6.12071, 18.5],
			"to": [7.75, 6.82071, 18.65],
			"rotation": {"angle": 0, "axis": "z", "origin": [7.5, 7.77071, 15.3]},
			"faces": {
				"north": {"uv": [16, 0, 0, 16], "texture": "#particle"},
				"east": {"uv": [16, 0, 0, 16], "texture": "#particle"},
				"south": {"uv": [16, 0, 0, 16], "texture": "#particle"},
				"west": {"uv": [16, 0, 0, 16], "texture": "#particle"},
				"up": {"uv": [16, 0, 0, 16], "texture": "#particle"},
				"down": {"uv": [16, 0, 0, 16], "texture": "#particle"}
			}
		},
		{
			"from": [7.25, 6.12071, 18.5],
			"to": [7.35, 6.82071, 18.65],
			"rotation": {"angle": 0, "axis": "z", "origin": [7.1, 7.77071, 15.3]},
			"faces": {
				"north": {"uv": [16, 0, 0, 16], "texture": "#particle"},
				"east": {"uv": [16, 0, 0, 16], "texture": "#particle"},
				"south": {"uv": [16, 0, 0, 16], "texture": "#particle"},
				"west": {"uv": [16, 0, 0, 16], "texture": "#particle"},
				"up": {"uv": [16, 0, 0, 16], "texture": "#particle"},
				"down": {"uv": [16, 0, 0, 16], "texture": "#particle"}
			}
		},
		{
			"from": [7.35, 6.12071, 18.65],
			"to": [7.65, 6.52071, 18.8],
			"rotation": {"angle": 0, "axis": "z", "origin": [7.5, 7.77071, 15.45]},
			"faces": {
				"north": {"uv": [16, 0, 0, 16], "texture": "#2"},
				"east": {"uv": [16, 0, 0, 16], "texture": "#2"},
				"south": {"uv": [16, 0, 0, 16], "texture": "#2"},
				"west": {"uv": [16, 0, 0, 16], "texture": "#2"},
				"up": {"uv": [16, 0, 0, 16], "texture": "#2"},
				"down": {"uv": [16, 0, 0, 16], "texture": "#2"}
			}
		},
		{
			"from": [7.65, 6.12071, 18.65],
			"to": [7.75, 6.42071, 18.8],
			"rotation": {"angle": 0, "axis": "z", "origin": [7.5, 7.77071, 15.45]},
			"faces": {
				"north": {"uv": [16, 0, 0, 16], "texture": "#particle"},
				"east": {"uv": [16, 0, 0, 16], "texture": "#particle"},
				"south": {"uv": [16, 0, 0, 16], "texture": "#particle"},
				"west": {"uv": [16, 0, 0, 16], "texture": "#particle"},
				"up": {"uv": [16, 0, 0, 16], "texture": "#particle"},
				"down": {"uv": [16, 0, 0, 16], "texture": "#particle"}
			}
		},
		{
			"from": [7.25, 6.12071, 18.65],
			"to": [7.35, 6.42071, 18.8],
			"rotation": {"angle": 0, "axis": "z", "origin": [7.1, 7.77071, 15.45]},
			"faces": {
				"north": {"uv": [16, 0, 0, 16], "texture": "#particle"},
				"east": {"uv": [16, 0, 0, 16], "texture": "#particle"},
				"south": {"uv": [16, 0, 0, 16], "texture": "#particle"},
				"west": {"uv": [16, 0, 0, 16], "texture": "#particle"},
				"up": {"uv": [16, 0, 0, 16], "texture": "#particle"},
				"down": {"uv": [16, 0, 0, 16], "texture": "#particle"}
			}
		},
		{
			"from": [7.35, 8.42071, 16.8],
			"to": [7.65, 8.52071, 17.2],
			"rotation": {"angle": 0, "axis": "z", "origin": [7.5, 8.97071, 13.85]},
			"faces": {
				"north": {"uv": [16, 0, 0, 16], "texture": "#2"},
				"east": {"uv": [16, 0, 0, 16], "texture": "#2"},
				"south": {"uv": [16, 0, 0, 16], "texture": "#2"},
				"west": {"uv": [16, 0, 0, 16], "texture": "#2"},
				"up": {"uv": [16, 0, 0, 16], "texture": "#2"},
				"down": {"uv": [16, 0, 0, 16], "texture": "#2"}
			}
		},
		{
			"from": [7.45, 8.62071, 16.9],
			"to": [7.55, 9.32071, 17.1],
			"rotation": {"angle": 22.5, "axis": "x", "origin": [7.5, 8.57071, 16.85]},
			"faces": {
				"north": {"uv": [16, 0, 0, 16], "texture": "#3"},
				"east": {"uv": [16, 0, 0, 16], "texture": "#3"},
				"south": {"uv": [16, 0, 0, 16], "texture": "#3"},
				"west": {"uv": [16, 0, 0, 16], "texture": "#3"},
				"up": {"uv": [16, 0, 0, 16], "texture": "#3"},
				"down": {"uv": [16, 0, 0, 16], "texture": "#3"}
			}
		},
		{
			"from": [7.45, 8.82071, 17.1],
			"to": [7.55, 9.02071, 17.3],
			"rotation": {"angle": 22.5, "axis": "x", "origin": [7.5, 8.57071, 16.85]},
			"faces": {
				"north": {"uv": [16, 0, 0, 16], "texture": "#3"},
				"east": {"uv": [16, 0, 0, 16], "texture": "#3"},
				"south": {"uv": [16, 0, 0, 16], "texture": "#3"},
				"west": {"uv": [16, 0, 0, 16], "texture": "#3"},
				"up": {"uv": [16, 0, 0, 16], "texture": "#3"},
				"down": {"uv": [16, 0, 0, 16], "texture": "#3"}
			}
		},
		{
			"from": [7.45, 9.12071, 16.7],
			"to": [7.55, 9.22071, 16.9],
			"rotation": {"angle": 22.5, "axis": "x", "origin": [7.5, 8.57071, 16.85]},
			"faces": {
				"north": {"uv": [16, 0, 0, 16], "texture": "#3"},
				"east": {"uv": [16, 0, 0, 16], "texture": "#3"},
				"south": {"uv": [16, 0, 0, 16], "texture": "#3"},
				"west": {"uv": [16, 0, 0, 16], "texture": "#3"},
				"up": {"uv": [16, 0, 0, 16], "texture": "#3"},
				"down": {"uv": [16, 0, 0, 16], "texture": "#3"}
			}
		},
		{
			"from": [7.45, 8.92071, 17.3],
			"to": [7.55, 9.02071, 17.5],
			"rotation": {"angle": 22.5, "axis": "x", "origin": [7.5, 8.57071, 16.85]},
			"faces": {
				"north": {"uv": [16, 0, 0, 16], "texture": "#3"},
				"east": {"uv": [16, 0, 0, 16], "texture": "#3"},
				"south": {"uv": [16, 0, 0, 16], "texture": "#3"},
				"west": {"uv": [16, 0, 0, 16], "texture": "#3"},
				"up": {"uv": [16, 0, 0, 16], "texture": "#3"},
				"down": {"uv": [16, 0, 0, 16], "texture": "#3"}
			}
		},
		{
			"from": [7.35, 8.52071, 17],
			"to": [7.65, 8.62071, 17.1],
			"rotation": {"angle": 0, "axis": "z", "origin": [7.5, 9.07071, 13.85]},
			"faces": {
				"north": {"uv": [16, 0, 0, 16], "texture": "#2"},
				"east": {"uv": [16, 0, 0, 16], "texture": "#2"},
				"south": {"uv": [16, 0, 0, 16], "texture": "#2"},
				"west": {"uv": [16, 0, 0, 16], "texture": "#2"},
				"up": {"uv": [16, 0, 0, 16], "texture": "#2"},
				"down": {"uv": [16, 0, 0, 16], "texture": "#2"}
			}
		},
		{
			"from": [7.35, 8.52071, 16.8],
			"to": [7.65, 8.62071, 16.9],
			"rotation": {"angle": 0, "axis": "z", "origin": [7.5, 9.07071, 13.65]},
			"faces": {
				"north": {"uv": [16, 0, 0, 16], "texture": "#2"},
				"east": {"uv": [16, 0, 0, 16], "texture": "#2"},
				"south": {"uv": [16, 0, 0, 16], "texture": "#2"},
				"west": {"uv": [16, 0, 0, 16], "texture": "#2"},
				"up": {"uv": [16, 0, 0, 16], "texture": "#2"},
				"down": {"uv": [16, 0, 0, 16], "texture": "#2"}
			}
		},
		{
			"from": [7.35, 8.42071, 16.55],
			"to": [7.65, 8.72071, 16.8],
			"rotation": {"angle": 0, "axis": "z", "origin": [7.5, 8.97071, 13.85]},
			"faces": {
				"north": {"uv": [16, 0, 0, 16], "texture": "#2"},
				"east": {"uv": [16, 0, 0, 16], "texture": "#2"},
				"south": {"uv": [16, 0, 0, 16], "texture": "#2"},
				"west": {"uv": [16, 0, 0, 16], "texture": "#2"},
				"up": {"uv": [16, 0, 0, 16], "texture": "#2"},
				"down": {"uv": [16, 0, 0, 16], "texture": "#2"}
			}
		},
		{
			"from": [7.15, 8.52071, 16.5],
			"to": [7.85, 9.22071, 16.6],
			"rotation": {"angle": 0, "axis": "z", "origin": [7.5, 9.37071, 13.75]},
			"faces": {
				"north": {"uv": [16, 0, 0, 16], "texture": "#2"},
				"east": {"uv": [16, 0, 0, 16], "texture": "#2"},
				"south": {"uv": [16, 0, 0, 16], "texture": "#2"},
				"west": {"uv": [16, 0, 0, 16], "texture": "#2"},
				"up": {"uv": [16, 0, 0, 16], "texture": "#2"},
				"down": {"uv": [16, 0, 0, 16], "texture": "#2"}
			}
		},
		{
			"from": [7.35, 7.82071, 15.5],
			"to": [7.65, 8.17071, 16.55],
			"rotation": {"angle": 0, "axis": "z", "origin": [7.5, 8.37071, 12.9]},
			"faces": {
				"north": {"uv": [16, 0, 0, 16], "texture": "#2"},
				"east": {"uv": [16, 0, 0, 16], "texture": "#2"},
				"south": {"uv": [16, 0, 0, 16], "texture": "#2"},
				"west": {"uv": [16, 0, 0, 16], "texture": "#2"},
				"up": {"uv": [16, 0, 0, 16], "texture": "#2"},
				"down": {"uv": [16, 0, 0, 16], "texture": "#2"}
			}
		},
		{
			"from": [7.35, 8.57071, 14.3],
			"to": [7.65, 8.92071, 15.4],
			"rotation": {"angle": 0, "axis": "z", "origin": [7.5, 9.12071, 11.7]},
			"faces": {
				"north": {"uv": [16, 0, 0, 16], "texture": "#2"},
				"east": {"uv": [16, 0, 0, 16], "texture": "#2"},
				"south": {"uv": [16, 0, 0, 16], "texture": "#2"},
				"west": {"uv": [16, 0, 0, 16], "texture": "#2"},
				"up": {"uv": [16, 0, 0, 16], "texture": "#2"},
				"down": {"uv": [16, 0, 0, 16], "texture": "#2"}
			}
		},
		{
			"from": [7.35, 8.42071, 14.7],
			"to": [7.65, 8.57071, 15.5],
			"rotation": {"angle": 0, "axis": "z", "origin": [7.5, 8.77071, 11.7]},
			"faces": {
				"north": {"uv": [16, 0, 0, 16], "texture": "#2"},
				"east": {"uv": [16, 0, 0, 16], "texture": "#2"},
				"south": {"uv": [16, 0, 0, 16], "texture": "#2"},
				"west": {"uv": [16, 0, 0, 16], "texture": "#2"},
				"up": {"uv": [16, 0, 0, 16], "texture": "#2"},
				"down": {"uv": [16, 0, 0, 16], "texture": "#2"}
			}
		},
		{
			"from": [7.35, 8.27071, 14.9],
			"to": [7.65, 8.42071, 15.5],
			"rotation": {"angle": 0, "axis": "z", "origin": [7.5, 8.62071, 11.7]},
			"faces": {
				"north": {"uv": [16, 0, 0, 16], "texture": "#2"},
				"east": {"uv": [16, 0, 0, 16], "texture": "#2"},
				"south": {"uv": [16, 0, 0, 16], "texture": "#2"},
				"west": {"uv": [16, 0, 0, 16], "texture": "#2"},
				"up": {"uv": [16, 0, 0, 16], "texture": "#2"},
				"down": {"uv": [16, 0, 0, 16], "texture": "#2"}
			}
		},
		{
			"from": [7.35, 8.17071, 15],
			"to": [7.65, 8.32071, 15.5],
			"rotation": {"angle": 0, "axis": "z", "origin": [7.5, 8.52071, 11.7]},
			"faces": {
				"north": {"uv": [16, 0, 0, 16], "texture": "#2"},
				"east": {"uv": [16, 0, 0, 16], "texture": "#2"},
				"south": {"uv": [16, 0, 0, 16], "texture": "#2"},
				"west": {"uv": [16, 0, 0, 16], "texture": "#2"},
				"up": {"uv": [16, 0, 0, 16], "texture": "#2"},
				"down": {"uv": [16, 0, 0, 16], "texture": "#2"}
			}
		},
		{
			"from": [7.35, 8.07071, 15.1],
			"to": [7.65, 8.22071, 15.5],
			"rotation": {"angle": 0, "axis": "z", "origin": [7.5, 8.42071, 11.7]},
			"faces": {
				"north": {"uv": [16, 0, 0, 16], "texture": "#2"},
				"east": {"uv": [16, 0, 0, 16], "texture": "#2"},
				"south": {"uv": [16, 0, 0, 16], "texture": "#2"},
				"west": {"uv": [16, 0, 0, 16], "texture": "#2"},
				"up": {"uv": [16, 0, 0, 16], "texture": "#2"},
				"down": {"uv": [16, 0, 0, 16], "texture": "#2"}
			}
		},
		{
			"from": [7.35, 7.97071, 15.2],
			"to": [7.65, 8.12071, 15.5],
			"rotation": {"angle": 0, "axis": "z", "origin": [7.5, 8.32071, 11.7]},
			"faces": {
				"north": {"uv": [16, 0, 0, 16], "texture": "#2"},
				"east": {"uv": [16, 0, 0, 16], "texture": "#2"},
				"south": {"uv": [16, 0, 0, 16], "texture": "#2"},
				"west": {"uv": [16, 0, 0, 16], "texture": "#2"},
				"up": {"uv": [16, 0, 0, 16], "texture": "#2"},
				"down": {"uv": [16, 0, 0, 16], "texture": "#2"}
			}
		},
		{
			"from": [7.35, 7.72071, 16.65],
			"to": [7.65, 7.82071, 17.45],
			"rotation": {"angle": 0, "axis": "z", "origin": [7.5, 7.77071, 13.85]},
			"faces": {
				"north": {"uv": [16, 0, 0, 16], "texture": "#2"},
				"east": {"uv": [16, 0, 0, 16], "texture": "#2"},
				"south": {"uv": [16, 0, 0, 16], "texture": "#2"},
				"west": {"uv": [16, 0, 0, 16], "texture": "#2"},
				"up": {"uv": [16, 0, 0, 16], "texture": "#2"},
				"down": {"uv": [16, 0, 0, 16], "texture": "#2"}
			}
		},
		{
			"from": [7.35, 7.52071, 16.75],
			"to": [7.65, 7.72071, 17],
			"rotation": {"angle": 0, "axis": "z", "origin": [7.5, 7.57071, 13.85]},
			"faces": {
				"north": {"uv": [16, 0, 0, 16], "texture": "#2"},
				"east": {"uv": [16, 0, 0, 16], "texture": "#2"},
				"south": {"uv": [16, 0, 0, 16], "texture": "#2"},
				"west": {"uv": [16, 0, 0, 16], "texture": "#2"},
				"up": {"uv": [16, 0, 0, 16], "texture": "#2"},
				"down": {"uv": [16, 0, 0, 16], "texture": "#2"}
			}
		},
		{
			"from": [7.35, 7.32071, 16.75],
			"to": [7.65, 7.52071, 16.9],
			"rotation": {"angle": 0, "axis": "z", "origin": [7.5, 7.37071, 13.85]},
			"faces": {
				"north": {"uv": [16, 0, 0, 16], "texture": "#2"},
				"east": {"uv": [16, 0, 0, 16], "texture": "#2"},
				"south": {"uv": [16, 0, 0, 16], "texture": "#2"},
				"west": {"uv": [16, 0, 0, 16], "texture": "#2"},
				"up": {"uv": [16, 0, 0, 16], "texture": "#2"},
				"down": {"uv": [16, 0, 0, 16], "texture": "#2"}
			}
		},
		{
			"from": [7.35, 7.12071, 16.65],
			"to": [7.65, 7.32071, 16.8],
			"rotation": {"angle": 0, "axis": "z", "origin": [7.5, 7.17071, 13.75]},
			"faces": {
				"north": {"uv": [16, 0, 0, 16], "texture": "#2"},
				"east": {"uv": [16, 0, 0, 16], "texture": "#2"},
				"south": {"uv": [16, 0, 0, 16], "texture": "#2"},
				"west": {"uv": [16, 0, 0, 16], "texture": "#2"},
				"up": {"uv": [16, 0, 0, 16], "texture": "#2"},
				"down": {"uv": [16, 0, 0, 16], "texture": "#2"}
			}
		},
		{
			"from": [7.35, 7.02071, 16.05],
			"to": [7.65, 7.12071, 16.7],
			"rotation": {"angle": 0, "axis": "z", "origin": [7.5, 7.07071, 13.65]},
			"faces": {
				"north": {"uv": [16, 0, 0, 16], "texture": "#2"},
				"east": {"uv": [16, 0, 0, 16], "texture": "#2"},
				"south": {"uv": [16, 0, 0, 16], "texture": "#2"},
				"west": {"uv": [16, 0, 0, 16], "texture": "#2"},
				"up": {"uv": [16, 0, 0, 16], "texture": "#2"},
				"down": {"uv": [16, 0, 0, 16], "texture": "#2"}
			}
		},
		{
			"from": [7.35, 7.12071, 15.85],
			"to": [7.65, 7.22071, 16.1],
			"rotation": {"angle": 0, "axis": "z", "origin": [7.5, 7.17071, 13.05]},
			"faces": {
				"north": {"uv": [16, 0, 0, 16], "texture": "#2"},
				"east": {"uv": [16, 0, 0, 16], "texture": "#2"},
				"south": {"uv": [16, 0, 0, 16], "texture": "#2"},
				"west": {"uv": [16, 0, 0, 16], "texture": "#2"},
				"up": {"uv": [16, 0, 0, 16], "texture": "#2"},
				"down": {"uv": [16, 0, 0, 16], "texture": "#2"}
			}
		},
		{
			"from": [7.35, 7.22071, 15.75],
			"to": [7.65, 7.32071, 15.9],
			"rotation": {"angle": 0, "axis": "z", "origin": [7.5, 7.27071, 12.85]},
			"faces": {
				"north": {"uv": [16, 0, 0, 16], "texture": "#2"},
				"east": {"uv": [16, 0, 0, 16], "texture": "#2"},
				"south": {"uv": [16, 0, 0, 16], "texture": "#2"},
				"west": {"uv": [16, 0, 0, 16], "texture": "#2"},
				"up": {"uv": [16, 0, 0, 16], "texture": "#2"},
				"down": {"uv": [16, 0, 0, 16], "texture": "#2"}
			}
		},
		{
			"from": [7.35, 7.32071, 15.65],
			"to": [7.65, 7.82071, 15.75],
			"rotation": {"angle": 0, "axis": "z", "origin": [7.5, 7.37071, 12.75]},
			"faces": {
				"north": {"uv": [16, 0, 0, 16], "texture": "#2"},
				"east": {"uv": [16, 0, 0, 16], "texture": "#2"},
				"south": {"uv": [16, 0, 0, 16], "texture": "#2"},
				"west": {"uv": [16, 0, 0, 16], "texture": "#2"},
				"up": {"uv": [16, 0, 0, 16], "texture": "#2"},
				"down": {"uv": [16, 0, 0, 16], "texture": "#2"}
			}
		},
		{
			"from": [7.35, 7.72071, 15.75],
			"to": [7.65, 7.82071, 15.85],
			"rotation": {"angle": 0, "axis": "z", "origin": [7.5, 7.37071, 12.85]},
			"faces": {
				"north": {"uv": [16, 0, 0, 16], "texture": "#2"},
				"east": {"uv": [16, 0, 0, 16], "texture": "#2"},
				"south": {"uv": [16, 0, 0, 16], "texture": "#2"},
				"west": {"uv": [16, 0, 0, 16], "texture": "#2"},
				"up": {"uv": [16, 0, 0, 16], "texture": "#2"},
				"down": {"uv": [16, 0, 0, 16], "texture": "#2"}
			}
		},
		{
			"from": [7.35, 7.72071, 16.15],
			"to": [7.65, 7.82071, 16.35],
			"rotation": {"angle": 0, "axis": "z", "origin": [7.5, 7.37071, 13.25]},
			"faces": {
				"north": {"uv": [16, 0, 0, 16], "texture": "#2"},
				"east": {"uv": [16, 0, 0, 16], "texture": "#2"},
				"south": {"uv": [16, 0, 0, 16], "texture": "#2"},
				"west": {"uv": [16, 0, 0, 16], "texture": "#2"},
				"up": {"uv": [16, 0, 0, 16], "texture": "#2"},
				"down": {"uv": [16, 0, 0, 16], "texture": "#2"}
			}
		},
		{
			"from": [7.35, 7.62071, 16.25],
			"to": [7.65, 7.72071, 16.45],
			"rotation": {"angle": 0, "axis": "z", "origin": [7.5, 7.27071, 13.35]},
			"faces": {
				"north": {"uv": [16, 0, 0, 16], "texture": "#2"},
				"east": {"uv": [16, 0, 0, 16], "texture": "#2"},
				"south": {"uv": [16, 0, 0, 16], "texture": "#2"},
				"west": {"uv": [16, 0, 0, 16], "texture": "#2"},
				"up": {"uv": [16, 0, 0, 16], "texture": "#2"},
				"down": {"uv": [16, 0, 0, 16], "texture": "#2"}
			}
		},
		{
			"from": [7.35, 7.22071, 16.35],
			"to": [7.65, 7.62071, 16.45],
			"rotation": {"angle": 0, "axis": "z", "origin": [7.5, 7.17071, 13.35]},
			"faces": {
				"north": {"uv": [16, 0, 0, 16], "texture": "#2"},
				"east": {"uv": [16, 0, 0, 16], "texture": "#2"},
				"south": {"uv": [16, 0, 0, 16], "texture": "#2"},
				"west": {"uv": [16, 0, 0, 16], "texture": "#2"},
				"up": {"uv": [16, 0, 0, 16], "texture": "#2"},
				"down": {"uv": [16, 0, 0, 16], "texture": "#2"}
			}
		},
		{
			"from": [7.35, 7.12071, 16.25],
			"to": [7.65, 7.32071, 16.35],
			"rotation": {"angle": 0, "axis": "z", "origin": [7.5, 7.07071, 13.25]},
			"faces": {
				"north": {"uv": [16, 0, 0, 16], "texture": "#2"},
				"east": {"uv": [16, 0, 0, 16], "texture": "#2"},
				"south": {"uv": [16, 0, 0, 16], "texture": "#2"},
				"west": {"uv": [16, 0, 0, 16], "texture": "#2"},
				"up": {"uv": [16, 0, 0, 16], "texture": "#2"},
				"down": {"uv": [16, 0, 0, 16], "texture": "#2"}
			}
		},
		{
			"from": [7.35, 7.62071, 16.95],
			"to": [7.65, 7.72071, 17.45],
			"rotation": {"angle": 0, "axis": "z", "origin": [7.5, 7.67071, 13.85]},
			"faces": {
				"north": {"uv": [16, 0, 0, 16], "texture": "#2"},
				"east": {"uv": [16, 0, 0, 16], "texture": "#2"},
				"south": {"uv": [16, 0, 0, 16], "texture": "#2"},
				"west": {"uv": [16, 0, 0, 16], "texture": "#2"},
				"up": {"uv": [16, 0, 0, 16], "texture": "#2"},
				"down": {"uv": [16, 0, 0, 16], "texture": "#2"}
			}
		},
		{
			"from": [7.35, 7.52071, 17.15],
			"to": [7.65, 7.62071, 17.45],
			"rotation": {"angle": 0, "axis": "z", "origin": [7.5, 7.57071, 13.85]},
			"faces": {
				"north": {"uv": [16, 0, 0, 16], "texture": "#2"},
				"east": {"uv": [16, 0, 0, 16], "texture": "#2"},
				"south": {"uv": [16, 0, 0, 16], "texture": "#2"},
				"west": {"uv": [16, 0, 0, 16], "texture": "#2"},
				"up": {"uv": [16, 0, 0, 16], "texture": "#2"},
				"down": {"uv": [16, 0, 0, 16], "texture": "#2"}
			}
		},
		{
			"from": [7.65, 7.52071, 17.15],
			"to": [7.75, 7.92071, 17.45],
			"rotation": {"angle": 0, "axis": "z", "origin": [7.5, 7.57071, 13.85]},
			"faces": {
				"north": {"uv": [16, 0, 0, 16], "texture": "#particle"},
				"east": {"uv": [16, 0, 0, 16], "texture": "#particle"},
				"south": {"uv": [16, 0, 0, 16], "texture": "#particle"},
				"west": {"uv": [16, 0, 0, 16], "texture": "#particle"},
				"up": {"uv": [16, 0, 0, 16], "texture": "#particle"},
				"down": {"uv": [16, 0, 0, 16], "texture": "#particle"}
			}
		},
		{
			"from": [7.25, 7.52071, 17.15],
			"to": [7.35, 7.92071, 17.45],
			"rotation": {"angle": 0, "axis": "z", "origin": [7.1, 7.57071, 13.85]},
			"faces": {
				"north": {"uv": [16, 0, 0, 16], "texture": "#particle"},
				"east": {"uv": [16, 0, 0, 16], "texture": "#particle"},
				"south": {"uv": [16, 0, 0, 16], "texture": "#particle"},
				"west": {"uv": [16, 0, 0, 16], "texture": "#particle"},
				"up": {"uv": [16, 0, 0, 16], "texture": "#particle"},
				"down": {"uv": [16, 0, 0, 16], "texture": "#particle"}
			}
		},
		{
			"from": [7.65, 7.92071, 17.25],
			"to": [7.75, 8.32071, 17.45],
			"rotation": {"angle": 0, "axis": "z", "origin": [7.5, 7.97071, 13.85]},
			"faces": {
				"north": {"uv": [16, 0, 0, 16], "texture": "#particle"},
				"east": {"uv": [16, 0, 0, 16], "texture": "#particle"},
				"south": {"uv": [16, 0, 0, 16], "texture": "#particle"},
				"west": {"uv": [16, 0, 0, 16], "texture": "#particle"},
				"up": {"uv": [16, 0, 0, 16], "texture": "#particle"},
				"down": {"uv": [16, 0, 0, 16], "texture": "#particle"}
			}
		},
		{
			"from": [7.25, 7.92071, 17.25],
			"to": [7.35, 8.32071, 17.45],
			"rotation": {"angle": 0, "axis": "z", "origin": [7.1, 7.97071, 13.85]},
			"faces": {
				"north": {"uv": [16, 0, 0, 16], "texture": "#particle"},
				"east": {"uv": [16, 0, 0, 16], "texture": "#particle"},
				"south": {"uv": [16, 0, 0, 16], "texture": "#particle"},
				"west": {"uv": [16, 0, 0, 16], "texture": "#particle"},
				"up": {"uv": [16, 0, 0, 16], "texture": "#particle"},
				"down": {"uv": [16, 0, 0, 16], "texture": "#particle"}
			}
		},
		{
			"from": [7.25, 9.22071, 16.6],
			"to": [7.75, 9.42071, 16.8],
			"rotation": {"angle": 0, "axis": "z", "origin": [7.5, 9.37071, 13.15]},
			"faces": {
				"north": {"uv": [16, 0, 0, 16], "texture": "#1"},
				"east": {"uv": [16, 0, 0, 16], "texture": "#1"},
				"south": {"uv": [16, 0, 0, 16], "texture": "#1"},
				"west": {"uv": [16, 0, 0, 16], "texture": "#1"},
				"up": {"uv": [16, 0, 0, 16], "texture": "#1"},
				"down": {"uv": [16, 0, 0, 16], "texture": "#1"}
			}
		},
		{
			"from": [7.25, 9.42071, 16.6],
			"to": [7.45, 9.52071, 16.8],
			"rotation": {"angle": 0, "axis": "z", "origin": [7.5, 9.57071, 13.15]},
			"faces": {
				"north": {"uv": [16, 0, 0, 16], "texture": "#1"},
				"east": {"uv": [16, 0, 0, 16], "texture": "#1"},
				"south": {"uv": [16, 0, 0, 16], "texture": "#1"},
				"west": {"uv": [16, 0, 0, 16], "texture": "#1"},
				"up": {"uv": [16, 0, 0, 16], "texture": "#1"},
				"down": {"uv": [16, 0, 0, 16], "texture": "#1"}
			}
		},
		{
			"from": [7.55, 9.42071, 16.6],
			"to": [7.75, 9.52071, 16.8],
			"rotation": {"angle": 0, "axis": "z", "origin": [7.8, 9.57071, 13.15]},
			"faces": {
				"north": {"uv": [16, 0, 0, 16], "texture": "#1"},
				"east": {"uv": [16, 0, 0, 16], "texture": "#1"},
				"south": {"uv": [16, 0, 0, 16], "texture": "#1"},
				"west": {"uv": [16, 0, 0, 16], "texture": "#1"},
				"up": {"uv": [16, 0, 0, 16], "texture": "#1"},
				"down": {"uv": [16, 0, 0, 16], "texture": "#1"}
			}
		},
		{
			"from": [7.25, 8.72071, 16.6],
			"to": [7.75, 9.02071, 16.8],
			"rotation": {"angle": 0, "axis": "z", "origin": [7.5, 8.87071, 13.15]},
			"faces": {
				"north": {"uv": [16, 0, 0, 16], "texture": "#1"},
				"east": {"uv": [16, 0, 0, 16], "texture": "#1"},
				"south": {"uv": [16, 0, 0, 16], "texture": "#1"},
				"west": {"uv": [16, 0, 0, 16], "texture": "#1"},
				"up": {"uv": [16, 0, 0, 16], "texture": "#1"},
				"down": {"uv": [16, 0, 0, 16], "texture": "#1"}
			}
		},
		{
			"from": [7.25, 9.02071, 16.6],
			"to": [7.45, 9.22071, 16.8],
			"rotation": {"angle": 0, "axis": "z", "origin": [7.5, 9.07071, 13.15]},
			"faces": {
				"north": {"uv": [16, 0, 0, 16], "texture": "#1"},
				"east": {"uv": [16, 0, 0, 16], "texture": "#1"},
				"south": {"uv": [16, 0, 0, 16], "texture": "#1"},
				"west": {"uv": [16, 0, 0, 16], "texture": "#1"},
				"up": {"uv": [16, 0, 0, 16], "texture": "#1"},
				"down": {"uv": [16, 0, 0, 16], "texture": "#1"}
			}
		},
		{
			"from": [7.55, 9.02071, 16.6],
			"to": [7.75, 9.22071, 16.8],
			"rotation": {"angle": 0, "axis": "z", "origin": [7.8, 9.07071, 13.15]},
			"faces": {
				"north": {"uv": [16, 0, 0, 16], "texture": "#1"},
				"east": {"uv": [16, 0, 0, 16], "texture": "#1"},
				"south": {"uv": [16, 0, 0, 16], "texture": "#1"},
				"west": {"uv": [16, 0, 0, 16], "texture": "#1"},
				"up": {"uv": [16, 0, 0, 16], "texture": "#1"},
				"down": {"uv": [16, 0, 0, 16], "texture": "#1"}
			}
		},
		{
			"from": [7.25, 8.62071, 16.8],
			"to": [7.75, 8.82071, 16.9],
			"rotation": {"angle": 0, "axis": "z", "origin": [7.5, 9.37071, 13.15]},
			"faces": {
				"north": {"uv": [16, 0, 0, 16], "texture": "#1"},
				"east": {"uv": [16, 0, 0, 16], "texture": "#1"},
				"south": {"uv": [16, 0, 0, 16], "texture": "#1"},
				"west": {"uv": [16, 0, 0, 16], "texture": "#1"},
				"up": {"uv": [16, 0, 0, 16], "texture": "#1"},
				"down": {"uv": [16, 0, 0, 16], "texture": "#1"}
			}
		},
		{
			"from": [7.25, 8.42071, 16.9],
			"to": [7.75, 8.62071, 17],
			"rotation": {"angle": 0, "axis": "z", "origin": [7.5, 9.17071, 13.25]},
			"faces": {
				"north": {"uv": [16, 0, 0, 16], "texture": "#1"},
				"east": {"uv": [16, 0, 0, 16], "texture": "#1"},
				"south": {"uv": [16, 0, 0, 16], "texture": "#1"},
				"west": {"uv": [16, 0, 0, 16], "texture": "#1"},
				"up": {"uv": [16, 0, 0, 16], "texture": "#1"},
				"down": {"uv": [16, 0, 0, 16], "texture": "#1"}
			}
		},
		{
			"from": [7.25, 8.42071, 17],
			"to": [7.75, 8.52071, 17.1],
			"rotation": {"angle": 0, "axis": "z", "origin": [7.5, 9.17071, 13.35]},
			"faces": {
				"north": {"uv": [16, 0, 0, 16], "texture": "#1"},
				"east": {"uv": [16, 0, 0, 16], "texture": "#1"},
				"south": {"uv": [16, 0, 0, 16], "texture": "#1"},
				"west": {"uv": [16, 0, 0, 16], "texture": "#1"},
				"up": {"uv": [16, 0, 0, 16], "texture": "#1"},
				"down": {"uv": [16, 0, 0, 16], "texture": "#1"}
			}
		},
		{
			"from": [7.35, 8.92071, 15.4],
			"to": [7.65, 9.12071, 15.6],
			"rotation": {"angle": 0, "axis": "z", "origin": [7.5, 9.07071, 12.75]},
			"faces": {
				"north": {"uv": [16, 0, 0, 16], "texture": "#4"},
				"east": {"uv": [16, 0, 0, 16], "texture": "#2"},
				"south": {"uv": [16, 0, 0, 16], "texture": "#2"},
				"west": {"uv": [16, 0, 0, 16], "texture": "#2"},
				"up": {"uv": [16, 0, 0, 16], "texture": "#2"},
				"down": {"uv": [16, 0, 0, 16], "texture": "#2"}
			}
		},
		{
			"from": [7.45, 9.12071, 15.4],
			"to": [7.55, 9.22071, 15.55],
			"rotation": {"angle": 0, "axis": "z", "origin": [7.5, 9.17071, 12.75]},
			"faces": {
				"north": {"uv": [16, 0, 0, 16], "texture": "#2"},
				"east": {"uv": [16, 0, 0, 16], "texture": "#2"},
				"south": {"uv": [16, 0, 0, 16], "texture": "#2"},
				"west": {"uv": [16, 0, 0, 16], "texture": "#2"},
				"up": {"uv": [16, 0, 0, 16], "texture": "#2"},
				"down": {"uv": [16, 0, 0, 16], "texture": "#2"}
			}
		},
		{
			"from": [7.45, 8.87071, 15.4],
			"to": [7.55, 8.92071, 15.55],
			"rotation": {"angle": 0, "axis": "z", "origin": [7.5, 8.97071, 12.75]},
			"faces": {
				"north": {"uv": [16, 0, 0, 16], "texture": "#2"},
				"east": {"uv": [16, 0, 0, 16], "texture": "#2"},
				"south": {"uv": [16, 0, 0, 16], "texture": "#2"},
				"west": {"uv": [16, 0, 0, 16], "texture": "#2"},
				"up": {"uv": [16, 0, 0, 16], "texture": "#2"},
				"down": {"uv": [16, 0, 0, 16], "texture": "#2"}
			}
		},
		{
			"from": [7.4, 8.22071, 15.6],
			"to": [7.6, 9.22071, 16.5],
			"rotation": {"angle": 0, "axis": "z", "origin": [7.5, 8.72071, 16.05]},
			"faces": {
				"north": {"uv": [16, 0, 0, 16], "texture": "#4"},
				"east": {"uv": [16, 0, 0, 16], "texture": "#2"},
				"south": {"uv": [16, 0, 0, 16], "texture": "#2"},
				"west": {"uv": [16, 0, 0, 16], "texture": "#2"},
				"up": {"uv": [16, 0, 0, 16], "texture": "#2"},
				"down": {"uv": [16, 0, 0, 16], "texture": "#2"}
			}
		},
		{
			"from": [7.4, 8.22071, 15.6],
			"to": [7.6, 9.22071, 16.5],
			"rotation": {"angle": 22.5, "axis": "z", "origin": [7.5, 8.72071, 16.05]},
			"faces": {
				"north": {"uv": [16, 0, 0, 16], "texture": "#4"},
				"east": {"uv": [16, 0, 0, 16], "texture": "#2"},
				"south": {"uv": [16, 0, 0, 16], "texture": "#2"},
				"west": {"uv": [16, 0, 0, 16], "texture": "#2"},
				"up": {"uv": [16, 0, 0, 16], "texture": "#2"},
				"down": {"uv": [16, 0, 0, 16], "texture": "#2"}
			}
		},
		{
			"from": [7.4, 8.22071, 15.6],
			"to": [7.6, 9.22071, 16.5],
			"rotation": {"angle": 45, "axis": "z", "origin": [7.5, 8.72071, 16.05]},
			"faces": {
				"north": {"uv": [16, 0, 0, 16], "texture": "#2"},
				"east": {"uv": [16, 0, 0, 16], "texture": "#2"},
				"south": {"uv": [16, 0, 0, 16], "texture": "#2"},
				"west": {"uv": [16, 0, 0, 16], "texture": "#2"},
				"up": {"uv": [16, 0, 0, 16], "texture": "#2"},
				"down": {"uv": [16, 0, 0, 16], "texture": "#2"}
			}
		},
		{
			"from": [7, 8.62071, 15.6],
			"to": [8, 8.82071, 16.5],
			"rotation": {"angle": -22.5, "axis": "z", "origin": [7.5, 8.72071, 16.05]},
			"faces": {
				"north": {"uv": [16, 0, 0, 16], "rotation": 90, "texture": "#4"},
				"east": {"uv": [16, 0, 0, 16], "rotation": 270, "texture": "#2"},
				"south": {"uv": [16, 0, 0, 16], "rotation": 270, "texture": "#2"},
				"west": {"uv": [16, 0, 0, 16], "rotation": 270, "texture": "#2"},
				"up": {"uv": [16, 0, 0, 16], "rotation": 270, "texture": "#2"},
				"down": {"uv": [16, 0, 0, 16], "rotation": 270, "texture": "#2"}
			}
		},
		{
			"from": [7, 8.62071, 15.6],
			"to": [8, 8.82071, 16.5],
			"rotation": {"angle": 0, "axis": "z", "origin": [7.5, 8.72071, 16.05]},
			"faces": {
				"north": {"uv": [16, 0, 0, 16], "rotation": 90, "texture": "#4"},
				"east": {"uv": [16, 0, 0, 16], "rotation": 270, "texture": "#2"},
				"south": {"uv": [16, 0, 0, 16], "rotation": 270, "texture": "#2"},
				"west": {"uv": [16, 0, 0, 16], "rotation": 270, "texture": "#2"},
				"up": {"uv": [16, 0, 0, 16], "rotation": 270, "texture": "#2"},
				"down": {"uv": [16, 0, 0, 16], "rotation": 270, "texture": "#2"}
			}
		},
		{
			"from": [7.4, 8.62071, 15.4],
			"to": [7.6, 8.82071, 15.6],
			"rotation": {"angle": 0, "axis": "z", "origin": [7.5, 8.72071, 16.05]},
			"faces": {
				"north": {"uv": [16, 0, 0, 16], "rotation": 90, "texture": "#2"},
				"east": {"uv": [16, 0, 0, 16], "rotation": 270, "texture": "#2"},
				"south": {"uv": [16, 0, 0, 16], "rotation": 270, "texture": "#2"},
				"west": {"uv": [16, 0, 0, 16], "rotation": 270, "texture": "#2"},
				"up": {"uv": [16, 0, 0, 16], "rotation": 270, "texture": "#2"},
				"down": {"uv": [16, 0, 0, 16], "rotation": 270, "texture": "#2"}
			}
		},
		{
			"from": [7, 8.62071, 15.6],
			"to": [8, 8.82071, 16.5],
			"rotation": {"angle": 22.5, "axis": "z", "origin": [7.5, 8.72071, 16.05]},
			"faces": {
				"north": {"uv": [16, 0, 0, 16], "rotation": 90, "texture": "#4"},
				"east": {"uv": [16, 0, 0, 16], "rotation": 270, "texture": "#2"},
				"south": {"uv": [16, 0, 0, 16], "rotation": 270, "texture": "#2"},
				"west": {"uv": [16, 0, 0, 16], "rotation": 270, "texture": "#2"},
				"up": {"uv": [16, 0, 0, 16], "rotation": 270, "texture": "#2"},
				"down": {"uv": [16, 0, 0, 16], "rotation": 270, "texture": "#2"}
			}
		},
		{
			"from": [7.9, 8.62071, 15.55],
			"to": [8, 8.82071, 15.6],
			"rotation": {"angle": 22.5, "axis": "z", "origin": [7.5, 8.72071, 16.05]},
			"faces": {
				"north": {"uv": [16, 0, 0, 16], "rotation": 90, "texture": "#3"},
				"east": {"uv": [16, 0, 0, 16], "rotation": 90, "texture": "#3"},
				"south": {"uv": [16, 0, 0, 16], "rotation": 90, "texture": "#3"},
				"west": {"uv": [16, 0, 0, 16], "rotation": 90, "texture": "#3"},
				"up": {"uv": [16, 0, 0, 16], "rotation": 90, "texture": "#3"},
				"down": {"uv": [16, 0, 0, 16], "rotation": 90, "texture": "#3"}
			}
		},
		{
			"from": [7, 8.62071, 15.55],
			"to": [8, 8.82071, 15.6],
			"rotation": {"angle": 45, "axis": "z", "origin": [7.5, 8.72071, 16.05]},
			"faces": {
				"north": {"uv": [16, 0, 0, 16], "rotation": 90, "texture": "#3"},
				"east": {"uv": [16, 0, 0, 16], "rotation": 90, "texture": "#3"},
				"south": {"uv": [16, 0, 0, 16], "rotation": 90, "texture": "#3"},
				"west": {"uv": [16, 0, 0, 16], "rotation": 90, "texture": "#3"},
				"up": {"uv": [16, 0, 0, 16], "rotation": 90, "texture": "#3"},
				"down": {"uv": [16, 0, 0, 16], "rotation": 90, "texture": "#3"}
			}
		},
		{
			"from": [7.4, 9.12071, 15.55],
			"to": [7.6, 9.22071, 15.6],
			"rotation": {"angle": -22.5, "axis": "z", "origin": [7.5, 8.72071, 16.05]},
			"faces": {
				"north": {"uv": [16, 0, 0, 16], "rotation": 180, "texture": "#3"},
				"east": {"uv": [16, 0, 0, 16], "rotation": 180, "texture": "#3"},
				"south": {"uv": [16, 0, 0, 16], "rotation": 180, "texture": "#3"},
				"west": {"uv": [16, 0, 0, 16], "rotation": 180, "texture": "#3"},
				"up": {"uv": [16, 0, 0, 16], "rotation": 180, "texture": "#3"},
				"down": {"uv": [16, 0, 0, 16], "rotation": 180, "texture": "#3"}
			}
		},
		{
			"from": [7.4, 9.12071, 15.55],
			"to": [7.6, 9.22071, 15.6],
			"rotation": {"angle": 0, "axis": "z", "origin": [7.5, 8.72071, 16.05]},
			"faces": {
				"north": {"uv": [16, 0, 0, 16], "rotation": 180, "texture": "#3"},
				"east": {"uv": [16, 0, 0, 16], "rotation": 180, "texture": "#3"},
				"south": {"uv": [16, 0, 0, 16], "rotation": 180, "texture": "#3"},
				"west": {"uv": [16, 0, 0, 16], "rotation": 180, "texture": "#3"},
				"up": {"uv": [16, 0, 0, 16], "rotation": 180, "texture": "#3"},
				"down": {"uv": [16, 0, 0, 16], "rotation": 180, "texture": "#3"}
			}
		},
		{
			"from": [7.4, 9.12071, 15.55],
			"to": [7.6, 9.22071, 15.6],
			"rotation": {"angle": 22.5, "axis": "z", "origin": [7.5, 8.72071, 16.05]},
			"faces": {
				"north": {"uv": [16, 0, 0, 16], "rotation": 180, "texture": "#3"},
				"east": {"uv": [16, 0, 0, 16], "rotation": 180, "texture": "#3"},
				"south": {"uv": [16, 0, 0, 16], "rotation": 180, "texture": "#3"},
				"west": {"uv": [16, 0, 0, 16], "rotation": 180, "texture": "#3"},
				"up": {"uv": [16, 0, 0, 16], "rotation": 180, "texture": "#3"},
				"down": {"uv": [16, 0, 0, 16], "rotation": 180, "texture": "#3"}
			}
		},
		{
			"from": [7, 8.62071, 15.55],
			"to": [7.1, 8.82071, 15.6],
			"rotation": {"angle": -22.5, "axis": "z", "origin": [7.5, 8.72071, 16.05]},
			"faces": {
				"north": {"uv": [16, 0, 0, 16], "rotation": 270, "texture": "#3"},
				"east": {"uv": [16, 0, 0, 16], "rotation": 270, "texture": "#3"},
				"south": {"uv": [16, 0, 0, 16], "rotation": 270, "texture": "#3"},
				"west": {"uv": [16, 0, 0, 16], "rotation": 270, "texture": "#3"},
				"up": {"uv": [16, 0, 0, 16], "rotation": 270, "texture": "#3"},
				"down": {"uv": [16, 0, 0, 16], "rotation": 270, "texture": "#3"}
			}
		},
		{
			"from": [7, 8.62071, 15.55],
			"to": [7.1, 8.82071, 15.6],
			"rotation": {"angle": 0, "axis": "z", "origin": [7.5, 8.72071, 16.05]},
			"faces": {
				"north": {"uv": [16, 0, 0, 16], "rotation": 270, "texture": "#3"},
				"east": {"uv": [16, 0, 0, 16], "rotation": 270, "texture": "#3"},
				"south": {"uv": [16, 0, 0, 16], "rotation": 270, "texture": "#3"},
				"west": {"uv": [16, 0, 0, 16], "rotation": 270, "texture": "#3"},
				"up": {"uv": [16, 0, 0, 16], "rotation": 270, "texture": "#3"},
				"down": {"uv": [16, 0, 0, 16], "rotation": 270, "texture": "#3"}
			}
		},
		{
			"from": [7, 8.62071, 15.55],
			"to": [7.1, 8.82071, 15.6],
			"rotation": {"angle": 22.5, "axis": "z", "origin": [7.5, 8.72071, 16.05]},
			"faces": {
				"north": {"uv": [16, 0, 0, 16], "rotation": 270, "texture": "#3"},
				"east": {"uv": [16, 0, 0, 16], "rotation": 270, "texture": "#3"},
				"south": {"uv": [16, 0, 0, 16], "rotation": 270, "texture": "#3"},
				"west": {"uv": [16, 0, 0, 16], "rotation": 270, "texture": "#3"},
				"up": {"uv": [16, 0, 0, 16], "rotation": 270, "texture": "#3"},
				"down": {"uv": [16, 0, 0, 16], "rotation": 270, "texture": "#3"}
			}
		},
		{
			"from": [7.4, 8.22071, 15.55],
			"to": [7.6, 8.32071, 15.6],
			"rotation": {"angle": -22.5, "axis": "z", "origin": [7.5, 8.72071, 16.05]},
			"faces": {
				"north": {"uv": [16, 0, 0, 16], "texture": "#3"},
				"east": {"uv": [16, 0, 0, 16], "texture": "#3"},
				"south": {"uv": [16, 0, 0, 16], "texture": "#3"},
				"west": {"uv": [16, 0, 0, 16], "texture": "#3"},
				"up": {"uv": [16, 0, 0, 16], "texture": "#3"},
				"down": {"uv": [16, 0, 0, 16], "texture": "#3"}
			}
		},
		{
			"from": [7.4, 8.22071, 15.55],
			"to": [7.6, 8.32071, 15.6],
			"rotation": {"angle": 0, "axis": "z", "origin": [7.5, 8.72071, 16.05]},
			"faces": {
				"north": {"uv": [16, 0, 0, 16], "texture": "#3"},
				"east": {"uv": [16, 0, 0, 16], "texture": "#3"},
				"south": {"uv": [16, 0, 0, 16], "texture": "#3"},
				"west": {"uv": [16, 0, 0, 16], "texture": "#3"},
				"up": {"uv": [16, 0, 0, 16], "texture": "#3"},
				"down": {"uv": [16, 0, 0, 16], "texture": "#3"}
			}
		},
		{
			"from": [7.4, 8.22071, 15.55],
			"to": [7.6, 8.32071, 15.6],
			"rotation": {"angle": 22.5, "axis": "z", "origin": [7.5, 8.72071, 16.05]},
			"faces": {
				"north": {"uv": [16, 0, 0, 16], "texture": "#3"},
				"east": {"uv": [16, 0, 0, 16], "texture": "#3"},
				"south": {"uv": [16, 0, 0, 16], "texture": "#3"},
				"west": {"uv": [16, 0, 0, 16], "texture": "#3"},
				"up": {"uv": [16, 0, 0, 16], "texture": "#3"},
				"down": {"uv": [16, 0, 0, 16], "texture": "#3"}
			}
		},
		{
			"from": [7.4, 8.22071, 15.55],
			"to": [7.6, 9.22071, 15.6],
			"rotation": {"angle": 45, "axis": "z", "origin": [7.5, 8.72071, 16.05]},
			"faces": {
				"north": {"uv": [16, 0, 0, 16], "texture": "#3"},
				"east": {"uv": [16, 0, 0, 16], "texture": "#3"},
				"south": {"uv": [16, 0, 0, 16], "texture": "#3"},
				"west": {"uv": [16, 0, 0, 16], "texture": "#3"},
				"up": {"uv": [16, 0, 0, 16], "texture": "#3"},
				"down": {"uv": [16, 0, 0, 16], "texture": "#3"}
			}
		},
		{
			"from": [7.9, 8.62071, 15.55],
			"to": [8, 8.82071, 15.6],
			"rotation": {"angle": -22.5, "axis": "z", "origin": [7.5, 8.72071, 16.05]},
			"faces": {
				"north": {"uv": [16, 0, 0, 16], "rotation": 90, "texture": "#3"},
				"east": {"uv": [16, 0, 0, 16], "rotation": 90, "texture": "#3"},
				"south": {"uv": [16, 0, 0, 16], "rotation": 90, "texture": "#3"},
				"west": {"uv": [16, 0, 0, 16], "rotation": 90, "texture": "#3"},
				"up": {"uv": [16, 0, 0, 16], "rotation": 90, "texture": "#3"},
				"down": {"uv": [16, 0, 0, 16], "rotation": 90, "texture": "#3"}
			}
		},
		{
			"from": [7.9, 8.62071, 15.55],
			"to": [8, 8.82071, 15.6],
			"rotation": {"angle": 0, "axis": "z", "origin": [7.5, 8.72071, 16.05]},
			"faces": {
				"north": {"uv": [16, 0, 0, 16], "rotation": 90, "texture": "#3"},
				"east": {"uv": [16, 0, 0, 16], "rotation": 90, "texture": "#3"},
				"south": {"uv": [16, 0, 0, 16], "rotation": 90, "texture": "#3"},
				"west": {"uv": [16, 0, 0, 16], "rotation": 90, "texture": "#3"},
				"up": {"uv": [16, 0, 0, 16], "rotation": 90, "texture": "#3"},
				"down": {"uv": [16, 0, 0, 16], "rotation": 90, "texture": "#3"}
			}
		},
		{
			"from": [7, 8.62071, 15.6],
			"to": [8, 8.82071, 16.5],
			"rotation": {"angle": 45, "axis": "z", "origin": [7.5, 8.72071, 16.05]},
			"faces": {
				"north": {"uv": [16, 0, 0, 16], "rotation": 90, "texture": "#2"},
				"east": {"uv": [16, 0, 0, 16], "rotation": 270, "texture": "#2"},
				"south": {"uv": [16, 0, 0, 16], "rotation": 270, "texture": "#2"},
				"west": {"uv": [16, 0, 0, 16], "rotation": 270, "texture": "#2"},
				"up": {"uv": [16, 0, 0, 16], "rotation": 270, "texture": "#2"},
				"down": {"uv": [16, 0, 0, 16], "rotation": 270, "texture": "#2"}
			}
		},
		{
			"from": [7.4, 8.22071, 15.6],
			"to": [7.6, 9.22071, 16.5],
			"rotation": {"angle": -22.5, "axis": "z", "origin": [7.5, 8.72071, 16.05]},
			"faces": {
				"north": {"uv": [16, 0, 0, 16], "rotation": 180, "texture": "#4"},
				"east": {"uv": [16, 0, 0, 16], "rotation": 180, "texture": "#2"},
				"south": {"uv": [16, 0, 0, 16], "rotation": 180, "texture": "#2"},
				"west": {"uv": [16, 0, 0, 16], "rotation": 180, "texture": "#2"},
				"up": {"uv": [16, 0, 0, 16], "rotation": 180, "texture": "#2"},
				"down": {"uv": [16, 0, 0, 16], "rotation": 180, "texture": "#2"}
			}
		},
		{
			"from": [7.45, 9.12071, 11.9],
			"to": [7.55, 9.52071, 12.4],
			"rotation": {"angle": 0, "axis": "z", "origin": [7.5, 9.07071, 10.45]},
			"faces": {
				"north": {"uv": [16, 0, 0, 16], "texture": "#2"},
				"east": {"uv": [16, 0, 0, 16], "texture": "#2"},
				"south": {"uv": [16, 0, 0, 16], "texture": "#2"},
				"west": {"uv": [16, 0, 0, 16], "texture": "#2"},
				"up": {"uv": [16, 0, 0, 16], "texture": "#2"},
				"down": {"uv": [16, 0, 0, 16], "texture": "#2"}
			}
		},
		{
			"from": [7.41464, 8.97679, 11.8],
			"to": [7.61464, 9.17679, 15],
			"rotation": {"angle": 45, "axis": "z", "origin": [7.46466, 9.07679, 13.6]},
			"faces": {
				"north": {"uv": [16, 0, 0, 16], "texture": "#4"},
				"east": {"uv": [16, 0, 0, 16], "texture": "#2"},
				"south": {"uv": [16, 0, 0, 16], "texture": "#2"},
				"west": {"uv": [16, 0, 0, 16], "texture": "#2"},
				"up": {"uv": [16, 0, 0, 16], "texture": "#2"},
				"down": {"uv": [16, 0, 0, 16], "texture": "#2"}
			}
		},
		{
			"from": [7.41464, 8.79395, 11.8],
			"to": [7.61464, 8.99395, 14.3],
			"rotation": {"angle": 45, "axis": "z", "origin": [7.46466, 8.89395, 13.6]},
			"faces": {
				"north": {"uv": [16, 0, 0, 16], "texture": "#4"},
				"east": {"uv": [16, 0, 0, 16], "texture": "#2"},
				"south": {"uv": [16, 0, 0, 16], "texture": "#2"},
				"west": {"uv": [16, 0, 0, 16], "texture": "#2"},
				"up": {"uv": [16, 0, 0, 16], "texture": "#2"},
				"down": {"uv": [16, 0, 0, 16], "texture": "#2"}
			}
		}
	],
	"display": {
		"thirdperson_righthand": {
			"rotation": [5, -17, 0],
			"translation": [2.75, 1.35, -8.25],
			"scale": [1.01, 1.01, 1.01]
		},
		"thirdperson_lefthand": {
			"rotation": [5, -17, 0],
			"translation": [2, 1.35, -8.5],
			"scale": [1.01, 1.01, 1.01]
		},
		"firstperson_righthand": {
			"rotation": [0, -10, 0],
			"translation": [3.25, 16.15, -1]
		},
		"firstperson_lefthand": {
			"rotation": [0, -9.9, 0],
			"translation": [3.25, 16.15, -1]
		},
		"ground": {
			"rotation": [0, 0, 90],
			"translation": [0, -3, -8.25]
		},
		"gui": {
			"rotation": [90, 45, -90],
			"translation": [-14, 13.5, 0],
			"scale": [1, 2.5, 2.5]
		},
		"fixed": {
			"rotation": [90, 90, -90],
			"translation": [-15.75, 0, -1.75],
			"scale": [2, 2, 2]
		}
	},
	"groups": [0, 1, 2, 3, 4, 5, 6, 7, 8, 9, 10, 11, 12, 13, 14, 15, 16, 17, 18, 19, 20, 21, 22, 23, 24, 25, 26, 27, 28, 29, 30, 31, 32, 33, 34, 35, 36, 37, 38, 39, 40, 41, 42, 43, 44, 45, 46, 47, 48, 49, 50, 51, 52, 53, 54, 55, 56, 57, 58, 59, 60, 61, 62, 63, 64, 65, 66, 67, 68, 69, 70, 71, 72, 73, 74, 75, 76, 77, 78, 79, 80, 81, 82, 83, 84, 85, 86, 87, 88, 89, 90, 91, 92, 93, 94, 95, 96, 97, 98, 99, 100, 101, 102, 103, 104, 105, 106, 107,
		{
			"name": "steyr1895",
			"origin": [8, 8, 8],
			"children": []
		}
	]
}