{
	"credit": "Made with Blockbench",
	"textures": {
		"3": "blocks/greyc",
		"particle": "blocks/brown"
	},
	"elements": [
		{
			"from": [7.6, -0.67929, 8],
			"to": [8.3, 3.07071, 8.15],
			"rotation": {"angle": 0, "axis": "y", "origin": [7.95, 1.24571, 8.075]},
			"faces": {
				"north": {"uv": [16, 0, 0, 16], "texture": "#particle"},
				"east": {"uv": [16, 0, 0, 16], "texture": "#particle"},
				"south": {"uv": [16, 0, 0, 16], "texture": "#particle"},
				"west": {"uv": [16, 0, 0, 16], "texture": "#particle"},
				"up": {"uv": [16, 0, 0, 16], "texture": "#particle"},
				"down": {"uv": [16, 0, 0, 16], "texture": "#particle"}
			}
		},
		{
			"from": [7.5, -0.92929, 8],
			"to": [8.4, -0.67929, 8.15],
			"rotation": {"angle": 0, "axis": "y", "origin": [7.95, -2.50429, 8.075]},
			"faces": {
				"north": {"uv": [16, 0, 0, 16], "texture": "#3"},
				"east": {"uv": [16, 0, 0, 16], "texture": "#3"},
				"south": {"uv": [16, 0, 0, 16], "texture": "#3"},
				"west": {"uv": [16, 0, 0, 16], "texture": "#3"},
				"up": {"uv": [16, 0, 0, 16], "texture": "#3"},
				"down": {"uv": [16, 0, 0, 16], "texture": "#3"}
			}
		},
		{
			"from": [7.5, 2.87071, 8],
			"to": [8.4, 3.12071, 8.15],
			"rotation": {"angle": 0, "axis": "y", "origin": [7.95, 1.29571, 8.075]},
			"faces": {
				"north": {"uv": [16, 0, 0, 16], "texture": "#3"},
				"east": {"uv": [16, 0, 0, 16], "texture": "#3"},
				"south": {"uv": [16, 0, 0, 16], "texture": "#3"},
				"west": {"uv": [16, 0, 0, 16], "texture": "#3"},
				"up": {"uv": [16, 0, 0, 16], "texture": "#3"},
				"down": {"uv": [16, 0, 0, 16], "texture": "#3"}
			}
		},
		{
			"from": [7.6, -0.67929, 8],
			"to": [8.3, 3.07071, 8.15],
			"rotation": {"angle": 22.5, "axis": "y", "origin": [7.95, 1.24571, 8.075]},
			"faces": {
				"north": {"uv": [16, 0, 0, 16], "texture": "#particle"},
				"east": {"uv": [16, 0, 0, 16], "texture": "#particle"},
				"south": {"uv": [16, 0, 0, 16], "texture": "#particle"},
				"west": {"uv": [16, 0, 0, 16], "texture": "#particle"},
				"up": {"uv": [16, 0, 0, 16], "texture": "#particle"},
				"down": {"uv": [16, 0, 0, 16], "texture": "#particle"}
			}
		},
		{
			"from": [7.5, -0.92929, 8],
			"to": [8.4, -0.67929, 8.15],
			"rotation": {"angle": 22.5, "axis": "y", "origin": [7.95, -2.50429, 8.075]},
			"faces": {
				"north": {"uv": [16, 0, 0, 16], "texture": "#3"},
				"east": {"uv": [16, 0, 0, 16], "texture": "#3"},
				"south": {"uv": [16, 0, 0, 16], "texture": "#3"},
				"west": {"uv": [16, 0, 0, 16], "texture": "#3"},
				"up": {"uv": [16, 0, 0, 16], "texture": "#3"},
				"down": {"uv": [16, 0, 0, 16], "texture": "#3"}
			}
		},
		{
			"from": [7.5, 2.87071, 8],
			"to": [8.4, 3.12071, 8.15],
			"rotation": {"angle": 22.5, "axis": "y", "origin": [7.95, 1.29571, 8.075]},
			"faces": {
				"north": {"uv": [16, 0, 0, 16], "texture": "#3"},
				"east": {"uv": [16, 0, 0, 16], "texture": "#3"},
				"south": {"uv": [16, 0, 0, 16], "texture": "#3"},
				"west": {"uv": [16, 0, 0, 16], "texture": "#3"},
				"up": {"uv": [16, 0, 0, 16], "texture": "#3"},
				"down": {"uv": [16, 0, 0, 16], "texture": "#3"}
			}
		},
		{
			"from": [7.6, -0.67929, 8],
			"to": [8.3, 3.07071, 8.15],
			"rotation": {"angle": 45, "axis": "y", "origin": [7.95, 1.24571, 8.075]},
			"faces": {
				"north": {"uv": [16, 0, 0, 16], "texture": "#particle"},
				"east": {"uv": [16, 0, 0, 16], "texture": "#particle"},
				"south": {"uv": [16, 0, 0, 16], "texture": "#particle"},
				"west": {"uv": [16, 0, 0, 16], "texture": "#particle"},
				"up": {"uv": [16, 0, 0, 16], "texture": "#particle"},
				"down": {"uv": [16, 0, 0, 16], "texture": "#particle"}
			}
		},
		{
			"from": [7.5, -0.92929, 8],
			"to": [8.4, -0.67929, 8.15],
			"rotation": {"angle": 45, "axis": "y", "origin": [7.95, -2.50429, 8.075]},
			"faces": {
				"north": {"uv": [16, 0, 0, 16], "texture": "#3"},
				"east": {"uv": [16, 0, 0, 16], "texture": "#3"},
				"south": {"uv": [16, 0, 0, 16], "texture": "#3"},
				"west": {"uv": [16, 0, 0, 16], "texture": "#3"},
				"up": {"uv": [16, 0, 0, 16], "texture": "#3"},
				"down": {"uv": [16, 0, 0, 16], "texture": "#3"}
			}
		},
		{
			"from": [7.5, 2.87071, 8],
			"to": [8.4, 3.12071, 8.15],
			"rotation": {"angle": 45, "axis": "y", "origin": [7.95, 1.29571, 8.075]},
			"faces": {
				"north": {"uv": [16, 0, 0, 16], "texture": "#3"},
				"east": {"uv": [16, 0, 0, 16], "texture": "#3"},
				"south": {"uv": [16, 0, 0, 16], "texture": "#3"},
				"west": {"uv": [16, 0, 0, 16], "texture": "#3"},
				"up": {"uv": [16, 0, 0, 16], "texture": "#3"},
				"down": {"uv": [16, 0, 0, 16], "texture": "#3"}
			}
		},
		{
			"from": [7.875, -0.67929, 7.725],
			"to": [8.025, 3.07071, 8.425],
			"rotation": {"angle": -22.5, "axis": "y", "origin": [7.95, 1.24571, 8.075]},
			"faces": {
				"north": {"uv": [16, 0, 0, 16], "texture": "#particle"},
				"east": {"uv": [16, 0, 0, 16], "texture": "#particle"},
				"south": {"uv": [16, 0, 0, 16], "texture": "#particle"},
				"west": {"uv": [16, 0, 0, 16], "texture": "#particle"},
				"up": {"uv": [16, 0, 0, 16], "texture": "#particle"},
				"down": {"uv": [16, 0, 0, 16], "texture": "#particle"}
			}
		},
		{
			"from": [7.875, -0.92929, 7.625],
			"to": [8.025, -0.67929, 8.525],
			"rotation": {"angle": -22.5, "axis": "y", "origin": [7.95, -2.50429, 8.075]},
			"faces": {
				"north": {"uv": [16, 0, 0, 16], "texture": "#3"},
				"east": {"uv": [16, 0, 0, 16], "texture": "#3"},
				"south": {"uv": [16, 0, 0, 16], "texture": "#3"},
				"west": {"uv": [16, 0, 0, 16], "texture": "#3"},
				"up": {"uv": [16, 0, 0, 16], "texture": "#3"},
				"down": {"uv": [16, 0, 0, 16], "texture": "#3"}
			}
		},
		{
			"from": [7.875, 2.87071, 7.625],
			"to": [8.025, 3.12071, 8.525],
			"rotation": {"angle": -22.5, "axis": "y", "origin": [7.95, 1.29571, 8.075]},
			"faces": {
				"north": {"uv": [16, 0, 0, 16], "texture": "#3"},
				"east": {"uv": [16, 0, 0, 16], "texture": "#3"},
				"south": {"uv": [16, 0, 0, 16], "texture": "#3"},
				"west": {"uv": [16, 0, 0, 16], "texture": "#3"},
				"up": {"uv": [16, 0, 0, 16], "texture": "#3"},
				"down": {"uv": [16, 0, 0, 16], "texture": "#3"}
			}
		},
		{
			"from": [7.875, -0.67929, 7.725],
			"to": [8.025, 3.07071, 8.425],
			"rotation": {"angle": 0, "axis": "y", "origin": [7.95, 1.24571, 8.075]},
			"faces": {
				"north": {"uv": [16, 0, 0, 16], "texture": "#particle"},
				"east": {"uv": [16, 0, 0, 16], "texture": "#particle"},
				"south": {"uv": [16, 0, 0, 16], "texture": "#particle"},
				"west": {"uv": [16, 0, 0, 16], "texture": "#particle"},
				"up": {"uv": [16, 0, 0, 16], "texture": "#particle"},
				"down": {"uv": [16, 0, 0, 16], "texture": "#particle"}
			}
		},
		{
			"from": [7.875, -0.92929, 7.625],
			"to": [8.025, -0.67929, 8.525],
			"rotation": {"angle": 0, "axis": "y", "origin": [7.95, -2.50429, 8.075]},
			"faces": {
				"north": {"uv": [16, 0, 0, 16], "texture": "#3"},
				"east": {"uv": [16, 0, 0, 16], "texture": "#3"},
				"south": {"uv": [16, 0, 0, 16], "texture": "#3"},
				"west": {"uv": [16, 0, 0, 16], "texture": "#3"},
				"up": {"uv": [16, 0, 0, 16], "texture": "#3"},
				"down": {"uv": [16, 0, 0, 16], "texture": "#3"}
			}
		},
		{
			"from": [7.875, 2.87071, 7.625],
			"to": [8.025, 3.12071, 8.525],
			"rotation": {"angle": 0, "axis": "y", "origin": [7.95, 1.29571, 8.075]},
			"faces": {
				"north": {"uv": [16, 0, 0, 16], "texture": "#3"},
				"east": {"uv": [16, 0, 0, 16], "texture": "#3"},
				"south": {"uv": [16, 0, 0, 16], "texture": "#3"},
				"west": {"uv": [16, 0, 0, 16], "texture": "#3"},
				"up": {"uv": [16, 0, 0, 16], "texture": "#3"},
				"down": {"uv": [16, 0, 0, 16], "texture": "#3"}
			}
		},
		{
			"from": [7.875, -0.67929, 7.725],
			"to": [8.025, 3.07071, 8.425],
			"rotation": {"angle": 22.5, "axis": "y", "origin": [7.95, 1.24571, 8.075]},
			"faces": {
				"north": {"uv": [16, 0, 0, 16], "texture": "#particle"},
				"east": {"uv": [16, 0, 0, 16], "texture": "#particle"},
				"south": {"uv": [16, 0, 0, 16], "texture": "#particle"},
				"west": {"uv": [16, 0, 0, 16], "texture": "#particle"},
				"up": {"uv": [16, 0, 0, 16], "texture": "#particle"},
				"down": {"uv": [16, 0, 0, 16], "texture": "#particle"}
			}
		},
		{
			"from": [7.875, -0.92929, 7.625],
			"to": [8.025, -0.67929, 8.525],
			"rotation": {"angle": 22.5, "axis": "y", "origin": [7.95, -2.50429, 8.075]},
			"faces": {
				"north": {"uv": [16, 0, 0, 16], "texture": "#3"},
				"east": {"uv": [16, 0, 0, 16], "texture": "#3"},
				"south": {"uv": [16, 0, 0, 16], "texture": "#3"},
				"west": {"uv": [16, 0, 0, 16], "texture": "#3"},
				"up": {"uv": [16, 0, 0, 16], "texture": "#3"},
				"down": {"uv": [16, 0, 0, 16], "texture": "#3"}
			}
		},
		{
			"from": [7.875, 2.87071, 7.625],
			"to": [8.025, 3.12071, 8.525],
			"rotation": {"angle": 22.5, "axis": "y", "origin": [7.95, 1.29571, 8.075]},
			"faces": {
				"north": {"uv": [16, 0, 0, 16], "texture": "#3"},
				"east": {"uv": [16, 0, 0, 16], "texture": "#3"},
				"south": {"uv": [16, 0, 0, 16], "texture": "#3"},
				"west": {"uv": [16, 0, 0, 16], "texture": "#3"},
				"up": {"uv": [16, 0, 0, 16], "texture": "#3"},
				"down": {"uv": [16, 0, 0, 16], "texture": "#3"}
			}
		},
		{
			"from": [7.875, -0.67929, 7.725],
			"to": [8.025, 3.07071, 8.425],
			"rotation": {"angle": 45, "axis": "y", "origin": [7.95, 1.24571, 8.075]},
			"faces": {
				"north": {"uv": [16, 0, 0, 16], "texture": "#particle"},
				"east": {"uv": [16, 0, 0, 16], "texture": "#particle"},
				"south": {"uv": [16, 0, 0, 16], "texture": "#particle"},
				"west": {"uv": [16, 0, 0, 16], "texture": "#particle"},
				"up": {"uv": [16, 0, 0, 16], "texture": "#particle"},
				"down": {"uv": [16, 0, 0, 16], "texture": "#particle"}
			}
		},
		{
			"from": [7.875, -0.92929, 7.625],
			"to": [8.025, -0.67929, 8.525],
			"rotation": {"angle": 45, "axis": "y", "origin": [7.95, -2.50429, 8.075]},
			"faces": {
				"north": {"uv": [16, 0, 0, 16], "texture": "#3"},
				"east": {"uv": [16, 0, 0, 16], "texture": "#3"},
				"south": {"uv": [16, 0, 0, 16], "texture": "#3"},
				"west": {"uv": [16, 0, 0, 16], "texture": "#3"},
				"up": {"uv": [16, 0, 0, 16], "texture": "#3"},
				"down": {"uv": [16, 0, 0, 16], "texture": "#3"}
			}
		},
		{
			"from": [7.875, 2.87071, 7.625],
			"to": [8.025, 3.12071, 8.525],
			"rotation": {"angle": 45, "axis": "y", "origin": [7.95, 1.29571, 8.075]},
			"faces": {
				"north": {"uv": [16, 0, 0, 16], "texture": "#3"},
				"east": {"uv": [16, 0, 0, 16], "texture": "#3"},
				"south": {"uv": [16, 0, 0, 16], "texture": "#3"},
				"west": {"uv": [16, 0, 0, 16], "texture": "#3"},
				"up": {"uv": [16, 0, 0, 16], "texture": "#3"},
				"down": {"uv": [16, 0, 0, 16], "texture": "#3"}
			}
		},
		{
			"from": [7.6, -0.67929, 8],
			"to": [8.3, 3.07071, 8.15],
			"rotation": {"angle": -22.5, "axis": "y", "origin": [7.95, 1.24571, 8.075]},
			"faces": {
				"north": {"uv": [16, 0, 0, 16], "texture": "#particle"},
				"east": {"uv": [16, 0, 0, 16], "texture": "#particle"},
				"south": {"uv": [16, 0, 0, 16], "texture": "#particle"},
				"west": {"uv": [16, 0, 0, 16], "texture": "#particle"},
				"up": {"uv": [16, 0, 0, 16], "texture": "#particle"},
				"down": {"uv": [16, 0, 0, 16], "texture": "#particle"}
			}
		},
		{
			"from": [7.5, -0.92929, 8],
			"to": [8.4, -0.67929, 8.15],
			"rotation": {"angle": -22.5, "axis": "y", "origin": [7.95, -2.50429, 8.075]},
			"faces": {
				"north": {"uv": [16, 0, 0, 16], "texture": "#3"},
				"east": {"uv": [16, 0, 0, 16], "texture": "#3"},
				"south": {"uv": [16, 0, 0, 16], "texture": "#3"},
				"west": {"uv": [16, 0, 0, 16], "texture": "#3"},
				"up": {"uv": [16, 0, 0, 16], "texture": "#3"},
				"down": {"uv": [16, 0, 0, 16], "texture": "#3"}
			}
		},
		{
			"from": [7.5, 2.87071, 8],
			"to": [8.4, 3.12071, 8.15],
			"rotation": {"angle": -22.5, "axis": "y", "origin": [7.95, 1.29571, 8.075]},
			"faces": {
				"north": {"uv": [16, 0, 0, 16], "texture": "#3"},
				"east": {"uv": [16, 0, 0, 16], "texture": "#3"},
				"south": {"uv": [16, 0, 0, 16], "texture": "#3"},
				"west": {"uv": [16, 0, 0, 16], "texture": "#3"},
				"up": {"uv": [16, 0, 0, 16], "texture": "#3"},
				"down": {"uv": [16, 0, 0, 16], "texture": "#3"}
			}
		},
		{
			"from": [7.813, 3.07071, 7.325],
			"to": [8.113, 4.92071, 8.825],
			"rotation": {"angle": 0, "axis": "y", "origin": [8, 2.99571, 8.075]},
			"faces": {
				"north": {"uv": [16, 0, 0, 16], "rotation": 90, "texture": "#3"},
				"east": {"uv": [16, 0, 0, 16], "rotation": 90, "texture": "#3"},
				"south": {"uv": [16, 0, 0, 16], "rotation": 90, "texture": "#3"},
				"west": {"uv": [16, 0, 0, 16], "rotation": 90, "texture": "#3"},
				"up": {"uv": [16, 0, 0, 16], "rotation": 90, "texture": "#3"},
				"down": {"uv": [16, 0, 0, 16], "rotation": 90, "texture": "#3"}
			}
		},
		{
			"from": [7.813, 3.07071, 7.325],
			"to": [8.113, 4.92071, 8.825],
			"rotation": {"angle": 22.5, "axis": "y", "origin": [7.963, 2.94571, 8.075]},
			"faces": {
				"north": {"uv": [16, 0, 0, 16], "rotation": 90, "texture": "#3"},
				"east": {"uv": [16, 0, 0, 16], "rotation": 90, "texture": "#3"},
				"south": {"uv": [16, 0, 0, 16], "rotation": 90, "texture": "#3"},
				"west": {"uv": [16, 0, 0, 16], "rotation": 90, "texture": "#3"},
				"up": {"uv": [16, 0, 0, 16], "rotation": 90, "texture": "#3"},
				"down": {"uv": [16, 0, 0, 16], "rotation": 90, "texture": "#3"}
			}
		},
		{
			"from": [7.813, 3.07071, 7.325],
			"to": [8.113, 4.92071, 8.825],
			"rotation": {"angle": 45, "axis": "y", "origin": [7.963, 2.94571, 8.075]},
			"faces": {
				"north": {"uv": [16, 0, 0, 16], "rotation": 90, "texture": "#3"},
				"east": {"uv": [16, 0, 0, 16], "rotation": 90, "texture": "#3"},
				"south": {"uv": [16, 0, 0, 16], "rotation": 90, "texture": "#3"},
				"west": {"uv": [16, 0, 0, 16], "rotation": 90, "texture": "#3"},
				"up": {"uv": [16, 0, 0, 16], "rotation": 90, "texture": "#3"},
				"down": {"uv": [16, 0, 0, 16], "rotation": 90, "texture": "#3"}
			}
		},
		{
			"from": [7.213, 3.07071, 7.925],
			"to": [8.713, 4.92071, 8.225],
			"rotation": {"angle": -22.5, "axis": "y", "origin": [7.963, 2.94571, 8.075]},
			"faces": {
				"north": {"uv": [16, 0, 0, 16], "texture": "#3"},
				"east": {"uv": [16, 0, 0, 16], "texture": "#3"},
				"south": {"uv": [16, 0, 0, 16], "texture": "#3"},
				"west": {"uv": [16, 0, 0, 16], "texture": "#3"},
				"up": {"uv": [16, 0, 0, 16], "texture": "#3"},
				"down": {"uv": [16, 0, 0, 16], "texture": "#3"}
			}
		},
		{
			"from": [7.213, 3.07071, 7.925],
			"to": [8.713, 4.92071, 8.225],
			"rotation": {"angle": 0, "axis": "y", "origin": [7.963, 2.94571, 8.075]},
			"faces": {
				"north": {"uv": [16, 0, 0, 16], "texture": "#3"},
				"east": {"uv": [16, 0, 0, 16], "texture": "#3"},
				"south": {"uv": [16, 0, 0, 16], "texture": "#3"},
				"west": {"uv": [16, 0, 0, 16], "texture": "#3"},
				"up": {"uv": [16, 0, 0, 16], "texture": "#3"},
				"down": {"uv": [16, 0, 0, 16], "texture": "#3"}
			}
		},
		{
			"from": [7.213, 3.07071, 7.925],
			"to": [8.713, 4.92071, 8.225],
			"rotation": {"angle": 22.5, "axis": "y", "origin": [7.963, 2.94571, 8.075]},
			"faces": {
				"north": {"uv": [16, 0, 0, 16], "texture": "#3"},
				"east": {"uv": [16, 0, 0, 16], "texture": "#3"},
				"south": {"uv": [16, 0, 0, 16], "texture": "#3"},
				"west": {"uv": [16, 0, 0, 16], "texture": "#3"},
				"up": {"uv": [16, 0, 0, 16], "texture": "#3"},
				"down": {"uv": [16, 0, 0, 16], "texture": "#3"}
			}
		},
		{
			"from": [7.213, 3.07071, 7.925],
			"to": [8.713, 4.92071, 8.225],
			"rotation": {"angle": 45, "axis": "y", "origin": [7.963, 2.94571, 8.075]},
			"faces": {
				"north": {"uv": [16, 0, 0, 16], "texture": "#3"},
				"east": {"uv": [16, 0, 0, 16], "texture": "#3"},
				"south": {"uv": [16, 0, 0, 16], "texture": "#3"},
				"west": {"uv": [16, 0, 0, 16], "texture": "#3"},
				"up": {"uv": [16, 0, 0, 16], "texture": "#3"},
				"down": {"uv": [16, 0, 0, 16], "texture": "#3"}
			}
		},
		{
			"from": [7.813, 3.07071, 7.325],
			"to": [8.113, 4.92071, 8.825],
			"rotation": {"angle": -22.5, "axis": "y", "origin": [7.963, 2.94571, 8.075]},
			"faces": {
				"north": {"uv": [16, 0, 0, 16], "rotation": 270, "texture": "#3"},
				"east": {"uv": [16, 0, 0, 16], "rotation": 270, "texture": "#3"},
				"south": {"uv": [16, 0, 0, 16], "rotation": 270, "texture": "#3"},
				"west": {"uv": [16, 0, 0, 16], "rotation": 270, "texture": "#3"},
				"up": {"uv": [16, 0, 0, 16], "rotation": 270, "texture": "#3"},
				"down": {"uv": [16, 0, 0, 16], "rotation": 270, "texture": "#3"}
			}
		}
	],
	"display": {
		"thirdperson_righthand": {
			"translation": [0, 10.75, -0.25],
			"scale": [1.5, 1.5, 1.5]
		},
		"thirdperson_lefthand": {
			"translation": [0, 10.75, -0.25],
			"scale": [1.5, 1.5, 1.5]
		},
		"firstperson_righthand": {
			"translation": [0, 14, 0],
			"scale": [2, 2, 2]
		},
		"firstperson_lefthand": {
			"translation": [0, 14, 0],
			"scale": [2, 2, 2]
		},
		"ground": {
			"translation": [0, 9.75, 0],
			"scale": [1.5, 1.5, 1.5]
		},
		"gui": {
			"rotation": [0, 90, 0],
			"translation": [0.25, 13, 0],
			"scale": [2, 2, 2]
		},
		"fixed": {
			"rotation": [90, 90, -90],
			"translation": [-0.5, 8.5, -1.75],
			"scale": [1.5, 1.5, 1.5]
		}
	}
}