{
	"credit": "Made with Blockbench",
	"textures": {
		"1": "blocks/greyf",
		"2": "blocks/greyd",
		"3": "blocks/greyc",
		"6": "blocks/brass",
		"particle": "blocks/brown"
	},
	"elements": [
		{
			"from": [7.6, 0.32071, 8],
			"to": [8.3, 2.07071, 8.15],
			"rotation": {"angle": 0, "axis": "y", "origin": [7.95, 1.24571, 8.075]},
			"faces": {
				"north": {"uv": [16, 0, 0, 16], "texture": "#1"},
				"east": {"uv": [16, 0, 0, 16], "texture": "#1"},
				"south": {"uv": [16, 0, 0, 16], "texture": "#1"},
				"west": {"uv": [16, 0, 0, 16], "texture": "#1"},
				"up": {"uv": [16, 0, 0, 16], "texture": "#1"},
				"down": {"uv": [16, 0, 0, 16], "texture": "#1"}
			}
		},
		{
			"from": [7.6, 0.32071, 8],
			"to": [8.3, 2.07071, 8.15],
			"rotation": {"angle": 22.5, "axis": "y", "origin": [7.95, 1.24571, 8.075]},
			"faces": {
				"north": {"uv": [16, 0, 0, 16], "texture": "#1"},
				"east": {"uv": [16, 0, 0, 16], "texture": "#1"},
				"south": {"uv": [16, 0, 0, 16], "texture": "#1"},
				"west": {"uv": [16, 0, 0, 16], "texture": "#1"},
				"up": {"uv": [16, 0, 0, 16], "texture": "#1"},
				"down": {"uv": [16, 0, 0, 16], "texture": "#1"}
			}
		},
		{
			"from": [7.6, 0.32071, 8],
			"to": [8.3, 2.07071, 8.15],
			"rotation": {"angle": 45, "axis": "y", "origin": [7.95, 1.24571, 8.075]},
			"faces": {
				"north": {"uv": [16, 0, 0, 16], "texture": "#1"},
				"east": {"uv": [16, 0, 0, 16], "texture": "#1"},
				"south": {"uv": [16, 0, 0, 16], "texture": "#1"},
				"west": {"uv": [16, 0, 0, 16], "texture": "#1"},
				"up": {"uv": [16, 0, 0, 16], "texture": "#1"},
				"down": {"uv": [16, 0, 0, 16], "texture": "#1"}
			}
		},
		{
			"from": [7.875, 0.32071, 7.725],
			"to": [8.025, 2.07071, 8.425],
			"rotation": {"angle": -22.5, "axis": "y", "origin": [7.95, 1.24571, 8.075]},
			"faces": {
				"north": {"uv": [16, 0, 0, 16], "texture": "#1"},
				"east": {"uv": [16, 0, 0, 16], "texture": "#1"},
				"south": {"uv": [16, 0, 0, 16], "texture": "#1"},
				"west": {"uv": [16, 0, 0, 16], "texture": "#1"},
				"up": {"uv": [16, 0, 0, 16], "texture": "#1"},
				"down": {"uv": [16, 0, 0, 16], "texture": "#1"}
			}
		},
		{
			"from": [7.875, 0.32071, 7.725],
			"to": [8.025, 2.07071, 8.425],
			"rotation": {"angle": 0, "axis": "y", "origin": [7.95, 1.24571, 8.075]},
			"faces": {
				"north": {"uv": [16, 0, 0, 16], "texture": "#1"},
				"east": {"uv": [16, 0, 0, 16], "texture": "#1"},
				"south": {"uv": [16, 0, 0, 16], "texture": "#1"},
				"west": {"uv": [16, 0, 0, 16], "texture": "#1"},
				"up": {"uv": [16, 0, 0, 16], "texture": "#1"},
				"down": {"uv": [16, 0, 0, 16], "texture": "#1"}
			}
		},
		{
			"from": [7.875, 0.32071, 7.725],
			"to": [8.025, 2.07071, 8.425],
			"rotation": {"angle": 22.5, "axis": "y", "origin": [7.95, 1.24571, 8.075]},
			"faces": {
				"north": {"uv": [16, 0, 0, 16], "texture": "#1"},
				"east": {"uv": [16, 0, 0, 16], "texture": "#1"},
				"south": {"uv": [16, 0, 0, 16], "texture": "#1"},
				"west": {"uv": [16, 0, 0, 16], "texture": "#1"},
				"up": {"uv": [16, 0, 0, 16], "texture": "#1"},
				"down": {"uv": [16, 0, 0, 16], "texture": "#1"}
			}
		},
		{
			"from": [7.875, 0.32071, 7.725],
			"to": [8.025, 2.07071, 8.425],
			"rotation": {"angle": 45, "axis": "y", "origin": [7.95, 1.24571, 8.075]},
			"faces": {
				"north": {"uv": [16, 0, 0, 16], "texture": "#1"},
				"east": {"uv": [16, 0, 0, 16], "texture": "#1"},
				"south": {"uv": [16, 0, 0, 16], "texture": "#1"},
				"west": {"uv": [16, 0, 0, 16], "texture": "#1"},
				"up": {"uv": [16, 0, 0, 16], "texture": "#1"},
				"down": {"uv": [16, 0, 0, 16], "texture": "#1"}
			}
		},
		{
			"from": [7.6, 0.32071, 8],
			"to": [8.3, 2.07071, 8.15],
			"rotation": {"angle": -22.5, "axis": "y", "origin": [7.95, 1.24571, 8.075]},
			"faces": {
				"north": {"uv": [16, 0, 0, 16], "texture": "#1"},
				"east": {"uv": [16, 0, 0, 16], "texture": "#1"},
				"south": {"uv": [16, 0, 0, 16], "texture": "#1"},
				"west": {"uv": [16, 0, 0, 16], "texture": "#1"},
				"up": {"uv": [16, 0, 0, 16], "texture": "#1"},
				"down": {"uv": [16, 0, 0, 16], "texture": "#1"}
			}
		},
		{
			"from": [7.813, 2.07071, 7.325],
			"to": [8.113, 4.22071, 8.825],
			"rotation": {"angle": 0, "axis": "y", "origin": [8, 2.99571, 8.075]},
			"faces": {
				"north": {"uv": [16, 0, 0, 16], "rotation": 90, "texture": "#6"},
				"east": {"uv": [16, 0, 0, 16], "rotation": 90, "texture": "#6"},
				"south": {"uv": [16, 0, 0, 16], "rotation": 90, "texture": "#6"},
				"west": {"uv": [16, 0, 0, 16], "rotation": 90, "texture": "#6"},
				"up": {"uv": [16, 0, 0, 16], "rotation": 90, "texture": "#6"},
				"down": {"uv": [16, 0, 0, 16], "rotation": 90, "texture": "#6"}
			}
		},
		{
			"from": [7.913, 4.32071, 8.025],
			"to": [8.013, 4.47071, 9.125],
			"rotation": {"angle": 0, "axis": "y", "origin": [8, 5.14571, 8.075]},
			"faces": {
				"north": {"uv": [16, 0, 0, 16], "texture": "#2"},
				"east": {"uv": [16, 0, 0, 16], "texture": "#2"},
				"south": {"uv": [16, 0, 0, 16], "texture": "#2"},
				"west": {"uv": [16, 0, 0, 16], "texture": "#2"},
				"up": {"uv": [16, 0, 0, 16], "texture": "#2"},
				"down": {"uv": [16, 0, 0, 16], "texture": "#2"}
			}
		},
		{
			"from": [7.913, 4.22071, 8.025],
			"to": [8.013, 4.37071, 8.125],
			"rotation": {"angle": 0, "axis": "y", "origin": [8, 5.04571, 8.075]},
			"faces": {
				"north": {"uv": [16, 0, 0, 16], "texture": "#2"},
				"east": {"uv": [16, 0, 0, 16], "texture": "#2"},
				"south": {"uv": [16, 0, 0, 16], "texture": "#2"},
				"west": {"uv": [16, 0, 0, 16], "texture": "#2"},
				"up": {"uv": [16, 0, 0, 16], "texture": "#2"},
				"down": {"uv": [16, 0, 0, 16], "texture": "#2"}
			}
		},
		{
			"from": [7.963, 4.32071, 7.825],
			"to": [8.013, 4.57071, 8.025],
			"rotation": {"angle": 0, "axis": "y", "origin": [8, 5.04571, 7.975]},
			"faces": {
				"north": {"uv": [16, 0, 0, 16], "texture": "#3"},
				"east": {"uv": [16, 0, 0, 16], "texture": "#3"},
				"south": {"uv": [16, 0, 0, 16], "texture": "#3"},
				"west": {"uv": [16, 0, 0, 16], "texture": "#3"},
				"up": {"uv": [16, 0, 0, 16], "texture": "#3"},
				"down": {"uv": [16, 0, 0, 16], "texture": "#3"}
			}
		},
		{
			"from": [7.913, 2.07071, 8.925],
			"to": [8.013, 4.32071, 9.125],
			"rotation": {"angle": 0, "axis": "y", "origin": [8, 5.14571, 8.975]},
			"faces": {
				"north": {"uv": [16, 0, 0, 16], "texture": "#2"},
				"east": {"uv": [16, 0, 0, 16], "texture": "#2"},
				"south": {"uv": [16, 0, 0, 16], "texture": "#2"},
				"west": {"uv": [16, 0, 0, 16], "texture": "#2"},
				"up": {"uv": [16, 0, 0, 16], "texture": "#2"},
				"down": {"uv": [16, 0, 0, 16], "texture": "#2"}
			}
		},
		{
			"from": [7.913, 0.32071, 8.425],
			"to": [8.013, 2.07071, 8.625],
			"rotation": {"angle": 0, "axis": "y", "origin": [8, 2.89571, 8.475]},
			"faces": {
				"north": {"uv": [16, 0, 0, 16], "texture": "#2"},
				"east": {"uv": [16, 0, 0, 16], "texture": "#2"},
				"south": {"uv": [16, 0, 0, 16], "texture": "#2"},
				"west": {"uv": [16, 0, 0, 16], "texture": "#2"},
				"up": {"uv": [16, 0, 0, 16], "texture": "#2"},
				"down": {"uv": [16, 0, 0, 16], "texture": "#2"}
			}
		},
		{
			"from": [7.913, 0.42071, 8.625],
			"to": [8.013, 1.37071, 8.725],
			"rotation": {"angle": 0, "axis": "y", "origin": [8, 2.89571, 8.675]},
			"faces": {
				"north": {"uv": [16, 0, 0, 16], "texture": "#2"},
				"east": {"uv": [16, 0, 0, 16], "texture": "#2"},
				"south": {"uv": [16, 0, 0, 16], "texture": "#2"},
				"west": {"uv": [16, 0, 0, 16], "texture": "#2"},
				"up": {"uv": [16, 0, 0, 16], "texture": "#2"},
				"down": {"uv": [16, 0, 0, 16], "texture": "#2"}
			}
		},
		{
			"from": [7.913, 0.52071, 8.725],
			"to": [8.013, 1.07071, 8.825],
			"rotation": {"angle": 0, "axis": "y", "origin": [8, 2.89571, 8.775]},
			"faces": {
				"north": {"uv": [16, 0, 0, 16], "texture": "#2"},
				"east": {"uv": [16, 0, 0, 16], "texture": "#2"},
				"south": {"uv": [16, 0, 0, 16], "texture": "#2"},
				"west": {"uv": [16, 0, 0, 16], "texture": "#2"},
				"up": {"uv": [16, 0, 0, 16], "texture": "#2"},
				"down": {"uv": [16, 0, 0, 16], "texture": "#2"}
			}
		},
		{
			"from": [7.813, 2.07071, 8.825],
			"to": [8.113, 4.22071, 8.925],
			"rotation": {"angle": 0, "axis": "y", "origin": [8, 5.14571, 8.875]},
			"faces": {
				"north": {"uv": [16, 0, 0, 16], "texture": "#3"},
				"east": {"uv": [16, 0, 0, 16], "texture": "#3"},
				"south": {"uv": [16, 0, 0, 16], "texture": "#3"},
				"west": {"uv": [16, 0, 0, 16], "texture": "#3"},
				"up": {"uv": [16, 0, 0, 16], "texture": "#3"},
				"down": {"uv": [16, 0, 0, 16], "texture": "#3"}
			}
		},
		{
			"from": [7.513, 3.07071, 8.825],
			"to": [8.013, 3.22071, 8.875],
			"rotation": {"angle": 0, "axis": "y", "origin": [8, 5.14571, 8.975]},
			"faces": {
				"north": {"uv": [16, 0, 0, 16], "texture": "#2"},
				"east": {"uv": [16, 0, 0, 16], "texture": "#2"},
				"south": {"uv": [16, 0, 0, 16], "texture": "#2"},
				"west": {"uv": [16, 0, 0, 16], "texture": "#2"},
				"up": {"uv": [16, 0, 0, 16], "texture": "#2"},
				"down": {"uv": [16, 0, 0, 16], "texture": "#2"}
			}
		},
		{
			"from": [7.313, 3.07071, 8.825],
			"to": [7.363, 3.22071, 8.875],
			"rotation": {"angle": 0, "axis": "y", "origin": [7.8, 5.14571, 8.975]},
			"faces": {
				"north": {"uv": [16, 0, 0, 16], "texture": "#2"},
				"east": {"uv": [16, 0, 0, 16], "texture": "#2"},
				"south": {"uv": [16, 0, 0, 16], "texture": "#2"},
				"west": {"uv": [16, 0, 0, 16], "texture": "#2"},
				"up": {"uv": [16, 0, 0, 16], "texture": "#2"},
				"down": {"uv": [16, 0, 0, 16], "texture": "#2"}
			}
		},
		{
			"from": [7.363, 3.02071, 8.825],
			"to": [7.513, 3.07071, 8.875],
			"rotation": {"angle": 0, "axis": "y", "origin": [7.5, 5.14571, 8.975]},
			"faces": {
				"north": {"uv": [16, 0, 0, 16], "texture": "#2"},
				"east": {"uv": [16, 0, 0, 16], "texture": "#2"},
				"south": {"uv": [16, 0, 0, 16], "texture": "#2"},
				"west": {"uv": [16, 0, 0, 16], "texture": "#2"},
				"up": {"uv": [16, 0, 0, 16], "texture": "#2"},
				"down": {"uv": [16, 0, 0, 16], "texture": "#2"}
			}
		},
		{
			"from": [7.363, 3.22071, 8.825],
			"to": [7.513, 3.27071, 8.875],
			"rotation": {"angle": 0, "axis": "y", "origin": [7.5, 5.34571, 8.975]},
			"faces": {
				"north": {"uv": [16, 0, 0, 16], "texture": "#2"},
				"east": {"uv": [16, 0, 0, 16], "texture": "#2"},
				"south": {"uv": [16, 0, 0, 16], "texture": "#2"},
				"west": {"uv": [16, 0, 0, 16], "texture": "#2"},
				"up": {"uv": [16, 0, 0, 16], "texture": "#2"},
				"down": {"uv": [16, 0, 0, 16], "texture": "#2"}
			}
		},
		{
			"from": [7.813, 2.07071, 7.325],
			"to": [8.113, 4.22071, 8.825],
			"rotation": {"angle": 22.5, "axis": "y", "origin": [7.963, 2.94571, 8.075]},
			"faces": {
				"north": {"uv": [16, 0, 0, 16], "rotation": 90, "texture": "#6"},
				"east": {"uv": [16, 0, 0, 16], "rotation": 90, "texture": "#6"},
				"south": {"uv": [16, 0, 0, 16], "rotation": 90, "texture": "#6"},
				"west": {"uv": [16, 0, 0, 16], "rotation": 90, "texture": "#6"},
				"up": {"uv": [16, 0, 0, 16], "rotation": 90, "texture": "#6"},
				"down": {"uv": [16, 0, 0, 16], "rotation": 90, "texture": "#6"}
			}
		},
		{
			"from": [7.813, 2.07071, 7.325],
			"to": [8.113, 4.22071, 8.825],
			"rotation": {"angle": 45, "axis": "y", "origin": [7.963, 2.94571, 8.075]},
			"faces": {
				"north": {"uv": [16, 0, 0, 16], "rotation": 90, "texture": "#6"},
				"east": {"uv": [16, 0, 0, 16], "rotation": 90, "texture": "#6"},
				"south": {"uv": [16, 0, 0, 16], "rotation": 90, "texture": "#6"},
				"west": {"uv": [16, 0, 0, 16], "rotation": 90, "texture": "#6"},
				"up": {"uv": [16, 0, 0, 16], "rotation": 90, "texture": "#6"},
				"down": {"uv": [16, 0, 0, 16], "rotation": 90, "texture": "#6"}
			}
		},
		{
			"from": [7.213, 2.07071, 7.925],
			"to": [8.713, 4.22071, 8.225],
			"rotation": {"angle": -22.5, "axis": "y", "origin": [7.963, 2.94571, 8.075]},
			"faces": {
				"north": {"uv": [16, 0, 0, 16], "texture": "#6"},
				"east": {"uv": [16, 0, 0, 16], "texture": "#6"},
				"south": {"uv": [16, 0, 0, 16], "texture": "#6"},
				"west": {"uv": [16, 0, 0, 16], "texture": "#6"},
				"up": {"uv": [16, 0, 0, 16], "texture": "#6"},
				"down": {"uv": [16, 0, 0, 16], "texture": "#6"}
			}
		},
		{
			"from": [7.213, 2.07071, 7.925],
			"to": [8.713, 4.22071, 8.225],
			"rotation": {"angle": 0, "axis": "y", "origin": [7.963, 2.94571, 8.075]},
			"faces": {
				"north": {"uv": [16, 0, 0, 16], "texture": "#6"},
				"east": {"uv": [16, 0, 0, 16], "texture": "#6"},
				"south": {"uv": [16, 0, 0, 16], "texture": "#6"},
				"west": {"uv": [16, 0, 0, 16], "texture": "#6"},
				"up": {"uv": [16, 0, 0, 16], "texture": "#6"},
				"down": {"uv": [16, 0, 0, 16], "texture": "#6"}
			}
		},
		{
			"from": [7.213, 2.07071, 7.925],
			"to": [8.713, 4.22071, 8.225],
			"rotation": {"angle": 22.5, "axis": "y", "origin": [7.963, 2.94571, 8.075]},
			"faces": {
				"north": {"uv": [16, 0, 0, 16], "texture": "#6"},
				"east": {"uv": [16, 0, 0, 16], "texture": "#6"},
				"south": {"uv": [16, 0, 0, 16], "texture": "#6"},
				"west": {"uv": [16, 0, 0, 16], "texture": "#6"},
				"up": {"uv": [16, 0, 0, 16], "texture": "#6"},
				"down": {"uv": [16, 0, 0, 16], "texture": "#6"}
			}
		},
		{
			"from": [7.213, 2.07071, 7.925],
			"to": [8.713, 4.22071, 8.225],
			"rotation": {"angle": 45, "axis": "y", "origin": [7.963, 2.94571, 8.075]},
			"faces": {
				"north": {"uv": [16, 0, 0, 16], "texture": "#6"},
				"east": {"uv": [16, 0, 0, 16], "texture": "#6"},
				"south": {"uv": [16, 0, 0, 16], "texture": "#6"},
				"west": {"uv": [16, 0, 0, 16], "texture": "#6"},
				"up": {"uv": [16, 0, 0, 16], "texture": "#6"},
				"down": {"uv": [16, 0, 0, 16], "texture": "#6"}
			}
		},
		{
			"from": [7.813, 2.07071, 7.325],
			"to": [8.113, 4.22071, 8.825],
			"rotation": {"angle": -22.5, "axis": "y", "origin": [7.963, 2.94571, 8.075]},
			"faces": {
				"north": {"uv": [16, 0, 0, 16], "rotation": 270, "texture": "#6"},
				"east": {"uv": [16, 0, 0, 16], "rotation": 270, "texture": "#6"},
				"south": {"uv": [16, 0, 0, 16], "rotation": 270, "texture": "#6"},
				"west": {"uv": [16, 0, 0, 16], "rotation": 270, "texture": "#6"},
				"up": {"uv": [16, 0, 0, 16], "rotation": 270, "texture": "#6"},
				"down": {"uv": [16, 0, 0, 16], "rotation": 270, "texture": "#6"}
			}
		}
	],
	"display": {
		"thirdperson_righthand": {
			"translation": [0, 13, -0.25],
			"scale": [2, 2, 2]
		},
		"thirdperson_lefthand": {
			"translation": [0, 12, -0.25],
			"scale": [2, 2, 2]
		},
		"firstperson_righthand": {
			"translation": [0, 14, 0],
			"scale": [2, 2, 2]
		},
		"firstperson_lefthand": {
			"translation": [0, 14, 0],
			"scale": [2, 2, 2]
		},
		"ground": {
			"translation": [0, 12, 0],
			"scale": [2, 2, 2]
		},
		"gui": {
			"rotation": [0, 90, 0],
			"translation": [0.25, 23, 0],
			"scale": [4, 4, 4]
		},
		"fixed": {
			"rotation": [90, 90, -90],
			"translation": [-0.5, 13, -1.75],
			"scale": [2, 2, 2]
		}
	}
}